filename,category,label,material_hardness,transparency,surface_smoothness,estimated_weight,organic_content,color_uniformity
cardboard/cardboard_0001.jpg,cardboard,Recyclable,0.22483570765056166,0.04585207096486446,0.3453381976670485,0.2761514928204013,0.04297539875829992,0.5812690434440655
cardboard/cardboard_0002.jpg,cardboard,Recyclable,0.2789606407753696,0.07302304187458726,0.26713679298455334,0.22712800217929824,0.036097469215626135,0.5627416197143794
cardboard/cardboard_0003.jpg,cardboard,Recyclable,0.21209811357830172,0.0,0.1792557517240877,0.17188562353795137,0.01961506638996729,0.6251397866076219
cardboard/cardboard_0004.jpg,cardboard,Recyclable,0.15459879622393946,0.007630888959941261,0.4025954138245088,0.18871118497567324,0.05202584614063772,0.48602014510292346
cardboard/cardboard_0005.jpg,cardboard,Recyclable,0.17278086377374088,0.05332767769129598,0.21943044958043878,0.21878490091728361,0.03198083930243585,0.5766645000165378
cardboard/cardboard_0006.jpg,cardboard,Recyclable,0.16991466938853017,0.10556834553526814,0.2990551942683446,0.14711445355220498,0.07467634736309567,0.5023325080023182
cardboard/cardboard_0007.jpg,cardboard,Recyclable,0.2104431797502378,0.0,0.20702697657710983,0.2098430617934562,0.07215399739986231,0.6137094624951976
cardboard/cardboard_0008.jpg,cardboard,Recyclable,0.194217585880588,0.04096688913232134,0.19650346067428007,0.16400778958026457,0.03618083687120638,0.6845697780975133
cardboard/cardboard_0009.jpg,cardboard,Recyclable,0.21718091447842308,0.0,0.32268587785763564,0.18074588597918417,0.029692339990821243,0.6489341031072694
cardboard/cardboard_0010.jpg,cardboard,Recyclable,0.25154997612479757,0.07793840357348596,0.24125477337441528,0.1845393812074393,0.05993790294210692,0.6780436101697888
cardboard/cardboard_0011.jpg,cardboard,Recyclable,0.1760412881077355,0.04443023070008549,0.222556551819578,0.14018966879596648,0.07437577467182593,0.7084992022856658
cardboard/cardboard_0012.jpg,cardboard,Recyclable,0.19639949392098333,0.08010598693676073,0.32531452175333436,0.16774401226974378,0.060841868165252416,0.7230429253172775
cardboard/cardboard_0013.jpg,cardboard,Recyclable,0.19820869804450245,0.09693930967442019,0.11661784271371786,0.2410951252187612,0.05261141204714514,0.5760794119627306
cardboard/cardboard_0014.jpg,cardboard,Recyclable,0.20458803882677512,0.0,0.28462296785137414,0.21785562857558732,0.09433682134224548,0.5585383825381082
cardboard/cardboard_0015.jpg,cardboard,Recyclable,0.15957531985534062,0.034947288692463906,0.3640781482391452,0.21643755548298424,0.03410719388698884,0.6410613946490684
cardboard/cardboard_0016.jpg,cardboard,Recyclable,0.20485387746740202,0.07905934971598667,0.25085628342858535,0.1836168926701116,0.03823675540603527,0.4829188041494305
cardboard/cardboard_0017.jpg,cardboard,Recyclable,0.2148060138532288,0.057831658165396684,0.30035794196497223,0.18827064333124266,0.007538877738487576,0.5663483741787713
cardboard/cardboard_0018.jpg,cardboard,Recyclable,0.18286427417366152,0.025931681923351435,0.28871000018337933,0.22020254284072693,0.10658557703631591,0.6139662250265471
cardboard/cardboard_0019.jpg,cardboard,Recyclable,0.21287751953613823,0.04776662252701499,0.16568601492906707,0.19867430622753918,0.051806906298230794,0.7970593689988229
cardboard/cardboard_0020.jpg,cardboard,Recyclable,0.19038195176094388,0.05904642027000838,0.29757017612063297,0.1415660981190234,0.08428468443545062,0.6601546426149419
cardboard/cardboard_0021.jpg,cardboard,Recyclable,0.23955159735215237,0.022718376356157834,0.39819560176552693,0.12990744686038597,0.06760571281400811,0.7752364500647982
cardboard/cardboard_0022.jpg,cardboard,Recyclable,0.15047318374346558,0.03301106811191684,0.30697559555613485,0.17482621729419004,0.003480097068016025,0.6054850379844822
cardboard/cardboard_0023.jpg,cardboard,Recyclable,0.14688481431369477,0.06420777291905545,0.23564030360363375,0.277496720250877,0.026502401229912893,0.574235078703546
cardboard/cardboard_0024.jpg,cardboard,Recyclable,0.2406758608684835,0.013074070506981346,0.31592219542228905,0.2653571377141214,0.0017755029631631794,0.6147707086825843
cardboard/cardboard_0025.jpg,cardboard,Recyclable,0.21299413971242118,0.07345468615331932,0.21341345023853425,0.13397716934578618,0.06565824696850693,0.6237587738586549
cardboard/cardboard_0026.jpg,cardboard,Recyclable,0.21252464251729383,0.06039344628490927,0.2523982694895056,0.21161268485805018,0.05879217419896044,0.5428518865578905
cardboard/cardboard_0027.jpg,cardboard,Recyclable,0.29328872555723784,0.06421498762735363,0.21660875519581457,0.2328276804316915,0.02075954989318036,0.6629667682993962
cardboard/cardboard_0028.jpg,cardboard,Recyclable,0.2579297789503702,0.02537953044944869,0.36743632904710255,0.22063904634682494,0.0746618047998347,0.7517434386123157
cardboard/cardboard_0029.jpg,cardboard,Recyclable,0.1877305941998565,0.027387915069275317,0.23773398992621336,0.1592094857517281,0.04768694871757688,0.6272921579853314
cardboard/cardboard_0030.jpg,cardboard,Recyclable,0.21383453996650095,0.07481549747108071,0.3009101324314535,0.27267670385786585,0.04206029500286132,0.8176135333271695
cardboard/cardboard_0031.jpg,cardboard,Recyclable,0.23128336738825034,0.024285273307511526,0.22503752513572212,0.22412362076215928,0.04329611644022448,0.6571200395273673
cardboard/cardboard_0032.jpg,cardboard,Recyclable,0.22366188122867725,0.04781513262029382,0.24072443973521163,0.12425763876570678,0.03660455143798937,0.6685119035458778
cardboard/cardboard_0033.jpg,cardboard,Recyclable,0.2107046872065102,0.012627836638640366,0.31212266480958273,0.21926586898644185,0.023484276913966012,0.6122980084756422
cardboard/cardboard_0034.jpg,cardboard,Recyclable,0.20291043592230001,0.015710891065081313,0.32504511522437984,0.22803922631841173,0.08249153729525832,0.6843041641627923
cardboard/cardboard_0035.jpg,cardboard,Recyclable,0.13111653160214545,0.02186524880254632,0.3360524687046062,0.22568929754561046,0.06545143058918144,0.9082185192523777
cardboard/cardboard_0036.jpg,cardboard,Recyclable,0.22854452553465837,0.08406696920541797,0.36678012344452415,0.2325695625652899,0.04054192266078963,0.6607175376394614
cardboard/cardboard_0037.jpg,cardboard,Recyclable,0.16135873927312142,0.042895441797799735,0.26602455165196276,0.20409370696931614,0.11943975700020526,0.45061878459266014
cardboard/cardboard_0038.jpg,cardboard,Recyclable,0.2343130095187257,0.0016185238643104533,0.2669647693947396,0.2544475298483683,0.05192840057286389,0.5137804177656555
cardboard/cardboard_0039.jpg,cardboard,Recyclable,0.1642348145370016,0.07038793246804027,0.24887433577980042,0.21082292947909875,0.05136715519711442,0.5478719721915346
cardboard/cardboard_0040.jpg,cardboard,Recyclable,0.3071972044662663,0.06901757066954034,0.15824001893396747,0.2093227157384714,0.030146406056948363,0.6681946667836979
cardboard/cardboard_0041.jpg,cardboard,Recyclable,0.160373963078365,0.046557906755993035,0.335349109528632,0.24328775970850608,0.013991107788326719,0.573239901132724
cardboard/cardboard_0042.jpg,cardboard,Recyclable,0.1762527344419522,0.030400123022788647,0.4235817968196768,0.22024908554804778,0.012173481369948648,0.6734289557643821
cardboard/cardboard_0043.jpg,cardboard,Recyclable,0.3061078098506317,0.08097395781653441,0.19364410238321905,0.17578829635668744,0.08800733447559869,0.5433864427504975
cardboard/cardboard_0044.jpg,cardboard,Recyclable,0.22219097140731142,0.07323902160288011,0.23511486698953418,0.19702373219691,0.0,0.5180489886932568
cardboard/cardboard_0045.jpg,cardboard,Recyclable,0.187371592430342,0.01256650454105452,0.4142687912752145,0.12849293110196836,0.03679866539909049,0.6104592461828873
cardboard/cardboard_0046.jpg,cardboard,Recyclable,0.27206366445330576,0.006924135464616822,0.3814214626508472,0.20051165305097937,0.020554740468561476,0.6369682779410616
cardboard/cardboard_0047.jpg,cardboard,Recyclable,0.20995298477867352,0.031993493685236164,0.3048861459493013,0.180734320156912,0.05340552035753744,0.6529704539616837
cardboard/cardboard_0048.jpg,cardboard,Recyclable,0.27930084080726764,0.012865535035194532,0.4493123362259387,0.10239561002387491,0.045446447148932506,0.6470653765187661
cardboard/cardboard_0049.jpg,cardboard,Recyclable,0.21404959338675164,0.03131901440538219,0.28543144247499075,0.17534995326705838,0.032319057291673656,0.667968167761682
cardboard/cardboard_0050.jpg,cardboard,Recyclable,0.2178507742982524,0.029212712142180377,0.36297199128032753,0.21536497604383048,0.0743858635651688,0.6503703073538889
cardboard/cardboard_0051.jpg,cardboard,Recyclable,0.1585502494538964,0.03319456879409091,0.3523105523586283,0.23051851327167325,0.04937295218107556,0.6093861906647026
cardboard/cardboard_0052.jpg,cardboard,Recyclable,0.26388324478942127,0.032252858334925104,0.33829681668190265,0.1898903673783053,0.04346956390318339,0.6879021481589752
cardboard/cardboard_0053.jpg,cardboard,Recyclable,0.24127081744940151,0.07440528908001916,0.39138351650080305,0.20105019208163796,0.07045858913884892,0.5751786594725234
cardboard/cardboard_0054.jpg,cardboard,Recyclable,0.2162083176244221,0.046095708368969465,0.30678971754949025,0.2297578512718457,0.025453379502995827,0.7673909820548368
cardboard/cardboard_0055.jpg,cardboard,Recyclable,0.1496991309250149,0.013574341616368037,0.38106776114500474,0.2395831346981468,0.06872359451156465,0.6502676407411424
cardboard/cardboard_0056.jpg,cardboard,Recyclable,0.1993876613576543,0.023082368855425056,0.3053063190735608,0.1661419144243944,0.07925359200253254,0.5882354094798289
cardboard/cardboard_0057.jpg,cardboard,Recyclable,0.15872514016037442,0.040358424750410196,0.3289052017992937,0.17181377235980128,0.02533338813300706,0.619494976919353
cardboard/cardboard_0058.jpg,cardboard,Recyclable,0.21224832855543616,0.034791704738866114,0.2670273186067174,0.21160249686788182,0.006557469755080279,0.4874028980498756
cardboard/cardboard_0059.jpg,cardboard,Recyclable,0.1640777889373782,0.04359658544864459,0.32176352959186033,0.2737678108474776,0.07572978869606059,0.5872049176029258
cardboard/cardboard_0060.jpg,cardboard,Recyclable,0.19904918960486556,0.01992411906086574,0.2987040804805327,0.1855670680539931,0.059681556810142686,0.5338215245158141
cardboard/cardboard_0061.jpg,cardboard,Recyclable,0.22596732571205863,0.09598216739007734,0.29238678960801995,0.22008558610494708,0.07070431975133337,0.567902362249133
cardboard/cardboard_0062.jpg,cardboard,Recyclable,0.21120462409052085,0.05037777202345385,0.3068373268984182,0.16134951080722668,0.050735305227768285,0.6398398632996359
cardboard/cardboard_0063.jpg,cardboard,Recyclable,0.2725571803897521,0.0787781247825562,0.45072277202580896,0.16163262185559754,0.07616961910162034,0.6146673604590681
cardboard/cardboard_0064.jpg,cardboard,Recyclable,0.30949014666088365,0.02575105143934546,0.24121947104734565,0.1700303677277989,0.0,0.5579395982655391
cardboard/cardboard_0065.jpg,cardboard,Recyclable,0.1620433669223151,0.05451181359428623,0.3239229183044012,0.2938085419607943,0.0785127151455815,0.5538477075470077
cardboard/cardboard_0066.jpg,cardboard,Recyclable,0.1550792664325821,0.06475757514519517,0.20758367550855503,0.2915729382927177,0.08538320362163862,0.5624659478316236
cardboard/cardboard_0067.jpg,cardboard,Recyclable,0.11434327354545613,0.09061617122496238,0.29198221083231674,0.2618908155986731,0.00216717023616899,0.5520499981636982
cardboard/cardboard_0068.jpg,cardboard,Recyclable,0.20026218498590917,0.05140941781294226,0.2684954169964529,0.23114249661737496,0.01797138711852217,0.5886096411982965
cardboard/cardboard_0069.jpg,cardboard,Recyclable,0.20601478158559494,0.06543316502176247,0.3498130414662223,0.14376789540810656,0.003976574877931335,0.7022141457518807
cardboard/cardboard_0070.jpg,cardboard,Recyclable,0.21661570059897958,0.027545403903303393,0.4085806382865766,0.20578373171464295,0.08537891552191479,0.6054014785128087
cardboard/cardboard_0071.jpg,cardboard,Recyclable,0.30303739624409937,0.10266022527329613,0.28257250960646485,0.2485785475477178,0.06936127848755443,0.7094905246025879
cardboard/cardboard_0072.jpg,cardboard,Recyclable,0.1517538269709948,0.07058154379995318,0.3740897140794711,0.1120630256788443,0.01450224462002675,0.43686142577919196
cardboard/cardboard_0073.jpg,cardboard,Recyclable,0.18652965827777213,0.07152626767387887,0.405164993646722,0.20370473902098876,0.09885846636713876,0.4895918833428087
cardboard/cardboard_0074.jpg,cardboard,Recyclable,0.11483087803224228,0.04833356903310144,0.3268845814257515,0.19836526259529536,0.0,0.5928703968389769
cardboard/cardboard_0075.jpg,cardboard,Recyclable,0.13477652497475734,0.07009017646490115,0.32566187722677936,0.15300601068363223,0.0345839924798992,0.5152629182488838
cardboard/cardboard_0076.jpg,cardboard,Recyclable,0.19686604513634143,0.07865426961503715,0.23099917675651194,0.22520232577589222,0.034092271448826775,0.5365701734190125
cardboard/cardboard_0077.jpg,cardboard,Recyclable,0.1946484820022721,0.01894273032741878,0.26124454862569724,0.1401061053705576,0.10894175398749167,0.6028210841577383
cardboard/cardboard_0078.jpg,cardboard,Recyclable,0.16501372460037073,0.056419397322026665,0.2921370365216419,0.18895152002333887,0.06842500100130276,0.6606006168037843
cardboard/cardboard_0079.jpg,cardboard,Recyclable,0.17347494261947363,0.0327254527806596,0.2807463811993849,0.08490394176322076,0.004544268134043433,0.709349941395562
cardboard/cardboard_0080.jpg,cardboard,Recyclable,0.2822483856750642,0.042528918813308655,0.34035898741390364,0.2155625077271768,0.14236642425365714,0.6895659929147662
cardboard/cardboard_0081.jpg,cardboard,Recyclable,0.19360412042596167,0.021333786781987232,0.1875487575819699,0.21017318179336117,0.027309477641470903,0.48621970323218605
cardboard/cardboard_0082.jpg,cardboard,Recyclable,0.16767135578787368,0.017553559891568156,0.41809991445507955,0.24408198784747254,0.04976082076050148,0.718395531111202
cardboard/cardboard_0083.jpg,cardboard,Recyclable,0.20386841538238093,0.024161473960152093,0.406618685408876,0.22694550218423296,0.018882615370206312,0.5847729057533113
cardboard/cardboard_0084.jpg,cardboard,Recyclable,0.15621908733076215,0.00851600807106992,0.3648324283272149,0.29547083202350655,0.008042972785425768,0.6450375389352456
cardboard/cardboard_0085.jpg,cardboard,Recyclable,0.16746787154390866,0.03538623848705912,0.25853242530327913,0.1568004615160092,0.05145564883834481,0.533523990687117
cardboard/cardboard_0086.jpg,cardboard,Recyclable,0.21352284128899196,0.048492856716525895,0.2832736367193513,0.15462181689792012,0.032696860082950016,0.6604312980660605
cardboard/cardboard_0087.jpg,cardboard,Recyclable,0.22504585938121904,0.020673342656043474,0.3069532613800458,0.23756935616858946,0.0,0.6434688153903948
cardboard/cardboard_0088.jpg,cardboard,Recyclable,0.16686881205270768,0.06711796005779479,0.2465718590420238,0.10975589496677406,0.0011737268635051215,0.6038467957329106
cardboard/cardboard_0089.jpg,cardboard,Recyclable,0.21298612508607412,0.022870501246867746,0.34470147211441615,0.11692399688655201,0.04801760604058051,0.5031187040190035
cardboard/cardboard_0090.jpg,cardboard,Recyclable,0.16740819460989204,0.05142196013949242,0.2397710644301233,0.18077222278850874,0.08018878427643322,0.5538486504381481
cardboard/cardboard_0091.jpg,cardboard,Recyclable,0.2417846056032571,0.01610879436027146,0.3370862924540698,0.27207843103289503,0.0,0.5362483795623618
cardboard/cardboard_0092.jpg,cardboard,Recyclable,0.22885360635902702,0.04390863841871022,0.3259802111359916,0.16980074066420897,0.052597693624187,0.5875458211686336
cardboard/cardboard_0093.jpg,cardboard,Recyclable,0.2583891030829904,0.0576326252990364,0.32363218634526414,0.17940615169387664,0.035371813277825195,0.5653953449744303
cardboard/cardboard_0094.jpg,cardboard,Recyclable,0.21972260711891486,0.037370465575392114,0.3202842399827489,0.303770039932272,0.07613374110295076,0.5739181174265727
cardboard/cardboard_0095.jpg,cardboard,Recyclable,0.26006069610819726,0.03775773880935346,0.15733128253755022,0.1495956844541298,0.0,0.5718789212766953
cardboard/cardboard_0096.jpg,cardboard,Recyclable,0.20092091895947758,0.10029311936825848,0.32288491616349135,0.1890449735595568,0.07488216743550467,0.4231091752793692
cardboard/cardboard_0097.jpg,cardboard,Recyclable,0.21178072790542832,0.07312595581660901,0.19649896279541107,0.2571877021603465,0.060154892224832425,0.5667769668879359
cardboard/cardboard_0098.jpg,cardboard,Recyclable,0.23163909330531426,0.11812078573413187,0.31273063785409466,0.21241102931501682,0.03621917301379268,0.5320124504428166
cardboard/cardboard_0099.jpg,cardboard,Recyclable,0.24151679082721228,0.024317485222733987,0.30500963660535746,0.17611712766174417,0.06436939477239176,0.6266929684229559
cardboard/cardboard_0100.jpg,cardboard,Recyclable,0.25187699721289497,0.03469950803435759,0.281108754529464,0.15106181421088463,0.036671202197716656,0.6301840394435881
cardboard/cardboard_0101.jpg,cardboard,Recyclable,0.23784943083226762,0.02233504027467124,0.3608724144073962,0.26778189294024757,0.06240304709671103,0.7501436650046452
cardboard/cardboard_0102.jpg,cardboard,Recyclable,0.16131054004482137,0.012660358900657497,0.17548958257670047,0.27480221557445916,0.06963096969062174,0.5955532263271636
cardboard/cardboard_0103.jpg,cardboard,Recyclable,0.21399843131599103,0.01623532858104871,0.47120263857317785,0.2064610590987614,0.05328184383814679,0.6580613299118954
cardboard/cardboard_0104.jpg,cardboard,Recyclable,0.22405046158683567,0.056716520728373944,0.24466678811882814,0.2235734178567998,0.10646073489425101,0.7076336036923982
cardboard/cardboard_0105.jpg,cardboard,Recyclable,0.27965933133196985,0.03466352970706445,0.2307276625818993,0.1937106539950176,0.05167174736866084,0.6875353214776758
cardboard/cardboard_0106.jpg,cardboard,Recyclable,0.11537676851425904,0.09588650958381842,0.2889394470994707,0.178655946502629,0.019636868742194977,0.46761146625073846
cardboard/cardboard_0107.jpg,cardboard,Recyclable,0.24115852919809574,0.05219953901565212,0.2097027370181262,0.13524606139681922,0.03992645902129616,0.7335217220231514
cardboard/cardboard_0108.jpg,cardboard,Recyclable,0.18702043243181976,0.00490571140645682,0.2827979855139839,0.1863638215126165,0.0,0.595656410678575
cardboard/cardboard_0109.jpg,cardboard,Recyclable,0.18845327348956611,0.07088619094440254,0.42942692664617416,0.2563282514773879,0.04193333928335509,0.5114779273006663
cardboard/cardboard_0110.jpg,cardboard,Recyclable,0.32866799016249304,0.05177655302043465,0.3009750504339062,0.19879374564449984,0.05594254282303565,0.5884511670460846
cardboard/cardboard_0111.jpg,cardboard,Recyclable,0.1713168996559882,0.03359423176278824,0.2977072710848801,0.17282876144331177,0.028614626519685073,0.6085144182153517
cardboard/cardboard_0112.jpg,cardboard,Recyclable,0.18725113912895724,0.09511978965748066,0.11443211341248913,0.25457534259612313,0.08738255577492887,0.434128781407348
cardboard/cardboard_0113.jpg,cardboard,Recyclable,0.18286562029598258,0.03885677402012626,0.20147418136975248,0.16110916562045624,0.01668272463602514,0.7401816354738898
cardboard/cardboard_0114.jpg,cardboard,Recyclable,0.24678391965737306,0.08814665284982476,0.35051704448302645,0.14354741143913854,0.03426439201160679,0.6391499648982334
cardboard/cardboard_0115.jpg,cardboard,Recyclable,0.13889360955540275,0.07138995290517164,0.28317722212893054,0.18125895962252014,0.07132879904610474,0.6355410649188832
cardboard/cardboard_0116.jpg,cardboard,Recyclable,0.18195169170904602,0.08477989410092744,0.22432556706800716,0.2307967803472132,0.06779303773905151,0.5752362848548808
cardboard/cardboard_0117.jpg,cardboard,Recyclable,0.2163066511121059,0.012466592708440916,0.36468189134448303,0.19075489317785055,0.03431830938442881,0.6839207380669511
cardboard/cardboard_0118.jpg,cardboard,Recyclable,0.16478281547286205,0.007746161109093215,0.19103595785332672,0.230300497567282,0.011587119425111508,0.7403835345587492
cardboard/cardboard_0119.jpg,cardboard,Recyclable,0.0959035296058139,0.10089369104870115,0.3147712227041833,0.1951643444064804,0.033652427395731516,0.6319308891481656
cardboard/cardboard_0120.jpg,cardboard,Recyclable,0.19811826487875758,0.08309905646049565,0.3079959354063428,0.20751508807309388,0.039091633633584325,0.5954443501023146
cardboard/cardboard_0121.jpg,cardboard,Recyclable,0.21539008844460297,0.0,0.20562702045260006,0.23716320470113578,0.05512596314383826,0.5852813330917856
cardboard/cardboard_0122.jpg,cardboard,Recyclable,0.20092169665326967,0.06042745116085013,0.26221682237834465,0.16108476372988437,0.055875357652930446,0.5217301777907974
cardboard/cardboard_0123.jpg,cardboard,Recyclable,0.22041263778572362,0.0,0.37204089461279505,0.22362987412065216,0.05768089202941627,0.6786152787156411
cardboard/cardboard_0124.jpg,cardboard,Recyclable,0.28327372222312885,0.08043110195054391,0.1711388038067848,0.13602115166321493,0.031255442669129635,0.6020872840168667
cardboard/cardboard_0125.jpg,cardboard,Recyclable,0.22588295102345618,0.028227685605396034,0.3130736735133955,0.1622308533823339,0.031654465910241555,0.4874671122521422
cardboard/cardboard_0126.jpg,cardboard,Recyclable,0.1538383376944548,0.009449461831509992,0.2316888722915867,0.252682089830392,0.021518033335041712,0.8105905651869912
cardboard/cardboard_0127.jpg,cardboard,Recyclable,0.22466589504404447,0.05554508371084622,0.23991495538731503,0.23501549397044957,0.032730865212866785,0.6097607851716289
cardboard/cardboard_0128.jpg,cardboard,Recyclable,0.3280042269134398,0.04711820300826051,0.3804491328399973,0.16484117874370563,0.04895034528509115,0.7416640508508408
cardboard/cardboard_0129.jpg,cardboard,Recyclable,0.16865164711061165,0.10437345673990786,0.34954263548188325,0.17187666120528663,0.06897223217166563,0.6778043559701383
cardboard/cardboard_0130.jpg,cardboard,Recyclable,0.23109049811085983,0.00289325840328631,0.24910039769225917,0.18762406822242478,0.04776699712699861,0.6496537678040543
cardboard/cardboard_0131.jpg,cardboard,Recyclable,0.2088850500466627,0.009939669238696963,0.3266138495704174,0.23052928726419117,0.0667937134379312,0.6864624580443697
cardboard/cardboard_0132.jpg,cardboard,Recyclable,0.2416961077274452,0.0637754023768531,0.2950884001978947,0.11695195332420044,0.06288854657397758,0.6166150149730488
cardboard/cardboard_0133.jpg,cardboard,Recyclable,0.2135789418597687,0.011697542725390718,0.2243260421714216,0.2526576426666452,0.04881334538430035,0.6545200557898099
cardboard/cardboard_0134.jpg,cardboard,Recyclable,0.20141591880652307,0.05089268418487236,0.36567986641831984,0.1741977635891313,0.0528836233082295,0.5630179769035966
cardboard/cardboard_0135.jpg,cardboard,Recyclable,0.17827518862838423,0.04072483629594082,0.3155493640143599,0.17606256891682615,0.08767268376720563,0.5284314158224397
cardboard/cardboard_0136.jpg,cardboard,Recyclable,0.19065641779193207,0.03680806825177475,0.4012884519047613,0.20982773882557876,0.08095533618405905,0.48115517015704223
cardboard/cardboard_0137.jpg,cardboard,Recyclable,0.21335251329346294,0.07668892386870312,0.30575987924927966,0.2532740187532676,0.034481346496988835,0.7127477952148463
cardboard/cardboard_0138.jpg,cardboard,Recyclable,0.31494490618096255,0.03911484318681023,0.26881482350194597,0.27266922385588505,0.09738716437192138,0.5581711978277385
cardboard/cardboard_0139.jpg,cardboard,Recyclable,0.17899065914520715,0.04154646173418479,0.2058884642276006,0.1540674026757901,0.019875776997437967,0.5385761947916697
cardboard/cardboard_0140.jpg,cardboard,Recyclable,0.19826575563066096,0.057026441976095625,0.40853503449698536,0.15008229796306047,0.07952967195429751,0.5828808924619593
cardboard/cardboard_0141.jpg,cardboard,Recyclable,0.19752681451737836,0.07024458476499812,0.2214094584906391,0.21912048730920253,0.054993566246391686,0.6393961011206519
cardboard/cardboard_0142.jpg,cardboard,Recyclable,0.2144584321953909,0.12365900419732682,0.25535820110240787,0.17345015224990912,0.031305784207257076,0.5555618304671797
cardboard/cardboard_0143.jpg,cardboard,Recyclable,0.16813064363467412,0.08567049593322656,0.39943529735928984,0.1714626853125262,0.025029332806873143,0.6377132445109123
cardboard/cardboard_0144.jpg,cardboard,Recyclable,0.17238884778595145,0.06898795453266532,0.31420461145959094,0.12421279425013841,0.09642515603990184,0.7436702138476418
cardboard/cardboard_0145.jpg,cardboard,Recyclable,0.1693605654757807,0.03836895320192048,0.32001057735074334,0.21672283949935126,0.06975632818018491,0.760816363101308
cardboard/cardboard_0146.jpg,cardboard,Recyclable,0.19115263862529755,0.02605108266384639,0.20344765403898307,0.16345349800290404,0.04900619081378609,0.743564629081423
cardboard/cardboard_0147.jpg,cardboard,Recyclable,0.17411943504819144,0.05671363854916696,0.29885039727490736,0.2594196636724042,0.12580797277620864,0.5575304981663743
cardboard/cardboard_0148.jpg,cardboard,Recyclable,0.1755280278740889,0.08132482631207216,0.3477324042738418,0.2923353662868017,0.06751784555977892,0.5712566327370352
cardboard/cardboard_0149.jpg,cardboard,Recyclable,0.22953274153461548,0.08326110741748724,0.3574337526838155,0.2253637015553649,0.08200024068767461,0.6935436472356538
cardboard/cardboard_0150.jpg,cardboard,Recyclable,0.2691079495518764,0.06946129662768928,0.2883017343778202,0.20733568432166616,0.0861952689952507,0.5346451463210211
cardboard/cardboard_0151.jpg,cardboard,Recyclable,0.21843366544364506,0.03819983563017918,0.3020121376054372,0.2639225931303649,0.0557329720405971,0.6037149238524919
cardboard/cardboard_0152.jpg,cardboard,Recyclable,0.13200719295100405,0.07238760698081662,0.34518389267987526,0.308162736165273,0.04076665295140998,0.6175320262131151
cardboard/cardboard_0153.jpg,cardboard,Recyclable,0.21246918418553778,0.09732359839290423,0.29332931273291335,0.21395107628851698,0.06823689529149618,0.6149287298525086
cardboard/cardboard_0154.jpg,cardboard,Recyclable,0.1776783192724736,0.05582269978694923,0.37515422249018404,0.148674235029447,0.05398909022440628,0.5439903348048661
cardboard/cardboard_0155.jpg,cardboard,Recyclable,0.25975233144624216,0.004304392856486761,0.2608754706909888,0.21886059375322606,0.0969657208770302,0.594739979114161
cardboard/cardboard_0156.jpg,cardboard,Recyclable,0.17224002366534008,0.1064347120832177,0.1986390269708629,0.0900597021689959,0.06320043350159997,0.559835662051791
cardboard/cardboard_0157.jpg,cardboard,Recyclable,0.14893835914346434,0.0712506934189806,0.3170660499639839,0.1717960684631636,0.011590868039873171,0.6697965862624116
cardboard/cardboard_0158.jpg,cardboard,Recyclable,0.23251005889793305,0.047024724086618515,0.4292645897233366,0.14649576168369238,0.0042342448722578405,0.5446473544095004
cardboard/cardboard_0159.jpg,cardboard,Recyclable,0.19772069918222512,0.05730018347968076,0.28311347595005687,0.21760276982571486,0.012453817274286683,0.7155011683258607
cardboard/cardboard_0160.jpg,cardboard,Recyclable,0.19589244108037157,0.08351887494764383,0.3239907742464393,0.2228376609576892,0.06709301840696612,0.6358166848013852
cardboard/cardboard_0161.jpg,cardboard,Recyclable,0.2321361379933772,0.08987457590397294,0.3137564818791029,0.23545018787942562,0.0473079291713832,0.7152093772359578
cardboard/cardboard_0162.jpg,cardboard,Recyclable,0.16618038489703651,0.10402821298732447,0.29718894345489594,0.1284612448940976,0.05384313244732368,0.5455158674020095
cardboard/cardboard_0163.jpg,cardboard,Recyclable,0.24203217744943623,0.030421280620928276,0.2687671596749654,0.10552296345272345,0.0364308104225277,0.40608965386968343
cardboard/cardboard_0164.jpg,cardboard,Recyclable,0.12080485882571385,0.07281243968432892,0.35500601110555824,0.22127287808924825,0.020990715706123615,0.5961830915086416
cardboard/cardboard_0165.jpg,cardboard,Recyclable,0.19981987304547158,0.01524905932422372,0.4052378811237005,0.2438681145287836,0.043371074785110084,0.6021508671195624
cardboard/cardboard_0166.jpg,cardboard,Recyclable,0.21041914039737764,0.0,0.2826975832235582,0.16590078760011007,0.019951399703152538,0.5775119765691236
cardboard/cardboard_0167.jpg,cardboard,Recyclable,0.28988432634247613,0.0692252858380103,0.2600174707152042,0.22862913906780793,0.09198066309758007,0.6739706946330215
cardboard/cardboard_0168.jpg,cardboard,Recyclable,0.2029815184960087,0.030591896668832788,0.3488756319529513,0.2196742692710875,0.07685579660083197,0.6508137441345575
cardboard/cardboard_0169.jpg,cardboard,Recyclable,0.25247763576596677,0.03394294365318297,0.3922175845944028,0.20987998023461998,0.11225782617875796,0.5448649745528346
cardboard/cardboard_0170.jpg,cardboard,Recyclable,0.28679819015826247,0.055937323503879435,0.2544007397469886,0.17580570829728392,0.0403895807541704,0.6339332757121533
cardboard/cardboard_0171.jpg,cardboard,Recyclable,0.226141774401775,0.03278899988184263,0.2982951785417312,0.3071135179305932,0.10182629510302134,0.6349058935739226
cardboard/cardboard_0172.jpg,cardboard,Recyclable,0.20190017390841003,0.05360093980154784,0.34294625809112916,0.14886037174007974,0.04227870387729965,0.4665132740897928
cardboard/cardboard_0173.jpg,cardboard,Recyclable,0.21996115613026399,0.06941587819108223,0.2661769476390438,0.27869933816450165,0.013227030109929767,0.48285000958321433
cardboard/cardboard_0174.jpg,cardboard,Recyclable,0.2112225909279986,0.08141294907836463,0.4178749384020508,0.17705578685655302,0.08236042500293887,0.5969193224399434
cardboard/cardboard_0175.jpg,cardboard,Recyclable,0.19136863500295903,0.07650979812460018,0.34566260148893935,0.12118039215078753,0.09429621049177687,0.7104073083317961
cardboard/cardboard_0176.jpg,cardboard,Recyclable,0.16872186492452354,0.06187410600312227,0.3345821130397917,0.21303368829119537,0.0334908453846374,0.5462701305649559
cardboard/cardboard_0177.jpg,cardboard,Recyclable,0.19872229645042774,0.08518187057778094,0.33805201082161024,0.1814692833956947,0.07315096131945034,0.37211659034959393
cardboard/cardboard_0178.jpg,cardboard,Recyclable,0.2574382850186052,0.0,0.27462913410178075,0.1440165052686928,0.011159555728372829,0.6928661429902815
cardboard/cardboard_0179.jpg,cardboard,Recyclable,0.17661493993440544,0.06039511645192148,0.2967155594784571,0.22385204136115608,0.05230465673180766,0.4973606220649144
cardboard/cardboard_0180.jpg,cardboard,Recyclable,0.24981334097235702,0.035187302505160625,0.1910392670938174,0.17859424195170437,0.09502279371902933,0.6680177393690794
cardboard/cardboard_0181.jpg,cardboard,Recyclable,0.18256739327960705,0.03952226887044714,0.2774855464147832,0.3038373991780421,0.0614580635669466,0.6344033317752855
cardboard/cardboard_0182.jpg,cardboard,Recyclable,0.25151417270159215,0.05716367477079541,0.2818670497925508,0.1901825075457511,0.047851962217578085,0.5970222210792127
cardboard/cardboard_0183.jpg,cardboard,Recyclable,0.23638147718184901,0.05155837657421899,0.35128480540509055,0.1959641709945709,0.05235905570948272,0.4401439452374314
cardboard/cardboard_0184.jpg,cardboard,Recyclable,0.2458163837351241,0.06039465427693978,0.36986070769017565,0.055187231090315536,0.11265124114342183,0.5888328297475861
cardboard/cardboard_0185.jpg,cardboard,Recyclable,0.2554091408368758,0.018802822186234077,0.3428941733543799,0.1473292218413172,0.03128693117912585,0.7531225083093429
cardboard/cardboard_0186.jpg,cardboard,Recyclable,0.19046587996183267,0.056522986195391686,0.3609047411482128,0.22478409439863023,0.054512567154307294,0.629196880197298
cardboard/cardboard_0187.jpg,cardboard,Recyclable,0.3201707792619138,0.04827143608899244,0.3140769332700477,0.2525327198003806,0.08316577798873952,0.6949624244448304
cardboard/cardboard_0188.jpg,cardboard,Recyclable,0.23193651110145924,0.015709852618085496,0.41434020726107673,0.14268273034906562,0.059079063957170996,0.5396579319984514
cardboard/cardboard_0189.jpg,cardboard,Recyclable,0.1967930826703504,0.05986287230910441,0.3224950050815191,0.22109603771176425,0.09841133807175942,0.6362827441211184
cardboard/cardboard_0190.jpg,cardboard,Recyclable,0.18779216823546757,0.07892261504865072,0.38326293422472485,0.1386196092431504,0.06792200209549575,0.6560938193848719
cardboard/cardboard_0191.jpg,cardboard,Recyclable,0.1851218248320004,0.09127120439934858,0.2894961089077231,0.2062788226735771,0.04480784527148392,0.6012463238065174
cardboard/cardboard_0192.jpg,cardboard,Recyclable,0.1451862456552399,0.006798473522171174,0.41161535442574804,0.1576519325840836,0.02025822951631079,0.4277287909117028
cardboard/cardboard_0193.jpg,cardboard,Recyclable,0.1680519126155249,0.010307306197775055,0.4149410612095458,0.2504908544671317,0.02935548964466829,0.7801948644275447
cardboard/cardboard_0194.jpg,cardboard,Recyclable,0.24908827434957972,0.04025505849474133,0.12504159995884986,0.3145471286295371,0.008312825997092127,0.46836810024344866
cardboard/cardboard_0195.jpg,cardboard,Recyclable,0.25112852160048205,0.12319257219017818,0.39689909729573625,0.22819545600261798,0.06784263024995858,0.6682732447024246
cardboard/cardboard_0196.jpg,cardboard,Recyclable,0.23794642948933828,0.05843574271908128,0.30729407727663133,0.1968703436050239,0.027381062333999714,0.5775459938506581
cardboard/cardboard_0197.jpg,cardboard,Recyclable,0.11535215929023074,0.047049811196157504,0.23079862249943578,0.14482053413921148,0.05539682453460436,0.711360182907568
cardboard/cardboard_0198.jpg,cardboard,Recyclable,0.24591583030011566,0.0028849818913046915,0.23072603044007634,0.2470385593994108,0.020525378193850717,0.582029348000238
cardboard/cardboard_0199.jpg,cardboard,Recyclable,0.2275026049512276,0.020949666354090946,0.30737628543021717,0.13329872525408978,0.0319589706814636,0.6255825547314029
cardboard/cardboard_0200.jpg,cardboard,Recyclable,0.12035031332341654,0.06321424213881197,0.2986253540751323,0.2276244977208574,0.05671742402193985,0.7091312343979075
cardboard/cardboard_0201.jpg,cardboard,Recyclable,0.20626122513239536,0.03711783376624241,0.30856082521225986,0.22716490145181942,0.051465802109771135,0.6032473352963106
cardboard/cardboard_0202.jpg,cardboard,Recyclable,0.16490041560966223,0.03011297247347156,0.20181763097402144,0.28747883715934697,0.01268410293826145,0.5445675841763273
cardboard/cardboard_0203.jpg,cardboard,Recyclable,0.16407963672154013,0.07684773130833324,0.27935352251955803,0.2623871036336867,0.029795281272683948,0.6223195329779041
cardboard/cardboard_0204.jpg,cardboard,Recyclable,0.15823264733701214,0.11435447383320164,0.2168681106679341,0.21549103551135138,0.06901330642796295,0.6331039277961198
cardboard/cardboard_0205.jpg,cardboard,Recyclable,0.1907356170561146,0.046105379007997216,0.30306680303853767,0.1926498999185756,0.0789163735038473,0.7768418401273081
cardboard/cardboard_0206.jpg,cardboard,Recyclable,0.17212541074960833,0.008905910612627667,0.29382025661541217,0.3289854668827159,0.02588976296090808,0.7311293444355254
cardboard/cardboard_0207.jpg,cardboard,Recyclable,0.28388504070382203,0.033392352748760165,0.3398288155429693,0.28141983115642694,0.03862616777037539,0.583713571191811
cardboard/cardboard_0208.jpg,cardboard,Recyclable,0.1709159543025678,0.019557298079213997,0.2545505718453795,0.13880298666188717,0.051022504047776786,0.5384021415153086
cardboard/cardboard_0209.jpg,cardboard,Recyclable,0.2116892955895374,0.0033231306138911884,0.323161616255012,0.24167644808044625,0.0,0.6299245255878058
cardboard/cardboard_0210.jpg,cardboard,Recyclable,0.2613834496236646,0.013710769439263838,0.4170800670786392,0.22095095046830227,0.028849644327247737,0.5955384737873834
cardboard/cardboard_0211.jpg,cardboard,Recyclable,0.22791634562608615,0.05228016174237235,0.3377129194712458,0.1539663203460317,0.05508082472108234,0.48690284024760155
cardboard/cardboard_0212.jpg,cardboard,Recyclable,0.194438696932565,0.02288277075605631,0.24851290401871634,0.2618046587605219,0.08273930361782808,0.6487310496725741
cardboard/cardboard_0213.jpg,cardboard,Recyclable,0.14538436176637107,0.040507746509155944,0.38491683899854284,0.20708584568199526,0.11957988619945083,0.6314654271515497
cardboard/cardboard_0214.jpg,cardboard,Recyclable,0.2096024558245016,0.04072650607392496,0.3093478633347598,0.19237650818097282,0.07124326030065772,0.6765361853435667
cardboard/cardboard_0215.jpg,cardboard,Recyclable,0.16070052697460252,0.010063011393266666,0.17146562388276923,0.2253995663456272,0.016899001814783793,0.4277687525638013
cardboard/cardboard_0216.jpg,cardboard,Recyclable,0.21942893022654822,0.12478998552298372,0.29957503619220743,0.2419245387225821,0.05245488075642695,0.5920888277447086
cardboard/cardboard_0217.jpg,cardboard,Recyclable,0.24595382414938843,0.04129176367434046,0.3187174619850332,0.2160848903098007,0.02995728639070854,0.6793633879629218
cardboard/cardboard_0218.jpg,cardboard,Recyclable,0.19125201216522958,0.027327645215214663,0.3375556890499282,0.15507660091044814,0.05084543472107385,0.5992704802684637
cardboard/cardboard_0219.jpg,cardboard,Recyclable,0.2542947782915789,0.06424094698639858,0.2982481128878399,0.24088831496001437,0.0917062264705194,0.644624824508149
cardboard/cardboard_0220.jpg,cardboard,Recyclable,0.20051763099216904,0.010644913029495218,0.22544204358472392,0.18473876478226664,0.03171463393522151,0.5850422957611643
cardboard/cardboard_0221.jpg,cardboard,Recyclable,0.20283249624485536,0.06589078263070193,0.2950650855358636,0.22432508219131012,0.05193423244430361,0.44196267469169026
cardboard/cardboard_0222.jpg,cardboard,Recyclable,0.1530332303090623,0.04567737332835154,0.21532136800112245,0.22999643649981025,0.09592252497031092,0.6975009481357853
cardboard/cardboard_0223.jpg,cardboard,Recyclable,0.1893278564534896,0.09472178410549856,0.3104067220041478,0.18314570144409803,0.03159792009377181,0.5758024250809497
cardboard/cardboard_0224.jpg,cardboard,Recyclable,0.18059115907293857,0.055112486671264636,0.3112401786734905,0.20015230100767073,0.0631081450923905,0.6952517019829073
cardboard/cardboard_0225.jpg,cardboard,Recyclable,0.2474777067720662,0.0054530609465028995,0.12122552055686314,0.2467159955619637,0.008993639047537375,0.5820187678485853
cardboard/cardboard_0226.jpg,cardboard,Recyclable,0.14149434869703204,0.0,0.33790239097433517,0.23795775801513236,0.03270468797819842,0.3927166166284072
cardboard/cardboard_0227.jpg,cardboard,Recyclable,0.17268777758737586,0.0617541201620764,0.19647619018581097,0.2091679959889578,0.04954070452481014,0.646343319968087
cardboard/cardboard_0228.jpg,cardboard,Recyclable,0.20597901842070768,0.020807931773553338,0.3837600051165144,0.19207352134865152,0.04918086381470205,0.5253385632741443
cardboard/cardboard_0229.jpg,cardboard,Recyclable,0.1778358874404245,0.023455918579192978,0.28789377580536035,0.2855854240071172,0.008842965712059316,0.4709150881698607
cardboard/cardboard_0230.jpg,cardboard,Recyclable,0.2735585163746804,0.043720289685444017,0.25316490829380583,0.25199523436980387,0.03183153380789408,0.7460807770837549
cardboard/cardboard_0231.jpg,cardboard,Recyclable,0.23389629356696345,0.035362657755628926,0.45101157492858523,0.16971425384983307,0.07226286116027922,0.6239434064325193
cardboard/cardboard_0232.jpg,cardboard,Recyclable,0.2650870644699399,0.09684533590180558,0.30224029043460365,0.16232910648269083,0.06379916428817349,0.5457827704198315
cardboard/cardboard_0233.jpg,cardboard,Recyclable,0.3006693623763312,0.05409605993248213,0.27442749140815237,0.20923401529324542,0.009586211314109111,0.5222708769191479
cardboard/cardboard_0234.jpg,cardboard,Recyclable,0.2600206953972213,0.03029317163085813,0.2267162312122642,0.22683263762636433,0.08557112463988992,0.6575162648532054
cardboard/cardboard_0235.jpg,cardboard,Recyclable,0.24980238429029084,0.02729614734291618,0.20047325332807092,0.27506668259777434,0.04031960483473593,0.5799333586835962
cardboard/cardboard_0236.jpg,cardboard,Recyclable,0.26640970709245293,0.0666869002820198,0.3319121440457125,0.30825011724505424,0.030694453088595714,0.674227210246499
cardboard/cardboard_0237.jpg,cardboard,Recyclable,0.20285065624485424,0.05805776836589771,0.4069927898488772,0.22539178781448121,0.066148882371489,0.6858005869847842
cardboard/cardboard_0238.jpg,cardboard,Recyclable,0.18175236352285573,0.024823709979829814,0.22686335641852762,0.10168217053119992,0.11168621389820967,0.5117433307422653
cardboard/cardboard_0239.jpg,cardboard,Recyclable,0.1889373188207114,0.04169560100333238,0.32151846884663704,0.24078686062696486,0.07581420465079236,0.5533538049144849
cardboard/cardboard_0240.jpg,cardboard,Recyclable,0.19164391431067943,0.05847739851464899,0.2825916211671517,0.28036727880099965,0.06472924854914755,0.6587902228839854
cardboard/cardboard_0241.jpg,cardboard,Recyclable,0.23314406343337066,0.08520421572455975,0.31267150910925945,0.13515840260220768,0.06199063855257925,0.5478914484966536
cardboard/cardboard_0242.jpg,cardboard,Recyclable,0.17356916591251217,0.0675909205626528,0.3866798150003545,0.2010635788368031,0.05926499037796892,0.736177195570819
cardboard/cardboard_0243.jpg,cardboard,Recyclable,0.21203765897442842,0.12805049342541186,0.33958567519420807,0.11196186204220912,0.07260024863313598,0.6304926707906222
cardboard/cardboard_0244.jpg,cardboard,Recyclable,0.2644876377041373,0.07019544053809876,0.2903080811211358,0.13878508818553173,0.04372930228141925,0.531958363663256
cardboard/cardboard_0245.jpg,cardboard,Recyclable,0.17097382750976386,0.0676573521326183,0.41689331530459844,0.21973357649114905,0.014123508138944474,0.6355682134576113
cardboard/cardboard_0246.jpg,cardboard,Recyclable,0.25983157433228254,0.031706512870418535,0.2906187983328957,0.20073440973645987,0.026453050607532804,0.6518624347075087
cardboard/cardboard_0247.jpg,cardboard,Recyclable,0.19395259256961092,0.06258597331721083,0.23787554755385298,0.17812708498382948,0.07167144073483314,0.5701733478326586
cardboard/cardboard_0248.jpg,cardboard,Recyclable,0.28634819256167027,0.03801091443156193,0.315727930802632,0.24662954159365452,0.007449028012009057,0.45913529504153794
cardboard/cardboard_0249.jpg,cardboard,Recyclable,0.12371718427149526,0.08787752310281546,0.2613699297875287,0.3279099642834126,0.033072572040278345,0.6147641042557629
cardboard/cardboard_0250.jpg,cardboard,Recyclable,0.2771054976283938,0.11018278664477368,0.4443052503645478,0.2604183115296571,0.08072187577434387,0.6474021559360946
cardboard/cardboard_0251.jpg,cardboard,Recyclable,0.2389180538083319,0.033464428510144,0.24272607816043848,0.1998312771294524,0.04489446132425215,0.5637417560538179
cardboard/cardboard_0252.jpg,cardboard,Recyclable,0.2348193723728358,0.07865915625711532,0.3061884820404293,0.2738765040527631,0.01574932657599485,0.5845072432576225
cardboard/cardboard_0253.jpg,cardboard,Recyclable,0.16415888396985975,0.0,0.29421235199101103,0.19391262458083583,0.09540349229726393,0.6504649347643822
cardboard/cardboard_0254.jpg,cardboard,Recyclable,0.14879065878353975,0.10562277699002565,0.3854723586867747,0.2291048851734308,0.043205477034505044,0.5232448610621216
cardboard/cardboard_0255.jpg,cardboard,Recyclable,0.18138966119644737,0.08266245859112559,0.43192104141542265,0.27716217641360946,0.035334517346411784,0.5104306053368791
cardboard/cardboard_0256.jpg,cardboard,Recyclable,0.2070443123455602,0.0,0.3226217399929347,0.19261987068506659,0.03601890494395274,0.4724237546186564
cardboard/cardboard_0257.jpg,cardboard,Recyclable,0.22568000532848584,0.03401897481014266,0.21810582150027982,0.05638688933591754,0.049174552848480914,0.7417801277335795
cardboard/cardboard_0258.jpg,cardboard,Recyclable,0.2830629607273935,0.03628711230241185,0.25784515577467537,0.22343871280375122,0.02004843682435126,0.6241433519855573
cardboard/cardboard_0259.jpg,cardboard,Recyclable,0.23830401391923453,0.08680799671652922,0.2929892146464033,0.18981631249115172,0.023660522397303173,0.5338495716768111
cardboard/cardboard_0260.jpg,cardboard,Recyclable,0.18867605540492366,0.06102096520448534,0.36395092383632743,0.15984105246598276,0.09478065706878566,0.5783101119165944
cardboard/cardboard_0261.jpg,cardboard,Recyclable,0.1989316352825782,0.027583649625565303,0.13030318178089406,0.2442022698180525,0.072105316912773,0.5774937954305429
cardboard/cardboard_0262.jpg,cardboard,Recyclable,0.2033495358612436,0.06547817653112298,0.190621790017942,0.17354736613268526,0.07382794038865481,0.49965684614646
cardboard/cardboard_0263.jpg,cardboard,Recyclable,0.21467789660833148,0.009302545861297855,0.33265009877034685,0.19821792588512582,0.0015460455228347228,0.6931791483565737
cardboard/cardboard_0264.jpg,cardboard,Recyclable,0.16327042116009755,0.025692426889568572,0.314039843806166,0.25743186747143576,0.019525345430648097,0.6049343879878377
cardboard/cardboard_0265.jpg,cardboard,Recyclable,0.22144082501652868,0.07079316821789433,0.31235090886940575,0.18164860804583388,0.025172293380538415,0.6068915106437099
cardboard/cardboard_0266.jpg,cardboard,Recyclable,0.14639304940071968,0.0,0.33055918629103676,0.24519674205430977,0.0,0.5192215436232049
cardboard/cardboard_0267.jpg,cardboard,Recyclable,0.23095771305025992,0.11172486409135096,0.30145555953727854,0.1635998529385433,0.0445131067668548,0.7099901135318547
cardboard/cardboard_0268.jpg,cardboard,Recyclable,0.16770179104377325,0.026024239800492396,0.26620795344725773,0.1523335695870644,0.05368010947984387,0.7299742766775648
cardboard/cardboard_0269.jpg,cardboard,Recyclable,0.21615396365580147,0.042429394936211375,0.2795732111759119,0.12184045956516715,0.07649329331441478,0.5937730242389758
cardboard/cardboard_0270.jpg,cardboard,Recyclable,0.19097600432046874,0.1457932270353458,0.32091270358559804,0.1624104474952408,0.03720927211383371,0.6918756567357404
cardboard/cardboard_0271.jpg,cardboard,Recyclable,0.20566352052688824,0.0068516606504790065,0.36434602542026423,0.1665927957230503,0.10619893328652637,0.6864038452571719
cardboard/cardboard_0272.jpg,cardboard,Recyclable,0.17763390521706246,0.08843049085205339,0.30474988573691825,0.24263868375611097,0.06454198451883425,0.5322914676007301
cardboard/cardboard_0273.jpg,cardboard,Recyclable,0.1678225083841269,0.08089882452743484,0.27656572675254215,0.17981757683790017,0.021346322619519416,0.6338879252474768
cardboard/cardboard_0274.jpg,cardboard,Recyclable,0.30312624596215726,0.017974012572371814,0.30169536196709307,0.2706110277707715,0.04761075826262855,0.6361897436999787
cardboard/cardboard_0275.jpg,cardboard,Recyclable,0.14688032359265601,0.06284921291622945,0.2868999014496816,0.24928649978399317,0.08562158154694254,0.8071650913614891
cardboard/cardboard_0276.jpg,cardboard,Recyclable,0.2289816586606788,0.059773889497464996,0.3136069011104135,0.1823416853594656,0.060154515303850735,0.5763678871888777
cardboard/cardboard_0277.jpg,cardboard,Recyclable,0.20842304881348073,0.08952792606823878,0.2295420204304251,0.25699392805645227,0.08951345202019595,0.5905545178407137
cardboard/cardboard_0278.jpg,cardboard,Recyclable,0.09390725504957027,0.03176534038716703,0.39078961825927766,0.19885659688505591,0.020020933031152682,0.5596180063017426
cardboard/cardboard_0279.jpg,cardboard,Recyclable,0.24203100132522767,0.06640200704604138,0.2832747530581214,0.18165877940926564,0.038247255528685346,0.5262071852401198
cardboard/cardboard_0280.jpg,cardboard,Recyclable,0.2807687844734721,0.040330385923659805,0.3852010964577848,0.27606580259612257,0.07994932694443882,0.5654703749825561
cardboard/cardboard_0281.jpg,cardboard,Recyclable,0.22018650451683047,0.04927413180827252,0.23674086974889103,0.21621796408608016,0.014628806265205928,0.6950143510769251
cardboard/cardboard_0282.jpg,cardboard,Recyclable,0.17676913513508036,0.05603478967618518,0.3198301510082299,0.18705475131479615,0.06760081404425825,0.562007707470198
cardboard/cardboard_0283.jpg,cardboard,Recyclable,0.24356486487286222,0.00962060959259755,0.3088465705682488,0.29694644995291425,0.01999006026183276,0.5457804023580118
cardboard/cardboard_0284.jpg,cardboard,Recyclable,0.22569539248294576,0.05538745345818794,0.32454410694914915,0.2244593565073832,0.0690416440568531,0.6887759873564978
cardboard/cardboard_0285.jpg,cardboard,Recyclable,0.22049093284642562,0.04276227036144373,0.3470801590841912,0.2949940967447608,0.046020987608522794,0.5220376556263486
cardboard/cardboard_0286.jpg,cardboard,Recyclable,0.25535403346434865,0.04638856508139205,0.14791313177901744,0.2423710838575211,0.03394015442138232,0.5927573374156672
cardboard/cardboard_0287.jpg,cardboard,Recyclable,0.21659901652845073,0.055714990393371994,0.34966162719973276,0.17822568147150786,0.06539317394528249,0.5792362657932866
cardboard/cardboard_0288.jpg,cardboard,Recyclable,0.23694052404437516,0.0684610245203916,0.2345192908568783,0.25429910580875165,0.033921096646578566,0.6646446238624916
cardboard/cardboard_0289.jpg,cardboard,Recyclable,0.21836436567006703,0.10514551030385368,0.28435738123397036,0.18253416019409013,0.04941741182336803,0.5757456173732579
cardboard/cardboard_0290.jpg,cardboard,Recyclable,0.23999709509710251,0.0015106817469023662,0.22624223065975518,0.14660985392104037,0.07850922775920727,0.736849069806554
cardboard/cardboard_0291.jpg,cardboard,Recyclable,0.19477753907312645,0.04493534830429968,0.3049036514179227,0.2580939151304095,0.022179405974282782,0.6190695186187828
cardboard/cardboard_0292.jpg,cardboard,Recyclable,0.2487598814891215,0.06503282509819536,0.313270713161912,0.2500523046283571,0.0,0.6542300255624726
cardboard/cardboard_0293.jpg,cardboard,Recyclable,0.1672962158436288,0.0,0.33578418196674864,0.2686829272581479,0.04587654456116925,0.6762299637762351
cardboard/cardboard_0294.jpg,cardboard,Recyclable,0.28061391289943227,0.08944743360752141,0.4147975170559975,0.23710637455359462,0.052263009167047784,0.4718427350482265
cardboard/cardboard_0295.jpg,cardboard,Recyclable,0.1876968755935026,0.024702602140514254,0.45196599022484696,0.1912057093783832,0.05369614420353457,0.6441188300832373
cardboard/cardboard_0296.jpg,cardboard,Recyclable,0.2021801223186227,0.10085153121292259,0.2564145446785884,0.20973037276186215,0.027725882429058556,0.4943981991023435
cardboard/cardboard_0297.jpg,cardboard,Recyclable,0.16941154545473575,0.04888889608854764,0.2699488442837918,0.1653789510063072,0.007810476089844989,0.5933515541897044
cardboard/cardboard_0298.jpg,cardboard,Recyclable,0.1247639812984499,0.07280167891068808,0.30577078270541524,0.12712242502675347,0.0407237276885041,0.5398274875527533
cardboard/cardboard_0299.jpg,cardboard,Recyclable,0.21595872552095904,0.09021351338069433,0.16873792712479785,0.20575130395737087,0.04519601613300079,0.6537072061160373
cardboard/cardboard_0300.jpg,cardboard,Recyclable,0.21065983141188446,0.02744092004783543,0.2776662245033367,0.16019870715982557,0.08228021415795794,0.6017049318937554
cardboard/cardboard_0301.jpg,cardboard,Recyclable,0.2950595342876504,0.04818017558556138,0.2504115263162676,0.12431428036935865,0.0,0.4732691245595608
cardboard/cardboard_0302.jpg,cardboard,Recyclable,0.21335633255057418,0.06526175069689802,0.18931665085775062,0.24475191570380578,0.03550816844949682,0.6117434409588439
cardboard/cardboard_0303.jpg,cardboard,Recyclable,0.2806110314127712,0.07690517947596595,0.2812028546465917,0.15544038872923563,0.0,0.5424677344606064
cardboard/cardboard_0304.jpg,cardboard,Recyclable,0.1894434880586153,0.020384614185464486,0.29081201230353865,0.20384259414793843,0.043254320545757646,0.5479997935341232
cardboard/cardboard_0305.jpg,cardboard,Recyclable,0.2084327335983364,0.06325821948708227,0.22367206457900074,0.2705466189873135,0.04704235603147215,0.6015079698355877
cardboard/cardboard_0306.jpg,cardboard,Recyclable,0.23541072116282788,0.05699648393790505,0.36671956437392716,0.21435620826009122,0.03162687876078686,0.6289202820164881
cardboard/cardboard_0307.jpg,cardboard,Recyclable,0.14281368963396693,0.053256791173295695,0.29767390065488775,0.18959415713637304,0.04614387465683208,0.44945207636018886
cardboard/cardboard_0308.jpg,cardboard,Recyclable,0.17256375461295193,0.052785347034233446,0.31118994743981804,0.1486162429537021,0.08797123522594102,0.53070601214284
cardboard/cardboard_0309.jpg,cardboard,Recyclable,0.24847286002633684,0.06281583085615054,0.2547640883109338,0.2887655446304756,0.014190895047305606,0.6735323338888001
cardboard/cardboard_0310.jpg,cardboard,Recyclable,0.25002911590214894,0.029881393727700656,0.397472571004503,0.18749767427005237,0.05866080887839571,0.6208257471016977
cardboard/cardboard_0311.jpg,cardboard,Recyclable,0.19328456292647261,0.07432424819479347,0.3555442104386549,0.11257340133809096,0.08913020728634458,0.467000640957146
cardboard/cardboard_0312.jpg,cardboard,Recyclable,0.2516273102170829,0.0838011541048275,0.2236323498849361,0.17945928560227076,0.01682885994542193,0.5828063175769012
cardboard/cardboard_0313.jpg,cardboard,Recyclable,0.18459828579071294,0.0733898159680802,0.3917216122283726,0.2697841905394978,0.03313495920265094,0.5832622501004378
cardboard/cardboard_0314.jpg,cardboard,Recyclable,0.11582809038895249,0.02582389800511434,0.367539614316822,0.2807791411774116,0.012969533843602346,0.5526028592677684
cardboard/cardboard_0315.jpg,cardboard,Recyclable,0.19867971215205366,0.05840483476458821,0.24332775360548475,0.2212030522232045,0.03578481958787252,0.5988438183297377
cardboard/cardboard_0316.jpg,cardboard,Recyclable,0.22731421240018498,0.05019266809432814,0.2694529876631402,0.19451950980370847,0.047349111223839946,0.5703991176094297
cardboard/cardboard_0317.jpg,cardboard,Recyclable,0.18706019686664488,0.0979594151151415,0.3392643613558867,0.185225984098542,0.07090863213532207,0.5732944408195192
cardboard/cardboard_0318.jpg,cardboard,Recyclable,0.25865623187933207,0.06108926576594282,0.292488849919704,0.2223858462905139,0.0028737154379450264,0.5098586024872156
cardboard/cardboard_0319.jpg,cardboard,Recyclable,0.14030374968004725,0.05428829284291121,0.4212760499639564,0.31156500730963166,0.06914153304322272,0.6400675579955566
cardboard/cardboard_0320.jpg,cardboard,Recyclable,0.10994711329236306,0.033719786007979355,0.24485513736642325,0.1689576200874442,0.04495568544245632,0.5622327537842298
cardboard/cardboard_0321.jpg,cardboard,Recyclable,0.10103500948121062,0.07243730768352602,0.22490798819821353,0.21196234320555749,0.1122224800924992,0.5264492326730861
cardboard/cardboard_0322.jpg,cardboard,Recyclable,0.07348562386268351,0.041419873343596675,0.37706717444989996,0.2979173727110297,0.013113512166427498,0.6397359378589217
cardboard/cardboard_0323.jpg,cardboard,Recyclable,0.17673447716099733,0.04682154937087593,0.4851040342911924,0.12485148358024234,0.05761218984483721,0.6374154537412346
cardboard/cardboard_0324.jpg,cardboard,Recyclable,0.2542893162469674,0.05293949460412686,0.3215635377652872,0.18041757162891045,0.058073808237353225,0.5725446179602072
cardboard/cardboard_0325.jpg,cardboard,Recyclable,0.23107859449280255,0.038911689918690984,0.32639702757315303,0.1985368593157511,0.08378150752316504,0.5958885021129211
cardboard/cardboard_0326.jpg,cardboard,Recyclable,0.11134837658965593,0.08785764502141975,0.23659873893961667,0.167311683067559,0.03213016117869524,0.7099550474536653
cardboard/cardboard_0327.jpg,cardboard,Recyclable,0.09321628930106524,0.1441324560097998,0.3739239766346236,0.211161945706458,0.04835317998151141,0.6228443259886125
cardboard/cardboard_0328.jpg,cardboard,Recyclable,0.22605612141896692,0.06935646757850171,0.3388923126202414,0.20447903406276247,0.04407984739078022,0.587898137307719
cardboard/cardboard_0329.jpg,cardboard,Recyclable,0.19025458598236597,0.08401310290601194,0.3415489705596603,0.05298056826678599,0.06967702329589283,0.615578895577502
cardboard/cardboard_0330.jpg,cardboard,Recyclable,0.19906456217770513,0.03834444640733343,0.37868789039902095,0.2473763231061429,0.02681366996529173,0.6325641829699628
cardboard/cardboard_0331.jpg,cardboard,Recyclable,0.1514171632729357,0.008611455056332089,0.2561297942787024,0.24311967361913794,0.0785937513612826,0.6410468336077835
cardboard/cardboard_0332.jpg,cardboard,Recyclable,0.23625478934239988,0.06548534861344875,0.25509628833439335,0.22159612723369704,0.07401228575683047,0.6603433063850859
cardboard/cardboard_0333.jpg,cardboard,Recyclable,0.2594456685737322,0.07124911541603192,0.32460137452791077,0.2535075119158214,0.0492043622225282,0.5294500279017825
cardboard/cardboard_0334.jpg,cardboard,Recyclable,0.19184665180281182,0.02765292065580653,0.2527375207517933,0.19277406646422413,0.026227402370001165,0.5753630776288767
cardboard/cardboard_0335.jpg,cardboard,Recyclable,0.10531926665231073,0.05639881122118816,0.3000843832753557,0.15914556844659047,0.06977737005297216,0.6750056110101247
cardboard/cardboard_0336.jpg,cardboard,Recyclable,0.1196220067815513,0.027118256643013577,0.2461600355148891,0.15300484494455677,0.07488424525795245,0.5844939088981757
cardboard/cardboard_0337.jpg,cardboard,Recyclable,0.18677425793446947,0.0,0.34447926211464586,0.1380370802573264,0.05179797890798985,0.6221901550366553
cardboard/cardboard_0338.jpg,cardboard,Recyclable,0.26803292979193255,0.010735388026426644,0.08863414909254219,0.20919247723768475,0.10401533544532561,0.699115708235155
cardboard/cardboard_0339.jpg,cardboard,Recyclable,0.2104829707637313,0.03525091443103858,0.3564985817646117,0.15132269001477658,0.06429073308068659,0.6404376127333301
cardboard/cardboard_0340.jpg,cardboard,Recyclable,0.253010495374944,0.13278980116733233,0.3274691177025137,0.17455181871462508,0.04923277063424017,0.4584739276088705
cardboard/cardboard_0341.jpg,cardboard,Recyclable,0.1652643434455471,0.03772152685660688,0.2633138121445785,0.2076177436016861,0.025327402028533987,0.6896824533859577
cardboard/cardboard_0342.jpg,cardboard,Recyclable,0.20001035324590988,0.04972099036584157,0.2770473698440957,0.20775953419294896,0.07475294794002904,0.530629582743128
cardboard/cardboard_0343.jpg,cardboard,Recyclable,0.16709417554623718,0.040888219136700064,0.20578903535687493,0.15903710701392512,0.035713373793660234,0.6699511344570181
cardboard/cardboard_0344.jpg,cardboard,Recyclable,0.21312806645009627,0.055807697341026336,0.359562857351758,0.19313141058003017,0.06171394549786669,0.5917422597654003
cardboard/cardboard_0345.jpg,cardboard,Recyclable,0.21326811746998142,0.03251724027165254,0.12928279892064995,0.1932860418906848,0.0926824440829982,0.6740972321793274
cardboard/cardboard_0346.jpg,cardboard,Recyclable,0.24826987422955854,0.08708392165418655,0.3062060313673006,0.20986578537027978,0.0314704431369695,0.574714171517836
cardboard/cardboard_0347.jpg,cardboard,Recyclable,0.2307885574885571,0.08611653311506448,0.29023876070233,0.17749053675742943,0.05001583876569792,0.6480965399143291
cardboard/cardboard_0348.jpg,cardboard,Recyclable,0.12780725919332292,0.0,0.26146242053558916,0.13896437870429207,0.03475579407058067,0.5881775744946023
cardboard/cardboard_0349.jpg,cardboard,Recyclable,0.17733757954884935,0.09357402603412236,0.3228721335221624,0.21502371798054143,0.06866621432130206,0.5088933505775385
cardboard/cardboard_0350.jpg,cardboard,Recyclable,0.2519555893710135,0.04772707140393621,0.34693364320688486,0.14640713834799224,0.003387237019518076,0.6654311726420022
cardboard/cardboard_0351.jpg,cardboard,Recyclable,0.21882047630487583,0.02293845336927469,0.23912358431077138,0.2562717392207385,0.014317643213980172,0.7314138362604771
cardboard/cardboard_0352.jpg,cardboard,Recyclable,0.15496896326760656,0.0691517577682515,0.27699670669757104,0.23015937155411717,0.033676579936574226,0.5869765675142165
cardboard/cardboard_0353.jpg,cardboard,Recyclable,0.20204595876978607,0.01993437632655582,0.3518577041794088,0.17433932167642074,0.04314200253979945,0.520452050031319
cardboard/cardboard_0354.jpg,cardboard,Recyclable,0.07188331706023449,0.04426916712199493,0.4688830795129041,0.23923021439490122,0.04942218860796816,0.5789687336633386
cardboard/cardboard_0355.jpg,cardboard,Recyclable,0.20112329464060233,0.06641357345525631,0.21734310292838083,0.25571608473344365,0.07146143946323733,0.6574548580566347
cardboard/cardboard_0356.jpg,cardboard,Recyclable,0.22192378694048637,0.0505884997308197,0.3471002865176774,0.2295907066870689,0.03937877867176929,0.5541118581682479
cardboard/cardboard_0357.jpg,cardboard,Recyclable,0.20509281476309935,0.09647060454485562,0.21326250470422692,0.126623736712378,0.054942825237095504,0.6040710161484815
cardboard/cardboard_0358.jpg,cardboard,Recyclable,0.20866708321852043,0.05731859593725501,0.2843758421755636,0.27449317193010414,0.0019728806457045348,0.5337202380175803
cardboard/cardboard_0359.jpg,cardboard,Recyclable,0.19483726199254764,0.0007043356653749847,0.287690191689755,0.28307350828640093,0.05062659464887886,0.6184560724574947
cardboard/cardboard_0360.jpg,cardboard,Recyclable,0.136991761741371,0.03150915775881568,0.2737362533773244,0.1841142451621883,0.08844931385011306,0.6446152848580099
cardboard/cardboard_0361.jpg,cardboard,Recyclable,0.1444271021531484,0.05739514335296015,0.33487552239477497,0.25700745192606334,0.09741622059705121,0.5187924646537705
cardboard/cardboard_0362.jpg,cardboard,Recyclable,0.1594571244394831,0.012272664232561514,0.2836186098625113,0.22331791872231674,0.07962003549767306,0.5939239181085981
cardboard/cardboard_0363.jpg,cardboard,Recyclable,0.18400762383725783,0.054552739767462215,0.24153999688589836,0.3044769360847387,0.0017701691864582467,0.6147792463116579
cardboard/cardboard_0364.jpg,cardboard,Recyclable,0.301180310961482,0.050203995336799936,0.2866972675498954,0.18212772885947864,0.04458824954712777,0.7098278779741224
cardboard/cardboard_0365.jpg,cardboard,Recyclable,0.08940690443352467,0.09600301103888977,0.20032299932848982,0.18666738353827927,0.03712266739104015,0.6470842615816575
cardboard/cardboard_0366.jpg,cardboard,Recyclable,0.12009378240581263,0.06386517998245829,0.44170167363007967,0.13184129977035947,0.05569118502831187,0.5470414257762712
cardboard/cardboard_0367.jpg,cardboard,Recyclable,0.2212943603096518,0.050574433322472565,0.2550959163668983,0.2243936142435537,0.1041304432936023,0.5847276966618161
cardboard/cardboard_0368.jpg,cardboard,Recyclable,0.2359878971074091,0.011201811263865095,0.23304945362273938,0.22362031389401887,0.09452348085607895,0.6284490679028528
cardboard/cardboard_0369.jpg,cardboard,Recyclable,0.18434709847384229,0.04997874216270062,0.21247145862211975,0.23022576631776837,0.07646999186970227,0.5638327733733536
cardboard/cardboard_0370.jpg,cardboard,Recyclable,0.17649789261202492,0.05797634688956146,0.2694296184771583,0.1966933692687089,0.11299165367499546,0.5802379439403202
cardboard/cardboard_0371.jpg,cardboard,Recyclable,0.1820829923989389,0.03057374583094523,0.3520934380049956,0.19093879133909486,0.030518808850357224,0.7057043225818409
cardboard/cardboard_0372.jpg,cardboard,Recyclable,0.2709801502256819,0.03198729302783885,0.16934220340475684,0.2503756844918461,0.029461105227199885,0.6632500479330214
cardboard/cardboard_0373.jpg,cardboard,Recyclable,0.10149480911440822,0.07677792014897927,0.2152179649503453,0.23653820595332625,0.05042819203509303,0.5236848464482684
cardboard/cardboard_0374.jpg,cardboard,Recyclable,0.17964818435366098,0.07058955370870103,0.3074126117180664,0.2292206490236242,0.10929321753546456,0.47486067106311586
cardboard/cardboard_0375.jpg,cardboard,Recyclable,0.2808606287484312,0.05313067812569639,0.23708511661738102,0.1334843187130505,0.044326388276689,0.6737320089539567
cardboard/cardboard_0376.jpg,cardboard,Recyclable,0.1936225439811233,0.09533464790742043,0.19841770169639086,0.19939555260769729,0.012428196667606431,0.6290905506099974
cardboard/cardboard_0377.jpg,cardboard,Recyclable,0.24434436950486504,0.0373771461895684,0.11770503003610058,0.20994740733982473,0.0631021565520053,0.6323435803969358
cardboard/cardboard_0378.jpg,cardboard,Recyclable,0.26178910959110774,0.017868389610528536,0.34761512738153144,0.25962537562389876,0.0,0.6255721460735182
cardboard/cardboard_0379.jpg,cardboard,Recyclable,0.17479100844961643,0.04755431980695063,0.32433735384768353,0.1756385717943224,0.02972875762515165,0.6027321933990419
cardboard/cardboard_0380.jpg,cardboard,Recyclable,0.14563770305685989,0.01742524613344444,0.3475561298069552,0.1425602982420672,0.06998937502727635,0.6370073034283161
cardboard/cardboard_0381.jpg,cardboard,Recyclable,0.11370966356047017,0.02967306042993035,0.3835876582133161,0.15094172344301593,0.036067872130718374,0.6369648714601517
cardboard/cardboard_0382.jpg,cardboard,Recyclable,0.23916952546412978,0.042453833418665134,0.25817428637158507,0.2711184930849254,0.10216698991392736,0.6783086440625437
cardboard/cardboard_0383.jpg,cardboard,Recyclable,0.2042659071282512,0.025752028350772213,0.2418688915410404,0.2261257052632879,0.06255194662666051,0.7121278874357143
cardboard/cardboard_0384.jpg,cardboard,Recyclable,0.23252250462680696,0.004907590947205463,0.3736363332406043,0.15009696863427935,0.03848086184142946,0.6200160165001355
cardboard/cardboard_0385.jpg,cardboard,Recyclable,0.29978337448919823,0.1432975566801608,0.3424706141395328,0.19084016906398063,0.06603516945441651,0.6710124340699068
cardboard/cardboard_0386.jpg,cardboard,Recyclable,0.18396661872214043,0.10385634067736967,0.31610495314339815,0.22488715445456972,0.06997772756163384,0.6337269288491565
cardboard/cardboard_0387.jpg,cardboard,Recyclable,0.24194702502348062,0.031482404403592304,0.2609188772237778,0.14499228835141525,0.0631850369186068,0.662314920280969
cardboard/cardboard_0388.jpg,cardboard,Recyclable,0.2228886433075943,0.10023477300042612,0.2996082786819667,0.23343708277962566,0.017248973715820577,0.5690320238020479
cardboard/cardboard_0389.jpg,cardboard,Recyclable,0.23477688787828888,0.07547306332229432,0.2794223136635072,0.19642003740709668,0.004463787599575719,0.5714376639354712
cardboard/cardboard_0390.jpg,cardboard,Recyclable,0.24451915817598932,0.067256150483197,0.33504660049668467,0.20248868435904802,0.0502118947588453,0.5471743088421243
cardboard/cardboard_0391.jpg,cardboard,Recyclable,0.23494142101012674,0.0626291883316817,0.33444131935949595,0.173698257866621,0.0,0.6877722169402957
cardboard/cardboard_0392.jpg,cardboard,Recyclable,0.1760581271995798,0.024116727078706386,0.3485435238339796,0.18039936800404352,0.08179809152139866,0.6493604759661358
cardboard/cardboard_0393.jpg,cardboard,Recyclable,0.23417846616002388,0.009021328663983974,0.384836078977048,0.2130625265616928,0.038921685822613905,0.61147107738738
cardboard/cardboard_0394.jpg,cardboard,Recyclable,0.11118823835508401,0.062259584344420124,0.227943994427255,0.13236648570782328,0.00432922441346327,0.689015069999194
cardboard/cardboard_0395.jpg,cardboard,Recyclable,0.16853683031536057,0.09601183129749498,0.2624938975863391,0.11463210212035267,0.016504266801540227,0.6988649296005551
cardboard/cardboard_0396.jpg,cardboard,Recyclable,0.19220509110316664,0.033551381105281976,0.31120127580969514,0.22508913680837728,0.08352196447707383,0.715879938391434
cardboard/cardboard_0397.jpg,cardboard,Recyclable,0.18201156771054572,0.010218569417538854,0.27105743872137067,0.21301402532914432,0.021087232213681677,0.5234279268083966
cardboard/cardboard_0398.jpg,cardboard,Recyclable,0.21718939407749427,0.04854042945288647,0.30229578967881104,0.16207523326499654,0.043087978573826985,0.5260613484585356
cardboard/cardboard_0399.jpg,cardboard,Recyclable,0.24450992055623935,0.08105748004171258,0.1707668496433334,0.1535244569903795,0.005104122347297631,0.5479980852474481
cardboard/cardboard_0400.jpg,cardboard,Recyclable,0.19582810151048197,0.006510643409044101,0.23546981308122805,0.14980213139592508,0.05621801988196832,0.6055475469629
cardboard/cardboard_0401.jpg,cardboard,Recyclable,0.16391312233313735,0.05530462616418194,0.26173239407889143,0.18641724448369734,0.10020356270895611,0.7072368841432278
cardboard/cardboard_0402.jpg,cardboard,Recyclable,0.13502093815362012,0.07489197253637524,0.35679775881441145,0.1425868355623691,0.07456332931264582,0.7230345534730042
cardboard/cardboard_0403.jpg,cardboard,Recyclable,0.14387275968777932,0.022474915369572097,0.37123630267904517,0.2135747655412824,0.0665442882571857,0.6272471373120397
glass/glass_0001.jpg,glass,Recyclable,0.9156278368371258,0.7071469510182242,0.961892708264858,0.8318712994699442,0.007706092559319722,0.7973913830111683
glass/glass_0002.jpg,glass,Recyclable,0.8387556998977711,0.8359978329212485,0.9428822976685658,0.7456466288100483,0.021243533598705025,0.7799553661412036
glass/glass_0003.jpg,glass,Recyclable,0.922584237035744,0.728623496291552,0.9190579139650306,0.7377952019468015,0.012253079220409416,0.7778283842699986
glass/glass_0004.jpg,glass,Recyclable,0.8947410961731334,0.8578233020009055,0.9025294305104713,0.6375396029482925,0.02749583904205421,0.8828872447214292
glass/glass_0005.jpg,glass,Recyclable,0.8483094921957752,0.8482795463671636,0.8998810091779463,0.7684441050731742,0.012942241290134937,0.7859355319810207
glass/glass_0006.jpg,glass,Recyclable,0.8686493733765441,0.7516621263378619,0.8833523233807503,0.6917724454238688,0.009328217099506448,0.7570544006533549
glass/glass_0007.jpg,glass,Recyclable,0.9272820826285049,0.904107230873515,0.8967978703451983,0.7667583150374764,0.014996851103029339,0.8283201362551565
glass/glass_0008.jpg,glass,Recyclable,0.9030382107166435,0.8519877692851806,0.9392899581072264,0.6633636304370891,0.018691560643892734,0.8532374502360046
glass/glass_0009.jpg,glass,Recyclable,0.8694685558328568,0.8026556484813322,0.9473331597124428,0.7353480326294447,0.020729780477660116,0.9418323496771617
glass/glass_0010.jpg,glass,Recyclable,0.8685605586946007,0.7033268777792357,0.9321527438241951,0.80050937535883,0.007691336261552311,0.8871956397992621
glass/glass_0011.jpg,glass,Recyclable,0.84645576801107,0.8485043036122129,0.8957655671696443,0.8703564534345107,0.02992515353168118,0.7540006047329991
glass/glass_0012.jpg,glass,Recyclable,0.8780177145636568,0.8601711520885862,0.9045147740084195,0.7468212147447433,0.010253884205424103,0.6848196106281407
glass/glass_0013.jpg,glass,Recyclable,0.8994464901562306,0.7517190558155079,0.9002750871040092,0.851054240242817,0.0,0.8487923112048786
glass/glass_0014.jpg,glass,Recyclable,0.8888414827867277,0.7804167882052916,0.9516148758420685,0.7738035906198223,0.01570612997219531,0.8580910796319717
glass/glass_0015.jpg,glass,Recyclable,0.8867476646726671,0.7571434285844575,0.8765939789376881,0.6922212629014731,0.03949094425308725,0.8746807748442073
glass/glass_0016.jpg,glass,Recyclable,0.8459570253516792,0.7074279430279501,0.9392746424687397,0.7883085358164577,0.015488838353173644,0.7847026523867782
glass/glass_0017.jpg,glass,Recyclable,0.894981829599884,0.8229515666911551,0.9234357202517333,0.5946489739076726,0.0077020036942480625,0.7489156139443812
glass/glass_0018.jpg,glass,Recyclable,0.9070084567563405,1.0,0.9346992666189722,0.7280529219679321,0.019218015019772522,0.8289612732325528
glass/glass_0019.jpg,glass,Recyclable,0.9168037796180737,0.842479541525097,1.0,0.6708378095271859,0.014736320768114545,0.7444171322011077
glass/glass_0020.jpg,glass,Recyclable,0.92222050585369,0.7356919441959734,0.9033053274557966,0.7293437060033465,0.019758167193447092,0.8551072666365449
glass/glass_0021.jpg,glass,Recyclable,0.8501713049421447,0.8038453877699895,0.8916168058100331,0.6619046562527265,0.007829829495756295,0.7814910326926509
glass/glass_0022.jpg,glass,Recyclable,0.997068659453821,0.8303071877752488,0.8648952999698305,0.710465819708034,0.020213832954293985,0.9253065663721955
glass/glass_0023.jpg,glass,Recyclable,0.8365606675104817,0.6684052930402669,0.9948386070148714,0.7772729924159633,0.0013170726812363354,0.8320777451673461
glass/glass_0024.jpg,glass,Recyclable,0.7945700904393249,0.8002362854618014,0.9331128469137234,0.8146989097676481,0.0,0.8051412296842015
glass/glass_0025.jpg,glass,Recyclable,0.8629830149576165,0.8178768628972023,0.884186147105479,0.7214329412587845,4.1846052097709724e-05,0.8390681745094195
glass/glass_0026.jpg,glass,Recyclable,0.9343380446662666,0.783576560102981,0.9215295197984011,0.6485986009756519,0.00700323351993213,0.7969877229774953
glass/glass_0027.jpg,glass,Recyclable,1.0,0.7221623081958086,0.9785670895500975,0.8197801141426065,0.012806364044901365,0.9055172290517081
glass/glass_0028.jpg,glass,Recyclable,0.9148842189042745,0.827241143696755,0.9178751738792982,0.8356498217693039,0.02096469233810884,0.7624593627502273
glass/glass_0029.jpg,glass,Recyclable,0.8472301122160493,0.785791355382304,0.8879984574240942,0.7455532797769251,0.022374381346841395,0.7725619006947927
glass/glass_0030.jpg,glass,Recyclable,0.8982870647475371,0.8040615914365877,0.9539372352882114,0.5927177466210776,0.003932997052347033,0.8126770215367685
glass/glass_0031.jpg,glass,Recyclable,0.9480031582570745,0.7655668286745657,0.8449378917583251,0.7933798012176295,0.003646376111743707,0.7286200004545784
glass/glass_0032.jpg,glass,Recyclable,0.8750261844114711,0.7870832249640906,0.8958102134184716,0.5956103760030651,0.018970661968871323,0.8764925024767234
glass/glass_0033.jpg,glass,Recyclable,0.9260608796535803,0.7203620030702629,0.9119403386420993,0.749543507933938,0.015987943895619104,0.8401004293230849
glass/glass_0034.jpg,glass,Recyclable,0.8706330480488602,0.8057396889489493,0.9382912161846096,0.8519075625502737,0.017045065398247232,0.8473434012425312
glass/glass_0035.jpg,glass,Recyclable,0.9033530651171745,0.8987321401642453,0.93639051183838,0.6897238462878501,0.02403369970125191,0.8418741963523417
glass/glass_0036.jpg,glass,Recyclable,0.8822782391548607,0.766435492282053,0.9318630218056305,0.7824229356687309,0.011972922656312064,0.8186785204065732
glass/glass_0037.jpg,glass,Recyclable,0.9679982949830552,0.875008020656442,0.927625423650601,0.8158917406537238,0.0,0.8238756229968086
glass/glass_0038.jpg,glass,Recyclable,0.9723722539893245,0.7847367873225338,0.8860946428552366,0.7043537777984857,0.0,0.7529142855123379
glass/glass_0039.jpg,glass,Recyclable,0.8851796760563989,0.7016103086574951,0.9206247333579841,0.8131594021650653,0.0009224381985307954,0.8911570354185062
glass/glass_0040.jpg,glass,Recyclable,0.9204316835411038,0.872140640993684,0.8936866178459145,0.8098167658946631,0.0,0.8534148500501906
glass/glass_0041.jpg,glass,Recyclable,0.9068735735917413,0.8387275853989349,0.872976215775006,0.6873451110406377,0.015972282182533847,0.743099119746548
glass/glass_0042.jpg,glass,Recyclable,0.9185282516839649,0.7043003535477829,0.9539269685066668,0.6637233679662043,0.015522999376795233,0.8375378560187601
glass/glass_0043.jpg,glass,Recyclable,0.872129127262817,0.840741859695931,0.9304176905333423,0.7122810700665083,0.0,0.6822424584996453
glass/glass_0044.jpg,glass,Recyclable,0.9139860018919878,0.6904638060046562,0.9238137679776524,0.7315586248742426,0.016791427754381954,0.7818772700306081
glass/glass_0045.jpg,glass,Recyclable,0.8868220885461163,0.8512309493001807,0.9334023211633647,0.7721309170027945,0.014692675898085263,0.7078656726075737
glass/glass_0046.jpg,glass,Recyclable,0.9302715471994794,0.8428728155809522,0.8793326748569401,0.7329143668428059,0.009606927123723689,0.7919301929358961
glass/glass_0047.jpg,glass,Recyclable,0.9133543986627414,0.900195674728183,0.9632706691069132,0.6581446564598016,0.016220699903060486,0.8797359991721246
glass/glass_0048.jpg,glass,Recyclable,0.9154723408275681,0.8763686297630178,1.0,0.8216596682274887,0.012493085956417288,0.8627053084450853
glass/glass_0049.jpg,glass,Recyclable,0.9057955133238756,0.8016732130299469,0.9059434305714508,0.8594389351182475,0.0018157133405799861,0.8919420634806869
glass/glass_0050.jpg,glass,Recyclable,0.9199945649496148,0.7020485677638642,0.9347059717196569,0.6029981444643863,0.016255080168310357,0.8531138889793395
glass/glass_0051.jpg,glass,Recyclable,0.8763057617739178,0.8086483387168908,0.9981662973500115,0.7145977307016644,0.0,0.8888998041477559
glass/glass_0052.jpg,glass,Recyclable,0.9785034876212318,0.8002586970293494,0.9604585214163343,0.8439033140871617,0.0025751576746161596,0.770881649877928
glass/glass_0053.jpg,glass,Recyclable,0.9492349805261894,0.9179509995095957,0.9425152344069743,0.6884129952548562,0.029870611116994412,0.7681417461312822
glass/glass_0054.jpg,glass,Recyclable,0.886594488753142,0.8239636484142735,0.982166416828591,0.8097783183586557,0.014148655003619105,0.8277973118070864
glass/glass_0055.jpg,glass,Recyclable,0.9017405867457386,0.8390697660162955,0.8188175968922279,0.7292374778651141,0.01241321934916781,0.7309391549828296
glass/glass_0056.jpg,glass,Recyclable,0.9154529327124624,0.7856870145309716,0.9902190279326196,0.86011138076504,0.005341944308818371,0.7909497373059984
glass/glass_0057.jpg,glass,Recyclable,0.8970420973756643,0.7683838366688265,0.9278009993611251,0.6969202551778687,0.0,0.8373626734340162
glass/glass_0058.jpg,glass,Recyclable,0.9251811833688725,0.7436978968238006,0.955814217230504,0.7057895589584268,0.012531652380379812,0.8492206407567474
glass/glass_0059.jpg,glass,Recyclable,0.8986554974118515,0.8318318638498795,0.8993428142444971,0.7362473391600332,0.007941405691196597,0.7552052992075857
glass/glass_0060.jpg,glass,Recyclable,0.8929290334753688,0.6915967190795378,0.9003538501143159,0.730058715464123,0.007438202475046199,0.7855101532477533
glass/glass_0061.jpg,glass,Recyclable,0.8975294320055949,0.8335609062660245,0.9549806829653009,0.7045164341206213,0.0,0.7374773352654138
glass/glass_0062.jpg,glass,Recyclable,0.880511883152203,0.7753655077528444,0.8892001573521018,0.6592718335025074,0.005438791725258118,0.8108855972068383
glass/glass_0063.jpg,glass,Recyclable,0.9238011786334226,0.7609803862824176,0.9034800871142626,0.6851311183806883,0.009685608296252236,0.7490942819485512
glass/glass_0064.jpg,glass,Recyclable,0.922925112529648,0.6749893455646122,0.9056148131019015,0.7710775137434219,0.011838345163225045,0.9615820198388298
glass/glass_0065.jpg,glass,Recyclable,0.9139920009827163,0.7297161782210593,0.9161814301164372,0.6256627566573484,0.009194002507032391,0.7500166365799545
glass/glass_0066.jpg,glass,Recyclable,0.9366156110224065,0.7615321807783126,0.9153293633681902,0.7055109511016917,0.027388513518533317,0.7807254340329254
glass/glass_0067.jpg,glass,Recyclable,0.9733022817391681,0.8569906233482787,0.9392826690934155,0.7758113203122263,0.013937972982162514,0.6843396452392635
glass/glass_0068.jpg,glass,Recyclable,0.8888446642339698,0.8591610579829025,0.9180441126610358,0.6516367107237497,0.009475955494225306,0.9022463309753295
glass/glass_0069.jpg,glass,Recyclable,0.9498756686213888,0.7956597193443778,0.9580579710823235,0.7243445085742364,0.0,0.7445320407122268
glass/glass_0070.jpg,glass,Recyclable,0.9625155507403279,0.7808204842719487,0.9102646408249994,0.7290113262607584,0.029041365895730073,0.8975575349217239
glass/glass_0071.jpg,glass,Recyclable,0.9887512093379254,0.7888668352719964,0.9318249795498839,0.6438350215405446,0.024769344261182744,0.7299332269239239
glass/glass_0072.jpg,glass,Recyclable,0.9086710225505051,0.723188823065701,0.8964453269304522,0.691391629826521,0.003921247393241821,0.7676526378110613
glass/glass_0073.jpg,glass,Recyclable,0.8780692482029969,0.8583333738246215,0.8758054882774993,0.7654378998909707,0.022179591523055583,0.7692082181291963
glass/glass_0074.jpg,glass,Recyclable,0.871283244370096,0.7838632762373825,0.9671890083344284,0.7635875341667351,0.004687857053924015,0.8290325990712825
glass/glass_0075.jpg,glass,Recyclable,0.8559083140065431,0.8476951657310065,0.9363442923080707,0.7284534070202782,0.0016141420155276892,0.7467991446629926
glass/glass_0076.jpg,glass,Recyclable,0.9213926934538365,0.8860286351742344,0.8945076901188482,0.7820870692486039,0.0,0.7649229361605681
glass/glass_0077.jpg,glass,Recyclable,0.8987576426851639,0.7363221608112717,0.8825397450084163,0.7032554310471779,0.012921927283263732,0.7887602588956175
glass/glass_0078.jpg,glass,Recyclable,0.8104707506670011,0.6515509893155453,0.8957253928857131,0.7820380610237486,0.0,0.7700161894309022
glass/glass_0079.jpg,glass,Recyclable,0.8789500857393032,0.8971836444745914,0.9045991275314855,0.776809228931865,0.011412571400874632,0.672166011211568
glass/glass_0080.jpg,glass,Recyclable,0.9307282886652695,0.8150777553819402,0.9403307455869836,1.0,0.0,0.9034817989856665
glass/glass_0081.jpg,glass,Recyclable,0.8885020992239858,0.8201130233082107,0.9181795101879503,0.7203034566621369,0.004301670717612413,0.8197705241343806
glass/glass_0082.jpg,glass,Recyclable,0.8393130521331329,0.8525405417265236,0.9033522238045899,0.670895146267175,0.005499871420041863,0.8754289530117544
glass/glass_0083.jpg,glass,Recyclable,0.8785865965193511,0.8250917532746734,0.890761748971381,0.8030545294946534,0.01685507738790204,0.9109165299977847
glass/glass_0084.jpg,glass,Recyclable,0.8929774421800314,0.8468058363330535,0.9239227015815579,0.840711024730411,0.002811676123912697,0.844700318772637
glass/glass_0085.jpg,glass,Recyclable,0.8922121081553328,0.7955068276024052,0.923670099377935,0.7676568277498674,0.008837709568780418,0.8128827909902316
glass/glass_0086.jpg,glass,Recyclable,0.9631247223024874,0.8689814779930654,0.9547661836998759,0.7181122331783291,0.0011075917177167573,0.8573180334942652
glass/glass_0087.jpg,glass,Recyclable,0.9350418717011918,0.9030869473025688,0.8958407749612308,0.7339315941247757,0.0,0.7764517336363477
glass/glass_0088.jpg,glass,Recyclable,0.9398628204231779,0.7673453234540262,0.945619191808033,0.7366647825801532,0.013240570282215607,0.73113851661106
glass/glass_0089.jpg,glass,Recyclable,0.9034083779853561,0.5906204820369494,0.9125241536735207,0.6358668729399402,0.02205994516546816,0.8466444411658707
glass/glass_0090.jpg,glass,Recyclable,0.9186668392786432,0.9064704359011566,0.8820433391670065,0.8723154238540891,0.019321915642603847,0.7858066827668633
glass/glass_0091.jpg,glass,Recyclable,0.9454248058873178,0.7225594541311856,0.8870194335388931,0.707398719373221,0.004710222919359848,0.7366065414343849
glass/glass_0092.jpg,glass,Recyclable,0.948923322683813,0.7818801919741118,0.9341001987342752,0.7100754043510423,0.0,0.8162034415034853
glass/glass_0093.jpg,glass,Recyclable,0.8235098009832089,0.7951956167740173,0.8652673984466877,0.8891093199461566,0.01911362722174722,0.8063452274762889
glass/glass_0094.jpg,glass,Recyclable,0.9505482671061868,0.7407578815773985,0.9417391751468037,0.76398673036031,0.0126402008133367,0.8763412100064061
glass/glass_0095.jpg,glass,Recyclable,0.9292996841111921,0.8202106563977517,0.8538045025508681,0.6827967593304375,0.008772910664042758,0.8056023424565991
glass/glass_0096.jpg,glass,Recyclable,0.8547918510130431,0.9688173672904895,0.980655762210143,0.7921482824274738,0.010720368612837448,0.787267461805931
glass/glass_0097.jpg,glass,Recyclable,0.8619232615991106,0.8054236362963204,0.93031010160571,0.6630767597162863,0.013341764172448974,0.7906844570705152
glass/glass_0098.jpg,glass,Recyclable,0.8236876976849044,0.7397730492454349,0.9034557786631343,0.8821381360138133,0.01556553124533758,0.7198711058540066
glass/glass_0099.jpg,glass,Recyclable,0.9194414515767055,0.6916887207743144,0.9633076421554829,0.7170212743727485,0.009063638112608291,0.8795477988525314
glass/glass_0100.jpg,glass,Recyclable,0.84851345725663,0.7022017270420906,0.8966560269461599,0.8226865195713522,0.0,0.630070664113366
glass/glass_0101.jpg,glass,Recyclable,0.8819536456636401,0.8386218559937645,0.9680104699895532,0.7175787046540221,0.005885733928839976,0.8692340440553449
glass/glass_0102.jpg,glass,Recyclable,0.8252103320121832,0.7728035457371893,0.9276169555970023,0.7814453104899524,0.004901933068091175,0.8020664607023505
glass/glass_0103.jpg,glass,Recyclable,0.8004669058634805,0.7539226111366306,0.9381403485021788,0.6812394176021724,0.010589842215895973,0.8268123500481619
glass/glass_0104.jpg,glass,Recyclable,0.8862980319656895,0.81193246396976,0.8814906973886155,0.7355372104212767,0.016102161695892226,0.8094183776581061
glass/glass_0105.jpg,glass,Recyclable,0.8765387492174426,0.8156951483003556,0.9485843916254648,0.6065041104995765,0.021590740649558977,0.7798247156791357
glass/glass_0106.jpg,glass,Recyclable,0.9170195973296092,0.883807284655166,0.8651330521107814,0.7003391298300717,0.007114513041242952,0.7529747887325343
glass/glass_0107.jpg,glass,Recyclable,0.9693974630334724,0.7400259534321245,0.8977781288205253,0.7643072322122084,0.0,0.7762591572946242
glass/glass_0108.jpg,glass,Recyclable,0.912698130450007,0.7766997716932242,0.9162645256440021,0.712946752128614,0.0,0.8192955926803543
glass/glass_0109.jpg,glass,Recyclable,0.9701973228658897,0.8012881141548407,0.9290105646899021,0.7984905928581801,0.0,0.9021508794877764
glass/glass_0110.jpg,glass,Recyclable,0.9080931518569121,0.9142299829362377,0.8906786801790405,0.8772643345790477,0.01775155494034783,0.8331824051511415
glass/glass_0111.jpg,glass,Recyclable,0.909360978174126,0.7826029967347886,0.9680212663389549,0.7598251908893633,0.0,0.7329688122975799
glass/glass_0112.jpg,glass,Recyclable,0.8925661699122901,0.8216999288215889,0.9177364604440043,0.8353279552855565,0.0,0.8086152761903097
glass/glass_0113.jpg,glass,Recyclable,0.8272808309845139,0.8531798606838918,0.9162216514223199,0.7793726980416883,0.0013611703941023394,0.8767678958994651
glass/glass_0114.jpg,glass,Recyclable,0.9416689865623541,0.8408481012108322,0.9148193101254624,0.7905900099706592,0.002931074320126511,0.8513333395412428
glass/glass_0115.jpg,glass,Recyclable,0.9659792357729569,0.874942739198543,0.8908159012077037,0.7752992122091172,0.0,0.8343434186705406
glass/glass_0116.jpg,glass,Recyclable,0.9180241365145015,0.6691128562327485,0.8735286462435055,0.7301802772279363,0.006991402528591737,0.7274313838748717
glass/glass_0117.jpg,glass,Recyclable,0.9155591491740873,0.8176031526258359,0.9122292347208593,0.6970945949889146,0.020487071264165636,0.8993244267852978
glass/glass_0118.jpg,glass,Recyclable,0.8806575406461385,0.7571483157991625,0.9396483066164799,0.724937943417711,0.008606027993367658,0.8443791891034803
glass/glass_0119.jpg,glass,Recyclable,0.8236257564997083,0.8922811627396869,0.9229072209731737,0.7211954798806474,0.00910765845778551,0.7977457613012312
glass/glass_0120.jpg,glass,Recyclable,0.830751947862203,0.9046456759217265,0.9216530252908248,0.7810101491313163,0.019515497705740428,0.738730252546382
glass/glass_0121.jpg,glass,Recyclable,0.9189388759614091,0.7812651236370844,0.9538708310086598,0.6010940805753953,0.00900905699758731,0.7638307606529624
glass/glass_0122.jpg,glass,Recyclable,0.9172905180253662,0.8329030931157742,0.891694964207119,0.700147829507677,0.008893346314426705,0.7462014663610875
glass/glass_0123.jpg,glass,Recyclable,0.9336793478180851,0.7741554959686788,0.8037204712271344,0.7237624560364736,0.0,0.7021234510723433
glass/glass_0124.jpg,glass,Recyclable,0.8505029344710971,0.807658593028308,0.9731456331299293,0.7719229131705486,0.0039349661178426035,0.8273542517102422
glass/glass_0125.jpg,glass,Recyclable,0.8816363875912403,0.7513779741585799,0.8738254932706807,0.6273719835273797,0.006100762934405547,0.8094832093952079
glass/glass_0126.jpg,glass,Recyclable,0.8961350531994045,0.770882315043685,0.8821701575721288,0.7925772334179478,0.0,0.8465616748306085
glass/glass_0127.jpg,glass,Recyclable,0.8599113192429311,0.7473295333852876,0.861328592375373,0.7149018497180054,0.01975312458477979,0.8309376853066375
glass/glass_0128.jpg,glass,Recyclable,0.9391368844811214,0.8365499782153756,0.8758532068587853,0.726844754297071,0.002198008708825373,0.8798344942423425
glass/glass_0129.jpg,glass,Recyclable,0.8521284541429476,0.8625588382572378,0.9557181548043509,0.8780734141201261,0.0059031340737050264,0.8427393295748098
glass/glass_0130.jpg,glass,Recyclable,0.9912660734615537,0.7567650826146413,0.8585983900987056,0.6183992976264565,0.017127120288613313,0.687010987516485
glass/glass_0131.jpg,glass,Recyclable,0.8851072378824831,0.8306119230927272,0.9274070214731966,0.779781140492892,0.012222898558008542,0.8767319487988037
glass/glass_0132.jpg,glass,Recyclable,0.8619073447704482,0.7526103403079029,0.8890936221891671,0.8081134268303827,0.019003985883950636,0.8270735191591105
glass/glass_0133.jpg,glass,Recyclable,0.9473397466755972,0.7175371392836534,0.9866889644620456,0.856626703519858,0.017356219972457468,0.9069079345262636
glass/glass_0134.jpg,glass,Recyclable,0.8337350716928891,0.7632886304616144,0.890587861572722,0.800503552663014,0.0,0.8454497089602492
glass/glass_0135.jpg,glass,Recyclable,0.9548214457598686,0.84866420300588,0.9313500409464601,0.6808488661369475,0.0015314903387463538,0.8749771343178
glass/glass_0136.jpg,glass,Recyclable,0.9311739601562133,0.7972686336435719,0.9032836181693644,0.6081934488822036,0.0,0.9146851452283834
glass/glass_0137.jpg,glass,Recyclable,0.8487817771599013,0.8132635874854757,0.960297758927808,0.6621554132398395,0.011847104747810833,0.8562749322506393
glass/glass_0138.jpg,glass,Recyclable,0.90049997287629,1.0,0.8532560296448722,0.8241109970918715,0.008271982626035356,0.8463152092902005
glass/glass_0139.jpg,glass,Recyclable,0.9176522860679699,0.7486790662023003,0.9291598556983737,0.6199468984021199,0.016032475005713937,0.8178895079594316
glass/glass_0140.jpg,glass,Recyclable,0.9255464067457241,0.8740682827561006,0.9347047936083884,0.7603662593858793,0.0011893166333870782,0.7572667541810569
glass/glass_0141.jpg,glass,Recyclable,0.9474693848070933,0.9005434783994185,0.9104755825475179,0.7532201923077292,0.0009538562500623401,0.8703654107160468
glass/glass_0142.jpg,glass,Recyclable,0.9266166729476711,0.9358852205524625,0.8848670769128105,0.7235394470687248,0.012314459225255724,0.8387893722635463
glass/glass_0143.jpg,glass,Recyclable,0.8913732944980948,0.738892723668241,0.9552563011569429,0.8004794753781908,0.0008372589943627506,0.8813265680663298
glass/glass_0144.jpg,glass,Recyclable,0.9468079483678642,0.8094007548073455,0.9231839144950414,0.7887840439781135,0.001382969297437418,0.8018018887498449
glass/glass_0145.jpg,glass,Recyclable,0.8139046582156328,0.8613518951852055,0.8575402711023257,0.85523938799003,0.006698799060335497,0.7872999810841295
glass/glass_0146.jpg,glass,Recyclable,0.8748906437566198,0.7798372788254547,0.9767412538059215,0.5758533940425444,0.02276965386088188,0.8202814088661026
glass/glass_0147.jpg,glass,Recyclable,0.8517191340857114,0.7247281324865534,0.9870557210883282,0.6838145184040088,0.0,0.8682388725418838
glass/glass_0148.jpg,glass,Recyclable,0.9135421150514366,0.7343452096424521,0.9286649990161848,0.6781973121451805,0.021008213984226053,0.8636822578923881
glass/glass_0149.jpg,glass,Recyclable,0.9212802479528778,0.8253162742872913,0.990447524994695,0.7499780429171757,0.0,0.8269684347699384
glass/glass_0150.jpg,glass,Recyclable,0.9834418819814845,0.7289668354769904,0.9055414893322407,0.7791512226671017,0.00946095150994261,0.7410617851773612
glass/glass_0151.jpg,glass,Recyclable,0.9448743142492189,0.9624028505412082,0.9278452583609563,0.6867152197184799,0.0,0.8154785588732709
glass/glass_0152.jpg,glass,Recyclable,0.9441550937326504,0.8332617422546768,0.9199038463632458,0.7087509843747486,0.0,0.850085079579493
glass/glass_0153.jpg,glass,Recyclable,0.9365508648554235,0.6917989149316487,0.9835935591272273,0.7901849854625801,0.023995946451457938,0.7194723350908931
glass/glass_0154.jpg,glass,Recyclable,0.8453670337833825,0.7895721483162893,0.9401113770758078,0.8757452576048874,0.017060789138151317,0.7854391233912781
glass/glass_0155.jpg,glass,Recyclable,0.8589452316933643,0.8861000400903406,0.8814117829699715,0.8639927988340625,0.007156153503934907,0.8954349243570711
glass/glass_0156.jpg,glass,Recyclable,0.9271572516023712,0.790410315739028,0.8992241451269549,0.7261364485857744,0.014283166923752377,0.8046293897730631
glass/glass_0157.jpg,glass,Recyclable,0.8762475436772518,0.7884058012777658,0.923143081188766,0.6009886133909631,0.014581681147886986,0.7412167265169917
glass/glass_0158.jpg,glass,Recyclable,0.8538667038717702,0.6818858957022503,0.8482443000852844,0.6551186747821397,0.0029097904236950953,0.9171955482515941
glass/glass_0159.jpg,glass,Recyclable,0.8789648129641918,0.8124425074387622,0.9360192554602532,0.7591745630351094,0.009225565392740064,0.7282823741840454
glass/glass_0160.jpg,glass,Recyclable,0.9580371019311685,0.926503765054652,0.8526936522350926,0.6783179986379534,0.00720189657622994,0.7421277323053885
glass/glass_0161.jpg,glass,Recyclable,0.9202386221382346,0.7490209458315371,1.0,0.8333384016040517,0.01212574030632215,0.861619175799184
glass/glass_0162.jpg,glass,Recyclable,0.9442360169742924,0.7605236758359231,0.8873513102183215,0.7554700144078753,0.01861636124497944,0.8083436239192051
glass/glass_0163.jpg,glass,Recyclable,0.8369201407123601,0.743802288923441,0.9170410854562249,0.7447034076971919,0.02972542176789808,0.7168407234560602
glass/glass_0164.jpg,glass,Recyclable,0.920223569673435,0.9042379175829803,1.0,0.7216921803771227,0.014914294527201999,0.8341856214319189
glass/glass_0165.jpg,glass,Recyclable,0.9078192692621316,0.7930808359132486,0.9374390155800019,0.572742774034622,0.016820694900626314,0.8075706742197181
glass/glass_0166.jpg,glass,Recyclable,0.8911010041288694,0.9432803537003691,0.893002639248378,0.7217846807654479,0.029915533022047344,0.7500763217090086
glass/glass_0167.jpg,glass,Recyclable,0.8779953886825385,0.7897082203598406,0.953629379285182,0.7645461755147319,0.0,0.7680698862123687
glass/glass_0168.jpg,glass,Recyclable,0.8757058226715115,0.7945945268343868,0.9370337463451932,0.7792744029121581,0.0,0.8638364592536514
glass/glass_0169.jpg,glass,Recyclable,0.9101027538398649,0.8969172433315735,0.9377679330916269,0.8270926070415033,0.01466545311450127,0.8807735453721649
glass/glass_0170.jpg,glass,Recyclable,0.9208900254407112,0.7931459327489968,1.0,0.8122325985595924,0.01573744421004413,0.7234217350076999
glass/glass_0171.jpg,glass,Recyclable,0.8484676953014585,0.8204900837499298,0.9258208479107297,0.7070114204494179,0.0114098269961206,0.8953176156826158
glass/glass_0172.jpg,glass,Recyclable,0.927816098982012,0.7201294043173083,0.9155396469142822,0.6936523463403207,0.006123000835914388,0.7751830600622215
glass/glass_0173.jpg,glass,Recyclable,0.8808941766958398,0.7121405239618623,0.9148938127392724,0.7107574654206883,0.0,0.9231783214700998
glass/glass_0174.jpg,glass,Recyclable,0.9435507861686669,0.7736589492552504,0.920752761989624,0.6679841956877707,0.026957228778108654,0.9138373216863868
glass/glass_0175.jpg,glass,Recyclable,0.906267749129861,0.8716471450929741,0.927011471157357,0.6564292192786848,0.005881766310363427,0.8079156780063175
glass/glass_0176.jpg,glass,Recyclable,0.8818180912502622,0.7846942705795475,0.9163440176996355,0.7443385051494177,0.010522584904974833,0.736363696016204
glass/glass_0177.jpg,glass,Recyclable,0.8713193540348826,0.7100791014010022,0.9591126219874481,0.6026047140711772,0.021535903433169253,0.8831809638357706
glass/glass_0178.jpg,glass,Recyclable,0.8879127765206951,0.6177804038520891,0.9055475775213084,0.7455071087097827,0.0,0.7690868963715055
glass/glass_0179.jpg,glass,Recyclable,0.9612078079545341,0.8465449013611219,0.8830174354248761,0.6381680581283198,0.00672982682390229,0.7871925932389737
glass/glass_0180.jpg,glass,Recyclable,0.9198479674945327,0.7625278301202639,0.9404599830144745,0.885460782804216,0.018155010224442627,0.7971146895601537
glass/glass_0181.jpg,glass,Recyclable,0.8926739811578682,0.775032880607409,0.9672256364980858,0.7060880587834087,0.010452227089999825,0.8030718741128652
glass/glass_0182.jpg,glass,Recyclable,0.8799286322875387,0.703927411648113,0.9329189801447068,0.7457297219701231,0.015002404694365699,0.76798398161365
glass/glass_0183.jpg,glass,Recyclable,0.948832851952522,0.7386258353151709,0.9884816113607158,0.6276654443120216,0.014347700645568912,0.8285258409515974
glass/glass_0184.jpg,glass,Recyclable,0.8681777172823647,0.829707575650271,0.9711807467904063,0.5948226812452155,0.015027448074908146,0.6504037507801954
glass/glass_0185.jpg,glass,Recyclable,0.8613734078590717,0.9140416455430662,0.8967287186643179,0.6678284024913719,0.008020622710153181,0.9240743802898131
glass/glass_0186.jpg,glass,Recyclable,0.826732710111759,0.7264083061852459,0.9798972673271851,0.8800391640476413,0.008965687757097161,0.7256568378484015
glass/glass_0187.jpg,glass,Recyclable,0.9838337400723663,0.9116109674224439,0.9471578795104894,0.6931318355743806,0.009509706591619633,0.7903783951373102
glass/glass_0188.jpg,glass,Recyclable,0.9132340521846232,0.9015701006691936,0.9551766816454962,0.6745836746110669,0.023764964500195378,0.8187879284007894
glass/glass_0189.jpg,glass,Recyclable,0.9274826318343566,0.9026578601495022,0.8755367900194579,0.7474922094905476,0.004685454486407849,0.7059284344780727
glass/glass_0190.jpg,glass,Recyclable,0.9138683991041968,0.9758089586109098,0.8463968902197699,0.7477403572265371,0.016405429350747736,0.8073846920993709
glass/glass_0191.jpg,glass,Recyclable,0.8954748778993704,0.7090548545587924,0.9293114697176066,0.6970265216088851,0.0,0.8716755332308239
glass/glass_0192.jpg,glass,Recyclable,0.9383354327936817,0.8036162683795757,0.9291629875282281,0.8252022608900893,0.012243396567780826,0.8542410532856789
glass/glass_0193.jpg,glass,Recyclable,0.888100711965046,0.8918388617001763,0.9328314290373074,0.7635836360524112,0.0,0.8172173512581026
glass/glass_0194.jpg,glass,Recyclable,0.866721803300222,0.7553202091430055,0.8873849748673552,0.6753635547670542,0.031247714030169613,0.8798803437193042
glass/glass_0195.jpg,glass,Recyclable,0.9768147000857704,0.7143973486311106,0.9228501499964358,0.6594544662357132,0.00304305122802936,0.7449123809950056
glass/glass_0196.jpg,glass,Recyclable,0.9495833602576624,0.7722639225328769,0.9627351733477607,0.7922884622711963,0.03303638752104789,0.7112333466116166
glass/glass_0197.jpg,glass,Recyclable,0.950369329591472,0.8802508609280509,0.8810648464789187,0.8204993335531212,0.013361449630262288,0.7863514244027956
glass/glass_0198.jpg,glass,Recyclable,0.86704258052112,0.749662338398557,1.0,0.7500477973270238,0.01782130001531459,0.7525460370999468
glass/glass_0199.jpg,glass,Recyclable,0.8688058821511344,0.875738936647496,0.8660169515379388,0.720935036246631,0.01034027411072232,0.8066823561104032
glass/glass_0200.jpg,glass,Recyclable,0.8928362685993537,0.8277073846767147,0.9477142302327125,0.8014246281821531,0.0001419619133217337,0.7829506941242722
glass/glass_0201.jpg,glass,Recyclable,0.9477905144750776,0.8626253031301712,0.8650856219407574,0.7746035930246541,0.0,0.8028160941236222
glass/glass_0202.jpg,glass,Recyclable,0.9759106806698391,0.733647509791171,0.8866270781803367,0.8034820847101002,0.0,0.7620346982068977
glass/glass_0203.jpg,glass,Recyclable,0.9238576455032701,0.7555999906617418,0.9105612005115612,0.8020929997220524,0.014215460835365613,0.8160091037777242
glass/glass_0204.jpg,glass,Recyclable,0.8864351088291985,0.8259042780688269,0.9150506927960098,0.7820463926948049,0.005030679748820217,0.7890458615372276
glass/glass_0205.jpg,glass,Recyclable,0.8604016882979195,0.7975494672995636,0.8875599654548463,0.6720167484886604,0.012586611478553882,0.8127643865514597
glass/glass_0206.jpg,glass,Recyclable,0.9313149493979429,0.7698212101297431,0.9363221138734703,0.7885558300591564,0.014447738078315949,0.7504607790318715
glass/glass_0207.jpg,glass,Recyclable,0.9059745392908476,0.8254898207238264,0.9202871386763177,0.603946563914024,0.011604896239734801,0.9327518623638346
glass/glass_0208.jpg,glass,Recyclable,0.8855984292497208,0.7490346031501276,0.934933942388456,0.77186647473266,0.021927351654164144,0.7245279106454667
glass/glass_0209.jpg,glass,Recyclable,0.9292552101029997,0.8413295442876025,0.9143141385223782,0.7737081122545183,0.020294574815983575,0.8523389228017071
glass/glass_0210.jpg,glass,Recyclable,0.8542792275170509,0.857411073072884,0.9174124557986993,0.7551011868610861,0.010731969910016945,0.7909854206721044
glass/glass_0211.jpg,glass,Recyclable,0.9476682998842826,0.7941397428105552,0.8752181548646732,0.722452910082119,0.011786947168104757,0.8737528870578231
glass/glass_0212.jpg,glass,Recyclable,0.9241237873979533,0.7404625304877069,1.0,0.7685342717684586,0.022753907379990147,0.7908971339853663
glass/glass_0213.jpg,glass,Recyclable,0.921334369788218,0.8587627953162884,0.9687277884701703,0.8240157813764758,0.01872197000072978,0.7810947961283535
glass/glass_0214.jpg,glass,Recyclable,0.8771301583217576,0.8232825257226939,0.9573251228936428,0.7344095509456375,0.020651719657143866,0.8871570047291708
glass/glass_0215.jpg,glass,Recyclable,0.8633471632370633,0.7414155507342605,0.9143849976437866,0.7715328867732437,0.004754329862329491,0.8811321607320287
glass/glass_0216.jpg,glass,Recyclable,0.9169626744607381,0.8027612933768518,0.8625636190452589,0.6578928928500745,0.012810092502818064,0.6720442624307099
glass/glass_0217.jpg,glass,Recyclable,0.9405054963857629,0.7889292308939376,1.0,0.9115541375431278,0.008185509307524833,0.7936197798481212
glass/glass_0218.jpg,glass,Recyclable,0.9398232605600813,0.9192220826942628,0.8544788377025594,0.6249537174251719,0.003779651944456186,0.8349642549904319
glass/glass_0219.jpg,glass,Recyclable,0.9198749436203039,0.8748840018488696,0.8720120988653877,0.5878699295921787,0.018580141953021455,0.7503082236220859
glass/glass_0220.jpg,glass,Recyclable,0.8192604854244545,0.8101544622171568,0.9517270275287472,0.7414560007515106,0.005421516138175108,0.7904382660712457
glass/glass_0221.jpg,glass,Recyclable,0.8851766895039687,0.7056367021641883,0.8914127729203828,0.786489593350967,0.013216785413765001,0.8100835883580093
glass/glass_0222.jpg,glass,Recyclable,0.8601940607258648,0.7872947786505033,0.8329173981422858,0.7624933664719773,0.024288577078135674,0.7115520720774737
glass/glass_0223.jpg,glass,Recyclable,0.8765628930672899,0.8230374745097091,0.9701137053770994,0.7186242768589896,0.0030774967073410363,0.6818646114550351
glass/glass_0224.jpg,glass,Recyclable,0.9041375251723243,0.9429453228100622,0.931094338478587,0.7484404714571401,0.013220823107669855,0.7993344797630839
glass/glass_0225.jpg,glass,Recyclable,0.8674794251095949,0.8576295940974394,0.9290304609244702,0.751232927635356,0.0002463397272174997,0.8782104759160856
glass/glass_0226.jpg,glass,Recyclable,0.9265881098133244,0.7612955413842889,0.9600729941472775,0.7151700413130355,0.00217996507488963,0.7544178129511828
glass/glass_0227.jpg,glass,Recyclable,0.8291572578764763,0.8330079666292745,0.846754204866466,0.6640089318113966,0.0,0.7948358184325465
glass/glass_0228.jpg,glass,Recyclable,0.8939871815891252,0.7771312650769545,0.878296892213177,0.6679436372594352,0.014643698635465743,0.7669668840974908
glass/glass_0229.jpg,glass,Recyclable,0.9126543328614458,0.7380325919713044,0.9272425097108433,0.8412294626121245,0.015861658003927834,0.7752551709070112
glass/glass_0230.jpg,glass,Recyclable,0.9102879588142371,0.7831534377828852,0.9203152073877892,0.7272072263496048,0.008356647941146088,0.8127256011844506
glass/glass_0231.jpg,glass,Recyclable,0.860265652016722,0.7288884821107016,0.8644582978467517,0.6379810226847403,0.0,0.8095677504082478
glass/glass_0232.jpg,glass,Recyclable,0.8642884993803247,0.8359530124961768,0.9213885499501026,0.6122047050593362,0.0165497558422169,0.8486479187355026
glass/glass_0233.jpg,glass,Recyclable,0.8602454930066059,0.8294134080026495,0.8857400705036321,0.7568369263723835,0.0,0.6924136128479255
glass/glass_0234.jpg,glass,Recyclable,0.8846873124154813,0.7913389737607616,0.9040928122554159,0.6671178609244208,0.00600100937868863,0.8161576851548441
glass/glass_0235.jpg,glass,Recyclable,0.8982042787950986,0.812775072141945,0.8931953919818307,0.8320202540301311,0.0,0.8292536178252031
glass/glass_0236.jpg,glass,Recyclable,0.9472756437183985,0.8336635664924227,0.9118990309174069,0.7130192067335914,0.02036087651046256,0.7146215044842996
glass/glass_0237.jpg,glass,Recyclable,0.8611950295848143,0.7721709564155795,0.9695061503004799,0.7765837345228628,0.0003195424148975459,0.7813815376769059
glass/glass_0238.jpg,glass,Recyclable,0.8754270742361483,0.7503147705436526,0.9591555823422712,0.6539779809515546,0.026087808557343738,0.8496937814110774
glass/glass_0239.jpg,glass,Recyclable,0.943634466824148,0.7675942341582319,0.9140023712368357,0.6496793729832702,0.00475337592933197,0.8296192908585891
glass/glass_0240.jpg,glass,Recyclable,0.9518425224712559,0.7224990228238284,0.9053797625205894,0.7394090545837234,0.0,0.8354809545055041
glass/glass_0241.jpg,glass,Recyclable,0.8710403867302956,0.7863226754176084,0.9019220251235249,0.6947463045996228,0.009929550145194452,0.7870634252859187
glass/glass_0242.jpg,glass,Recyclable,0.8851256847088534,0.749007686482376,0.9327809868313183,0.8657532087944599,0.011398872328391273,0.8597670928946678
glass/glass_0243.jpg,glass,Recyclable,0.8443911229938615,0.8110433007505639,0.8761052672411573,0.6466152550727668,0.002606285925409637,0.8715139600648144
glass/glass_0244.jpg,glass,Recyclable,0.9380006331467858,0.817010330543808,0.8586919776044029,0.7362603544028444,0.013017000089017355,0.8105321737747159
glass/glass_0245.jpg,glass,Recyclable,0.8262482566607702,0.737677750638609,0.9174368894340513,0.7875403636662033,0.0,0.7902725614712085
glass/glass_0246.jpg,glass,Recyclable,0.9057219507951582,0.8594728391961349,0.9477143033694975,0.7907799923166163,0.0020005949329806576,0.6855198717726017
glass/glass_0247.jpg,glass,Recyclable,0.884277889717544,0.8701142277645992,0.9757381811009773,0.799738437160845,0.014293408228017345,0.822778378903158
glass/glass_0248.jpg,glass,Recyclable,0.8777552501295688,0.7908957794512467,0.9867627810330533,0.6840209395945687,0.026147787907098513,0.7806783107304766
glass/glass_0249.jpg,glass,Recyclable,0.9530172843638032,0.7015229493351723,0.943436168046586,0.6984260904836664,0.0,0.8131120425446567
glass/glass_0250.jpg,glass,Recyclable,0.9403788715438388,0.7408540992984552,0.8600393615816639,0.7435708664965531,0.009125646712228189,0.8328991776532699
glass/glass_0251.jpg,glass,Recyclable,0.9379837828545795,0.7958409373109254,0.9942201325917706,0.7656964321174704,0.006535734939931004,0.7033059584538304
glass/glass_0252.jpg,glass,Recyclable,0.8894936191873533,0.7764529138212205,0.9584121918512588,0.7823738536846798,0.0,0.8103352631846623
glass/glass_0253.jpg,glass,Recyclable,0.9268612468691622,0.9069621951571484,0.9555001586965625,0.8032592658018034,0.010600859946151637,0.8232987203254071
glass/glass_0254.jpg,glass,Recyclable,0.9499801960282463,0.7067055821764245,0.9060224269113218,0.6959201875870631,0.01379153118726124,0.8738133305390473
glass/glass_0255.jpg,glass,Recyclable,0.876121028531157,0.6326786942771394,0.9035111701990213,0.8139431612412185,0.015376299029498797,0.8256911748686346
glass/glass_0256.jpg,glass,Recyclable,0.8888002679250209,0.710467848464615,0.9406117728649788,0.6916002732975762,0.031840967333804565,0.834230432501271
glass/glass_0257.jpg,glass,Recyclable,0.876774067897842,0.7572030326827961,0.9162822317354565,0.7332348654584775,0.02116833775529954,0.8111849701846429
glass/glass_0258.jpg,glass,Recyclable,0.8707347304436589,0.9323308479609048,0.921972333260809,0.8038187773178228,0.003917734925552407,0.8217869376646715
glass/glass_0259.jpg,glass,Recyclable,0.9124443996457279,0.6677245495532693,1.0,0.8403451122645783,0.006028046838540124,0.7338638155726487
glass/glass_0260.jpg,glass,Recyclable,0.9139024645521421,0.8060688389590078,0.9342267579425292,0.7634104177335863,0.01506240989305926,0.8868383419635084
glass/glass_0261.jpg,glass,Recyclable,0.9227241282051458,0.7265241150763042,0.9745025141084981,0.8648430194441801,0.04152056734512085,0.7325903580056241
glass/glass_0262.jpg,glass,Recyclable,0.909715280526011,0.654253090776771,0.9421259662551684,0.7116259791283259,0.029234457948249533,0.7535231017988852
glass/glass_0263.jpg,glass,Recyclable,0.8324326784813095,0.7670115381508237,0.8409804891513145,0.8025769618155117,0.0,0.8017074548709896
glass/glass_0264.jpg,glass,Recyclable,0.8168875272057522,0.7775791536824351,0.9857351262321814,0.7752453524005056,0.0013650639503506607,0.798127790663655
glass/glass_0265.jpg,glass,Recyclable,0.9007206748817779,0.8330841242090384,0.865325665468767,0.7914797091693131,0.0,0.7622069268581714
glass/glass_0266.jpg,glass,Recyclable,0.8804690463019382,0.8443328778249868,0.9209052341070748,0.65161058623006,0.00015006874182984901,0.8119208005728444
glass/glass_0267.jpg,glass,Recyclable,0.8968373063254178,0.7594613123254977,0.9007666484195209,0.7987317598011502,0.004823074271307854,0.7947145253582556
glass/glass_0268.jpg,glass,Recyclable,0.9867974635232217,0.7003422154181255,0.8459262907370138,0.8048512765359025,0.0032135693870589677,0.7809057483354428
glass/glass_0269.jpg,glass,Recyclable,0.8687537448747554,0.7818139901462742,0.9839415244838536,0.8061489921032684,0.01862223511886977,0.7150263766524413
glass/glass_0270.jpg,glass,Recyclable,0.8539538505378852,0.6012644938360201,0.8876247671566899,0.816969223046996,0.01516946515748371,0.7867092042228726
glass/glass_0271.jpg,glass,Recyclable,0.899107988651278,0.7517780120197216,0.9281903552960714,0.8036114795636431,0.0,0.8179788612702409
glass/glass_0272.jpg,glass,Recyclable,0.9372973948381867,0.7709429797725642,0.9480280244848234,0.9470258111130787,0.008956572070131081,0.8235984230003195
glass/glass_0273.jpg,glass,Recyclable,0.8704777166535443,0.8126875813821436,0.9384108649992922,0.7636389638189096,0.0,0.8123817062795271
glass/glass_0274.jpg,glass,Recyclable,0.9584878375487055,0.8314045035160169,0.9584794875628737,0.7334091620991161,0.017499002394237108,0.8167560702929916
glass/glass_0275.jpg,glass,Recyclable,0.8619635708125107,0.8222964703359212,0.8803321334623876,0.7056983807580646,0.011893283072923741,0.8178346564028075
glass/glass_0276.jpg,glass,Recyclable,0.8524307013969149,0.8737790039828014,0.942880251132019,0.7006690095072381,0.0,0.7913057252551141
glass/glass_0277.jpg,glass,Recyclable,0.8821622514455536,0.8079198319937116,0.9054753335537774,0.6094780197478493,0.0061165306169884155,0.7816628533359012
glass/glass_0278.jpg,glass,Recyclable,0.9253464409909624,0.7511260227772265,0.9871469869349027,0.616185161454377,0.023111674978026246,0.7865408617473137
glass/glass_0279.jpg,glass,Recyclable,0.9343833948937422,0.8055861038841113,0.9655822214410188,0.7228846624813032,0.0,0.8852302572362638
glass/glass_0280.jpg,glass,Recyclable,0.8954607741647144,0.8155090931536948,0.9693900765617919,0.6777631330533895,0.015954908976392575,0.7646063146122266
glass/glass_0281.jpg,glass,Recyclable,0.8947132257742252,0.8050595275769002,0.8599911255421226,0.6954814070025696,0.02351072892413139,0.8531714713150877
glass/glass_0282.jpg,glass,Recyclable,0.8974944169069107,0.8170186420959026,0.9082302997745417,0.8449608370079588,0.007996474222058361,0.813910525528091
glass/glass_0283.jpg,glass,Recyclable,0.9458412057656826,0.7455839960607866,0.9823515673798758,0.6428677013179636,0.026296421311127985,0.7776394649628816
glass/glass_0284.jpg,glass,Recyclable,0.8902920500869888,0.667699288017194,0.9018082113048923,0.6772135428281181,0.0039235365462652735,0.7917613420526672
glass/glass_0285.jpg,glass,Recyclable,0.9383116645789162,0.8145322345980438,0.9323070661360446,0.6733136427808106,0.0011924591039726984,0.9079235011010788
glass/glass_0286.jpg,glass,Recyclable,0.8705919586094701,0.9159345776440108,0.9102775520447653,0.7501601555300453,0.020703651602299297,0.8763135453163194
glass/glass_0287.jpg,glass,Recyclable,0.8955674975888365,0.7728229862534923,0.9177631820591116,0.7736570269762483,0.018913036868697556,0.8002537915396492
glass/glass_0288.jpg,glass,Recyclable,0.9247554519209261,0.9146851812589659,0.9352523844905914,0.7718156999203345,0.0,0.6421561917902563
glass/glass_0289.jpg,glass,Recyclable,0.9155350291692067,0.793362303810339,0.8994086930034103,0.7670471142930442,0.009395962708030918,0.867666815038034
glass/glass_0290.jpg,glass,Recyclable,0.9034444347303592,0.7477153700450883,0.9596066495583716,0.7348008247537658,0.015265366836723072,0.771355357628432
glass/glass_0291.jpg,glass,Recyclable,0.8740069245801025,0.8058917761129988,0.9205131457417475,0.7835878924756783,0.007313542466902575,0.6898184129737762
glass/glass_0292.jpg,glass,Recyclable,0.8826890446564645,0.8555672927000672,0.9081049568302758,0.7327531618239816,0.01986376505905937,0.7572816063644647
glass/glass_0293.jpg,glass,Recyclable,0.838287871270284,0.7887558216332154,0.9006330419500506,0.6823627576172722,0.008246215441013094,0.829490338834807
glass/glass_0294.jpg,glass,Recyclable,0.8996284575372874,0.8214886750880367,0.992536307940617,0.7259984796909705,0.012783486346446696,0.7694471982440519
glass/glass_0295.jpg,glass,Recyclable,0.8661456112045212,0.7590564642607561,0.9008496571391325,0.7751633058282988,0.03349075786700757,0.7570373938234496
glass/glass_0296.jpg,glass,Recyclable,0.8833349877753816,0.7955813890822127,0.9358319539483899,0.768448556836835,0.022840957939481175,0.6544164757678875
glass/glass_0297.jpg,glass,Recyclable,0.8045228051921731,0.7652885279592896,0.9638920075017484,0.6404046377876083,0.0,0.8342707643731526
glass/glass_0298.jpg,glass,Recyclable,0.9097462889481086,0.72368541152404,0.8805784159711628,0.6821179396255728,0.011105353174739402,0.7624210834290196
glass/glass_0299.jpg,glass,Recyclable,0.9197625567590209,0.6001761335966926,0.885725925394888,0.6711762227362265,0.007436593216275078,0.7677171344905918
glass/glass_0300.jpg,glass,Recyclable,0.9319137511958306,0.669846425983796,0.9218196590532302,0.7890835496248194,0.02856647436561955,0.7710940417343916
glass/glass_0301.jpg,glass,Recyclable,0.9129783441741007,0.6737296045206345,0.8243217518274791,0.809134206304719,0.009944397063519295,0.8707107613879054
glass/glass_0302.jpg,glass,Recyclable,0.8450638844412101,0.8363931497670127,0.9947527136217542,0.7793793925850087,0.012765815055910488,0.800513364849461
glass/glass_0303.jpg,glass,Recyclable,0.8371647417149636,0.8948901054997245,0.8955656944077974,0.7853138279468111,0.0,0.7292324201295333
glass/glass_0304.jpg,glass,Recyclable,0.9574034959688894,0.775688839772951,0.9781310190417019,0.7445238538659038,0.0,0.8535240559839032
glass/glass_0305.jpg,glass,Recyclable,0.8764043072897757,0.8489082169461931,0.9210084347016033,0.6419817240439991,0.011642947653705691,0.931773388529168
glass/glass_0306.jpg,glass,Recyclable,0.9197194583405784,0.7959737572896176,0.963013736078276,0.7647467925642177,0.012095342302627944,0.734502489670454
glass/glass_0307.jpg,glass,Recyclable,0.909353921031584,0.8724810391491862,0.886557513915999,0.8497147074872864,0.009082939758548741,0.7467338293076876
glass/glass_0308.jpg,glass,Recyclable,0.9399052830768098,0.7799244034983212,0.9503805954994443,0.7295768957419024,0.009401738564700963,0.8296136122600576
glass/glass_0309.jpg,glass,Recyclable,0.9116358823036003,0.6603127753683784,0.8751502503962244,0.8150586989353571,0.008678634110984528,0.7685761218337147
glass/glass_0310.jpg,glass,Recyclable,0.845657039389701,0.7244184575106907,0.8391280544015222,0.7429103496908926,0.004015624194189531,0.7420047265408811
glass/glass_0311.jpg,glass,Recyclable,0.8972750629932819,0.8254779441596917,1.0,0.644168160630575,0.02159381043300522,0.8583860936609043
glass/glass_0312.jpg,glass,Recyclable,0.868836290424932,0.8142265168210222,0.9016946700264954,0.7629982006293117,0.025091310134045506,0.8363363739578789
glass/glass_0313.jpg,glass,Recyclable,0.9203443349293376,0.7698783476031751,0.8606377334030266,0.7354072252621714,0.022066081548639153,0.7083699286046212
glass/glass_0314.jpg,glass,Recyclable,0.8577964252729322,0.8088387415363848,0.8806138086061095,0.6945233587019352,0.005764014182718229,0.7180629557485911
glass/glass_0315.jpg,glass,Recyclable,0.8610351261513453,0.8492399541751117,0.8677052087107615,0.6381489505853614,0.0036997502046610562,0.8439173301505908
glass/glass_0316.jpg,glass,Recyclable,0.8921231276801245,0.7674793245319067,0.9217743519006243,0.6278004796998243,0.014947056537750324,0.8230061018842187
glass/glass_0317.jpg,glass,Recyclable,0.8836276610361712,0.8704147158257493,0.8749001560418785,0.8289536295277499,0.011544936655952511,0.7798068446073096
glass/glass_0318.jpg,glass,Recyclable,0.8992050545852676,0.7924914663932341,0.9688113158567088,0.674632461077029,0.002374807608534018,0.8621781735243488
glass/glass_0319.jpg,glass,Recyclable,0.8761786025926457,0.8630373154132115,0.9879774393203484,0.7218743481140857,0.016813623265753055,0.7307784631196086
glass/glass_0320.jpg,glass,Recyclable,0.9301893319227124,0.8139596790190737,0.9389215312864087,0.7048099549575223,0.0,0.8301951238849703
glass/glass_0321.jpg,glass,Recyclable,0.8174638739008219,0.7777854655430226,0.9576472746567988,0.7634328415111126,0.02948342644789813,0.8615065491549064
glass/glass_0322.jpg,glass,Recyclable,0.8738440644669769,0.8019119365896008,0.9181051718982226,0.639247626565771,0.0005960108351564675,0.7663543455812084
glass/glass_0323.jpg,glass,Recyclable,0.8185511798857625,0.803324542777615,0.9100371262138784,0.6328974269081897,0.01404212865277332,0.8429523646814576
glass/glass_0324.jpg,glass,Recyclable,0.9090813791545955,0.7773152277353721,0.9436576860700743,0.7976154252333684,0.013074035697196885,0.7505232649739144
glass/glass_0325.jpg,glass,Recyclable,0.9110640306204473,0.8836836455577836,0.8961348376555308,0.8968557537392702,0.004743690660146156,0.8019444208004082
glass/glass_0326.jpg,glass,Recyclable,0.8731005761597466,0.8156289585144183,0.850311132294589,0.7117770740828295,0.0,0.8081203008735375
glass/glass_0327.jpg,glass,Recyclable,0.9397778950203564,0.8452204330980186,0.8251336255656443,0.8929448757049516,0.012952799406208684,0.7534100515704201
glass/glass_0328.jpg,glass,Recyclable,0.9062851167596376,0.8123332875751885,0.8933260513219375,0.7638541667139452,0.003925277123796927,0.7757382804385987
glass/glass_0329.jpg,glass,Recyclable,0.8725488345697966,0.6997130097182244,0.9258334588086155,0.7909709605561437,0.015148835960763721,0.8491955151581141
glass/glass_0330.jpg,glass,Recyclable,0.9129736084005947,0.7627092151248168,0.9535865545772476,0.6549737722110646,0.0009932861748751989,0.7421479957146053
glass/glass_0331.jpg,glass,Recyclable,0.9432022423655724,0.8659951959898053,0.9394922094817998,0.8250350905648258,0.001207172175880119,0.8209157071916588
glass/glass_0332.jpg,glass,Recyclable,0.8949930228646734,0.8592817472719441,0.9153910306979122,0.7230539978112943,0.0154090851856099,0.852570150031474
glass/glass_0333.jpg,glass,Recyclable,0.873266192206128,0.7957247030053337,0.8776623746543339,0.5751357287754942,0.01200459631413729,0.836534321375278
glass/glass_0334.jpg,glass,Recyclable,0.910482672363469,0.6635306797571943,0.905966022796941,0.5947156567964242,0.023697011076541846,0.7348367250729149
glass/glass_0335.jpg,glass,Recyclable,0.9502161443783959,0.8662108750578903,0.8839763858985575,0.6707050534112579,0.013503702163863382,0.7493405577690158
glass/glass_0336.jpg,glass,Recyclable,0.9040993856863283,0.7662020686435158,0.8487536634213747,0.5938672386612879,0.012266842484945972,0.7663065352201626
glass/glass_0337.jpg,glass,Recyclable,0.8778764073234347,0.848710468736565,0.9669376910652978,0.7309218695046733,0.006594012930901385,0.830008581986833
glass/glass_0338.jpg,glass,Recyclable,0.845722577212017,0.8156207138323388,0.9420754388728863,0.7976161145892341,0.0,0.7543186838114636
glass/glass_0339.jpg,glass,Recyclable,0.8648694698870614,0.806992086808645,0.9392297831907194,0.8547697285212187,0.005050345196319269,0.7701456501014472
glass/glass_0340.jpg,glass,Recyclable,0.9459868807551499,0.8207603856971214,0.970706060447519,0.7702109602106886,0.0,0.7200122987133316
glass/glass_0341.jpg,glass,Recyclable,0.8379395100376429,0.8463436284330932,0.9675438729234803,0.8794553498970467,0.018431053323232402,0.8697703146520992
glass/glass_0342.jpg,glass,Recyclable,0.8767993466938526,0.7190508928279301,0.9540031732967021,0.779237652656758,0.011074443743408926,0.8232422888379795
glass/glass_0343.jpg,glass,Recyclable,0.9129274192983282,0.8898671801897493,0.9717994233926783,0.7880954246638243,0.01845802872562928,0.8308437531454866
glass/glass_0344.jpg,glass,Recyclable,0.8815532107186153,0.8529595272439199,0.8642201972456296,0.8237724086607119,0.0,0.8171481972076841
glass/glass_0345.jpg,glass,Recyclable,0.8661938416629537,0.83873722881521,0.9186429909628837,0.6383670829285667,0.014206996310184789,0.7653247533900374
glass/glass_0346.jpg,glass,Recyclable,0.9352458688325348,0.8000927982114086,0.9358168394155215,0.6829701731489352,0.004106677685726381,0.772481681833935
glass/glass_0347.jpg,glass,Recyclable,0.9342680992097022,0.9174163961463843,0.887793129930285,0.8253793701260377,0.0,0.7283486359344626
glass/glass_0348.jpg,glass,Recyclable,0.8616488617525291,0.7053243917391495,0.8566564644084969,0.7789099238496459,0.007859323022721387,0.8227643238563066
glass/glass_0349.jpg,glass,Recyclable,0.9276189074448605,0.8185931895220774,0.946310527046015,0.7451327399630412,0.0,0.8634688508492478
glass/glass_0350.jpg,glass,Recyclable,0.8764355146887549,0.7345082590866302,0.9128832849678241,0.686103235649244,0.005825696180105678,0.820643235293808
glass/glass_0351.jpg,glass,Recyclable,0.9139336695698451,0.737151895350206,0.9004917850820503,0.825203310333917,0.014964001177339412,0.9245039023609125
glass/glass_0352.jpg,glass,Recyclable,0.9472051269496611,0.8801005147991958,0.864485257981768,0.8034702246143396,0.009468931983030894,0.7669410917877051
glass/glass_0353.jpg,glass,Recyclable,0.9067206136213012,0.8661648074228039,0.9400332636401685,0.6885068339060558,0.017424589135926205,0.7617447474754422
glass/glass_0354.jpg,glass,Recyclable,0.9086673247585715,0.7787654952766007,0.911245349930575,0.8036370082528357,0.0,0.916711704456616
glass/glass_0355.jpg,glass,Recyclable,0.8271565572282201,0.75816326217216,0.9348084755976697,0.7909019916504717,0.008995242794282949,0.7965565578199075
glass/glass_0356.jpg,glass,Recyclable,0.9164220034131046,0.7838251365779624,0.9757272503173963,0.8087544379962122,0.018728243510056346,0.742030596597775
glass/glass_0357.jpg,glass,Recyclable,0.896824463023772,0.7789673835895508,0.8797759449724214,0.7752114928762037,0.004623542422201836,0.8393242297910143
glass/glass_0358.jpg,glass,Recyclable,0.8571923374842267,0.9203328428989275,0.8841466936563176,0.7653511636040305,0.01791859310388068,0.7657615741879933
glass/glass_0359.jpg,glass,Recyclable,0.934098745737318,0.7139571481539709,0.9780847079673025,0.7509904485476031,0.004035885920311204,0.7820490936543539
glass/glass_0360.jpg,glass,Recyclable,0.9323567707757088,0.7590881295704693,0.8900256924230889,0.7344924381691383,0.0,0.9092326344765089
glass/glass_0361.jpg,glass,Recyclable,0.8773442163514111,0.8582131750326283,0.9283788033459109,0.6810826164662622,0.009940452907872706,0.8470401667586449
glass/glass_0362.jpg,glass,Recyclable,0.8924695465965478,0.883517906209572,0.9608606157112746,0.814324039826083,0.00540343227727003,0.7352094531331108
glass/glass_0363.jpg,glass,Recyclable,0.8754564957854882,0.8137368658466705,0.9418314685412943,0.5979900016667686,0.009918867983882498,0.8094853535193911
glass/glass_0364.jpg,glass,Recyclable,0.888898229747378,0.8903891687311116,0.9368712029700349,0.8417134335656629,0.007840394796497677,0.8562486495504156
glass/glass_0365.jpg,glass,Recyclable,0.9654026557811008,0.8918185414490863,0.8763143362628507,0.7322426745720333,0.006548352945502036,0.8293552721045797
glass/glass_0366.jpg,glass,Recyclable,0.9274541422005813,0.7412775128181985,0.9227135405566775,0.6086050867490704,0.024419450058018898,0.7692575455593984
glass/glass_0367.jpg,glass,Recyclable,0.9022345575937799,0.7783245200208357,0.9658411030005366,0.5513745491021834,0.00983389657674091,0.7936508745501382
glass/glass_0368.jpg,glass,Recyclable,0.8818545444963327,0.9208358581944943,0.8845068216457692,0.8040257324064963,0.013562527887060836,0.875691155152131
glass/glass_0369.jpg,glass,Recyclable,0.8733124366088998,0.748692177061337,0.963842796299096,0.7797724915831077,0.0,0.7676416991322038
glass/glass_0370.jpg,glass,Recyclable,0.9154553061539225,0.8586434955082612,0.8928307738722818,0.5460020807128141,0.015232231857370333,0.7267807586033614
glass/glass_0371.jpg,glass,Recyclable,0.8193064480751036,0.6017371852511102,0.9525592344079097,0.7590032215283476,0.007743436192877484,0.8833414617777657
glass/glass_0372.jpg,glass,Recyclable,0.9254929873209229,0.9131410029905342,0.8642905811133201,0.7475814563232226,0.0,0.786237060088672
glass/glass_0373.jpg,glass,Recyclable,0.890055365849333,0.843862954608415,0.921822555245676,0.7936384996795941,0.01703440133138894,0.9292957206429886
glass/glass_0374.jpg,glass,Recyclable,0.8873881337885551,0.7341284109533535,0.9298433446126564,0.6938403981002319,0.02481960768436536,0.7830069176632861
glass/glass_0375.jpg,glass,Recyclable,0.8773769452850404,0.7670078995194218,0.9487366969388656,0.738957711173796,0.0035833317986961764,0.8999211150574119
glass/glass_0376.jpg,glass,Recyclable,0.86575320637353,0.8024896251823096,0.9460922460644092,0.6358065422708049,0.01480260501405925,0.7366935394711731
glass/glass_0377.jpg,glass,Recyclable,0.9329113112333601,0.7326144291656717,0.9477107612739545,0.8274083146406299,0.01861436525632805,0.8150789988942861
glass/glass_0378.jpg,glass,Recyclable,0.8907479622828121,0.7596506296565609,0.9788413876326842,0.701035334588265,0.0,0.8399221361019699
glass/glass_0379.jpg,glass,Recyclable,0.8681545278725402,0.7334955551773712,0.8622558295132094,0.7161963112377637,0.009172849761035069,0.814585503659642
glass/glass_0380.jpg,glass,Recyclable,0.9380522497719793,0.8368828546566056,0.9123651112178729,0.7361263026534196,0.015101574689151836,0.8763542097757142
glass/glass_0381.jpg,glass,Recyclable,0.905052567979328,0.7671608402052714,0.8802853599565782,0.6488356314911442,0.01666269672043523,0.8346787114183735
glass/glass_0382.jpg,glass,Recyclable,0.9230945410042665,0.7909938387553561,0.97627738983567,0.7161117053790628,0.019552692372072057,0.7976754263006275
glass/glass_0383.jpg,glass,Recyclable,0.8756659694128265,0.8414771215122433,0.9363854447473597,0.7749880931486848,0.010812784220561988,0.7977264150969902
glass/glass_0384.jpg,glass,Recyclable,0.9955348797148176,0.8828979651637322,0.9489130757994205,0.7578259410742372,0.020071572005966692,0.8310796865834872
glass/glass_0385.jpg,glass,Recyclable,0.9010481901109615,0.778750497231386,0.9167633064934925,0.5280701984885361,0.012106008392976418,0.7706914351933785
glass/glass_0386.jpg,glass,Recyclable,0.9637067999313154,0.8013540849568228,0.8724414632186016,0.7465083892110318,0.0,0.828404444942748
glass/glass_0387.jpg,glass,Recyclable,0.9116378945735795,0.8670487741775788,0.8883647283322175,0.7523805667359703,0.0,0.8420896869154829
glass/glass_0388.jpg,glass,Recyclable,0.9207548472176049,0.83470635147193,0.9200647612542777,0.7790341023552154,0.02604339108308596,0.7828943445774792
glass/glass_0389.jpg,glass,Recyclable,0.9055458073484034,0.7239711590573014,0.8852695615360667,0.7568469305165315,0.021039335467019072,0.7846231505449057
glass/glass_0390.jpg,glass,Recyclable,0.890563338827515,0.7715180328846938,0.8986097331662272,0.7706480018996175,0.0,0.8768563746000037
glass/glass_0391.jpg,glass,Recyclable,0.8733831080748216,0.85053324398067,0.869200056104245,0.7968188091382353,0.016719446078144976,0.8230521243203538
glass/glass_0392.jpg,glass,Recyclable,0.8602228591280083,0.8174683732718654,0.8726777526106245,0.732306572143267,0.02029413100955326,0.8478021156242446
glass/glass_0393.jpg,glass,Recyclable,0.9006073177016174,0.7317635396854011,0.9458235084869677,0.7513566866388618,0.0,0.8469577895789911
glass/glass_0394.jpg,glass,Recyclable,0.8990306866452124,0.8841715873588151,0.8761891792462878,0.52763073307628,0.012790838583451852,0.8174938206009184
glass/glass_0395.jpg,glass,Recyclable,0.8323731348957419,0.7315050317893376,1.0,0.7286072570092338,0.01730958976376216,0.7609604103578971
glass/glass_0396.jpg,glass,Recyclable,0.8163878840458738,0.7880819227242867,0.9093758175885558,0.722008523293214,0.008853591644936076,0.8158560962987382
glass/glass_0397.jpg,glass,Recyclable,0.8939953219498478,0.7115195682436846,0.9394473916624776,0.6135439771274304,0.0,0.8443508296820941
glass/glass_0398.jpg,glass,Recyclable,0.9202808108854142,0.7959823244448175,0.8641820598097971,0.7004462341528147,0.00737253252313496,0.7042463618855532
glass/glass_0399.jpg,glass,Recyclable,0.8704388536790707,0.8456631236723676,0.9770922145715687,0.7206395673139014,0.017564883543160985,0.685156395764752
glass/glass_0400.jpg,glass,Recyclable,0.9263780496445445,0.7437236109690764,0.9322938246683189,0.7326573307232204,0.02320414009783834,0.747533861099605
glass/glass_0401.jpg,glass,Recyclable,0.9251042519024733,0.7804344775692427,0.9136677808796135,0.7371302274788554,0.001543268955058871,0.7991540620455998
glass/glass_0402.jpg,glass,Recyclable,0.8974940711151271,0.8168868173884711,0.9233802058277145,0.8058596184728566,0.01923508616047369,0.736962600690332
glass/glass_0403.jpg,glass,Recyclable,0.9347509000236308,0.7169564501023102,0.9435142355255094,0.7933817149292008,0.0,0.8055787547917647
glass/glass_0404.jpg,glass,Recyclable,0.8812601554655874,0.7468864319445238,0.9740340932279603,0.7042424601553807,0.001936230708819502,0.8045416964003056
glass/glass_0405.jpg,glass,Recyclable,0.9274235898519367,0.7900845989792912,0.9666548218267701,0.7871682963374863,0.0,0.7682319821895796
glass/glass_0406.jpg,glass,Recyclable,0.877526316025932,0.8335552667400596,0.8150073177450355,0.9284306796102406,0.015310260948942101,0.8089326082350615
glass/glass_0407.jpg,glass,Recyclable,0.9472627086567659,0.9640557836968838,0.9548298657835361,0.8164169167530134,0.011306900244643824,0.7915084547979832
glass/glass_0408.jpg,glass,Recyclable,0.880968182239804,0.7421721605799821,0.8925194360120201,0.6554610824959912,0.009241285493149768,0.6989199453664169
glass/glass_0409.jpg,glass,Recyclable,0.9076366609657485,0.7974568574370361,0.9258774119354676,0.7134507900986006,0.04076860370180504,0.8816069540108188
glass/glass_0410.jpg,glass,Recyclable,0.8502182999966111,0.8163007661198829,0.8956797542825071,0.6789864191304811,0.0,0.8259330014455553
glass/glass_0411.jpg,glass,Recyclable,0.8727447905972171,0.8677478216817643,0.9597512885812176,0.8461740069648015,0.0014761323392589645,0.8285219366415206
glass/glass_0412.jpg,glass,Recyclable,0.925298168665692,0.7668075277427225,0.889129121704285,0.8626664466043181,0.012274958757320539,0.8381580650427043
glass/glass_0413.jpg,glass,Recyclable,0.867116959526883,0.7146500873434465,0.8972220090203156,0.7413185028827002,0.0,0.799409311480977
glass/glass_0414.jpg,glass,Recyclable,0.83245979247726,0.721596680427109,0.9468364499310751,0.7922653364194526,0.006081232346131336,0.7389341414553828
glass/glass_0415.jpg,glass,Recyclable,0.8589038579389596,0.773871222784108,0.9457807396658117,0.8149771983941028,0.00503468264518031,0.7307904544409131
glass/glass_0416.jpg,glass,Recyclable,0.9107137455146533,0.7423525520561906,0.8992698944455519,0.8427693263305926,0.018271154285657683,0.8094784587350872
glass/glass_0417.jpg,glass,Recyclable,0.8491232399554911,0.8147977597229462,0.9625062916315011,0.7237056433964125,0.023511140899867153,0.8775647173710924
glass/glass_0418.jpg,glass,Recyclable,0.966549313285739,0.8213670188571948,0.9434956679922405,0.8489931101831762,0.014473939370689757,0.7699259535325873
glass/glass_0419.jpg,glass,Recyclable,0.8820582865388855,0.8166988467641618,0.8683775431221513,0.7399718759245065,0.020965471182302537,0.6685247689300832
glass/glass_0420.jpg,glass,Recyclable,0.9613792840717806,0.8785661953092212,0.901609415366781,0.7880373579510267,0.010031477269063267,0.873799422106321
glass/glass_0421.jpg,glass,Recyclable,0.9393073257107977,0.7019950493771894,0.9434904965385671,0.7356060502449726,0.010828325705181,0.7563096859418111
glass/glass_0422.jpg,glass,Recyclable,0.9699254827648335,0.8728043273931804,0.8904091534410814,0.6565772575162837,0.006143273690221518,0.8260701587654784
glass/glass_0423.jpg,glass,Recyclable,0.9096082337578489,0.8877192977337771,0.9515967888872341,0.8178698318027035,0.013268554006104374,0.7166420761873407
glass/glass_0424.jpg,glass,Recyclable,0.892172058754124,0.8742062817936066,0.9179390828590142,0.7852163258036623,0.006812516847538669,0.7382112890874893
glass/glass_0425.jpg,glass,Recyclable,0.8950662374381556,0.8216333210122858,0.8937724912215423,0.7335002128600332,0.0006053675801401745,0.8671546950538458
glass/glass_0426.jpg,glass,Recyclable,0.8882217696964787,0.9016928881588329,0.9811499140216364,0.7443267824694779,0.0,0.6748461273359998
glass/glass_0427.jpg,glass,Recyclable,0.8411185170789284,0.7038315622570939,0.9751387850984602,0.7581077211058862,0.013896045240919879,0.6667747394638925
glass/glass_0428.jpg,glass,Recyclable,0.8520813428313095,0.8620955843512401,0.9314709644953035,0.7396956304920081,0.015648423586001225,0.898147868368149
glass/glass_0429.jpg,glass,Recyclable,0.891158301458518,0.8048558861860649,0.9277038767492523,0.9174476744691795,0.0,0.8409933808873286
glass/glass_0430.jpg,glass,Recyclable,0.8954079100496375,0.8396740208328927,0.893705097840211,0.7465724478399085,0.01711410579465495,0.9867746120626305
glass/glass_0431.jpg,glass,Recyclable,0.9323214475760829,0.7406354081378644,0.9030496127190919,0.7182610124131302,0.0,0.7801945884979138
glass/glass_0432.jpg,glass,Recyclable,0.9293131632728698,0.7108037516646244,0.9619393060420237,0.7841442374759037,0.0026576667802896215,0.7915082217597292
glass/glass_0433.jpg,glass,Recyclable,0.9639328723056413,0.8513483469454106,0.920351346195926,0.7333621678127311,0.010766090704516597,0.7692941865234618
glass/glass_0434.jpg,glass,Recyclable,0.8158100197712395,0.9429524537374312,0.9262129999679761,0.7778703085585776,0.009420922501230913,0.7558929919565248
glass/glass_0435.jpg,glass,Recyclable,0.8925630207620492,0.6880423666463983,1.0,0.6635841601104323,0.0,0.773584447736816
glass/glass_0436.jpg,glass,Recyclable,0.9515230289940951,0.8010156299483858,0.8705545681587815,0.8378036852530137,0.017310006267854814,0.8323060974329872
glass/glass_0437.jpg,glass,Recyclable,0.9286293696468336,0.9676053330407717,1.0,0.7019299259897693,0.026238849928111527,0.822990091385534
glass/glass_0438.jpg,glass,Recyclable,0.91996383264551,0.681541041784967,0.9131845693844722,0.6931023486764405,0.018280588148933092,0.8642648300241683
glass/glass_0439.jpg,glass,Recyclable,0.8170205459593476,0.7984575595197011,0.9648744601917701,0.7369324726380588,0.017290636450023645,0.8210699280576251
glass/glass_0440.jpg,glass,Recyclable,0.913666409278105,0.7810079515352192,0.8713367678345717,0.6714928896802481,0.017093525144553173,0.8011674953311331
glass/glass_0441.jpg,glass,Recyclable,0.894459510215711,0.7703276970374353,0.9077924461807699,0.8232838256141698,0.006647559181319733,0.7195361172019059
glass/glass_0442.jpg,glass,Recyclable,0.929746071021607,0.7856586335294699,0.9212558346213111,0.8625304814479657,0.009794394426494928,0.8173510203871236
glass/glass_0443.jpg,glass,Recyclable,0.852843060348067,0.7846231383354328,0.944381041808344,0.641123838631113,0.012008450931157096,0.8060474643586885
glass/glass_0444.jpg,glass,Recyclable,0.9016514982234975,0.872601122906077,0.9333775405939408,0.8534650328849511,6.410484405963875e-05,0.808155474033101
glass/glass_0445.jpg,glass,Recyclable,0.9033786714555979,0.7251521854371444,0.9582518000836538,0.9127271314096973,0.00982993925516169,0.830301265296426
glass/glass_0446.jpg,glass,Recyclable,0.9033807390326131,0.7500490731064977,0.8471695888879194,0.7005958561833244,0.0,0.9022461246835471
glass/glass_0447.jpg,glass,Recyclable,0.8953956122430704,0.775785646966698,0.9555661529915123,0.6714774228000878,0.0023313596199544765,0.8040843361549173
glass/glass_0448.jpg,glass,Recyclable,0.9411507596569393,0.8351179531618153,0.9299330057006353,0.7554682414665211,0.014002358555267751,0.8120991743077554
glass/glass_0449.jpg,glass,Recyclable,0.8588011090089226,0.8032255455143207,0.87705245364329,0.7556757780030576,0.0051935205851175855,0.9523628973669718
glass/glass_0450.jpg,glass,Recyclable,0.8984042246499315,0.7017032303616888,0.9146327915729231,0.7863551121946522,0.026733639461525238,0.7646328560036769
glass/glass_0451.jpg,glass,Recyclable,0.8367028810390544,0.8571785908001688,0.864776051764014,0.7194691190944761,0.00742379514489006,0.7958219928019935
glass/glass_0452.jpg,glass,Recyclable,0.9275665782829734,0.7521456002399529,0.9090508299133296,0.7490010752935428,0.01149597957518788,0.8058696304824754
glass/glass_0453.jpg,glass,Recyclable,0.9174402310089033,0.8590687656749216,0.9357053646260387,0.7817509866456454,0.0,0.8030136619499408
glass/glass_0454.jpg,glass,Recyclable,0.9191803019200644,0.8510258836199316,0.8923059690306483,0.7038672507577949,0.004258993247164017,0.8321848339934806
glass/glass_0455.jpg,glass,Recyclable,0.9413552421969684,0.7714777924895879,0.956318492545082,0.7586435866415217,0.008757142228375637,0.7873169462109219
glass/glass_0456.jpg,glass,Recyclable,0.9298644545840863,0.822790447175095,1.0,0.6903442749901874,0.015181017020299756,0.7682479394113093
glass/glass_0457.jpg,glass,Recyclable,0.8652285205204543,0.799239300407552,0.9254940991762814,0.9542721488542065,0.00815854184316798,0.732189276230919
glass/glass_0458.jpg,glass,Recyclable,0.9109204286997754,0.6547751973717543,0.9163217286958294,0.7511217697606613,0.017946003829452113,0.8584173349656709
glass/glass_0459.jpg,glass,Recyclable,0.8798572152436913,0.7894570189759047,0.8893551667755732,0.6710356211634614,0.013098947793806345,0.7235848670842041
glass/glass_0460.jpg,glass,Recyclable,0.8834149239771255,0.7303378228070534,0.9419873274516104,0.8761001069486541,0.0,0.6888188910261459
glass/glass_0461.jpg,glass,Recyclable,0.8950045245859973,0.8010988457170432,0.928746372270292,0.7187575639335958,0.007993607011745682,0.8220506246324362
glass/glass_0462.jpg,glass,Recyclable,0.9416172357057936,0.6631465860777203,0.9052424224387415,0.7649666155758744,0.0008202389538926394,0.9038701779060381
glass/glass_0463.jpg,glass,Recyclable,0.8745836047908505,0.7971095119094902,0.9422408838736916,0.7086100647838673,0.0,0.774280728385008
glass/glass_0464.jpg,glass,Recyclable,0.9411776222370817,0.7764173411250404,0.8861426279416409,0.8147970546651905,0.006692251039769473,0.769390351180987
glass/glass_0465.jpg,glass,Recyclable,0.9059782435865325,0.8539525146733151,1.0,0.8079065275360197,0.021598399663883446,0.7696420280607287
glass/glass_0466.jpg,glass,Recyclable,0.858965275761221,0.8043631944733387,0.9242867966103839,0.6745041081044783,0.008247054700959872,0.8239590561031479
glass/glass_0467.jpg,glass,Recyclable,0.9144157358007232,0.8353001497368991,0.9316385892054978,0.7145093938510961,0.004860993733511568,0.7280629161203674
glass/glass_0468.jpg,glass,Recyclable,0.9713910015674039,0.8009415255233505,0.911005877768206,0.6849845542983279,0.039356579023277785,0.7356003180666263
glass/glass_0469.jpg,glass,Recyclable,0.8828460829757571,0.8291085785400243,0.9440085186297712,0.8170552438650979,0.02807608507769263,0.8303694593276428
glass/glass_0470.jpg,glass,Recyclable,0.8577587680013333,0.7820138412414753,0.9323132949005555,0.8947758229054077,0.0,0.8721545903135137
glass/glass_0471.jpg,glass,Recyclable,0.9071965747818567,0.8586481374660637,0.9159202113345628,0.6910297158911571,0.017508727794013322,0.8392658616263373
glass/glass_0472.jpg,glass,Recyclable,0.938882278629589,0.7990686755234956,0.8960071190672061,0.6408849103483311,0.018193732681394063,0.8254333689466392
glass/glass_0473.jpg,glass,Recyclable,0.8613686946854416,0.7622998428692364,0.9013296475219424,0.6461910897612307,0.0018231760339486626,0.7319701785916188
glass/glass_0474.jpg,glass,Recyclable,0.8835008395244826,0.7482911751169307,0.8549198031653301,0.8915813161398637,0.02252540731029231,0.753258834708801
glass/glass_0475.jpg,glass,Recyclable,0.9108968558661444,0.8292225562874906,0.9676434341909391,0.6926976481337945,0.02092106783982426,0.767125681747584
glass/glass_0476.jpg,glass,Recyclable,0.8465655038332555,0.8506895591520148,0.9716303369648972,0.931153628147148,0.0,0.8419351811048473
glass/glass_0477.jpg,glass,Recyclable,0.8836079502482587,0.8548351097366822,0.8611804179507501,0.6616061157011005,0.0022412517683351616,0.8047378427400851
glass/glass_0478.jpg,glass,Recyclable,0.8743567493384659,0.8461338040739395,0.9610757847303166,0.7919704278871749,0.026187876396608682,0.8249495977673206
glass/glass_0479.jpg,glass,Recyclable,0.8513241315863933,0.8954363559476839,0.8957937505757602,0.81372929497799,0.025737342165551062,0.827401280643824
glass/glass_0480.jpg,glass,Recyclable,0.840153647473414,0.7357251483443146,0.9729097786754055,0.7381614120050028,0.010795735349421659,0.8455294649698166
glass/glass_0481.jpg,glass,Recyclable,0.9278529144832129,0.8195159868669823,0.9116532651511814,0.728113208798735,0.01857898825291343,0.8332141718640677
glass/glass_0482.jpg,glass,Recyclable,0.8897079999752885,0.8757478619095199,0.9148386353948087,0.6903836477965924,0.0024102930109665523,0.7412755498214141
glass/glass_0483.jpg,glass,Recyclable,0.8891035993358525,0.8863606994835336,0.8877961927587796,0.7631933032712672,0.003433106543725868,0.7843814575237138
glass/glass_0484.jpg,glass,Recyclable,0.8395983515205899,0.7845623239590425,0.9122517848078016,0.7878201560824987,0.012232809132553705,0.7280964725028773
glass/glass_0485.jpg,glass,Recyclable,0.9433679297617418,0.8147212128155398,0.9279357406870995,0.7493572352630403,0.004822425527777803,0.8130681403849236
glass/glass_0486.jpg,glass,Recyclable,0.9190235374371433,0.6777173016058112,0.8984495665061563,0.7321537120717487,0.012561706056942781,0.8715986603556276
glass/glass_0487.jpg,glass,Recyclable,0.8691303674161287,0.7651426707227511,0.899498635574138,0.6938930686926821,0.006528135048877375,0.8462481331992783
glass/glass_0488.jpg,glass,Recyclable,0.8578465801854263,0.8299470076607033,0.8519239107992667,0.7107063402490456,0.00670510699782014,0.9004915803748439
glass/glass_0489.jpg,glass,Recyclable,0.8890079078098925,0.6459129568584357,0.8400444437255501,0.7523820710442677,0.01613770855789909,0.8225273514576352
glass/glass_0490.jpg,glass,Recyclable,0.9067028042320396,0.8813581718253968,0.8984163511705148,0.8126437389218778,0.0,0.745703130023716
glass/glass_0491.jpg,glass,Recyclable,0.8277183442027274,0.7807608289531146,0.9181495513093464,0.7579871044558564,0.010618833528871352,0.7443468001512964
glass/glass_0492.jpg,glass,Recyclable,0.8923903662234713,0.6951787331975976,0.97452915900529,0.7287461748971399,0.005111138809563088,0.895336419706645
glass/glass_0493.jpg,glass,Recyclable,0.8503101386580308,0.7212089020177622,0.8761511870052574,0.7452490032810363,0.014316316296375973,0.8443805280870701
glass/glass_0494.jpg,glass,Recyclable,1.0,0.6425397282059466,0.9443494235649768,0.7110008599199438,0.0041358485111122655,0.7628136723047674
glass/glass_0495.jpg,glass,Recyclable,0.8636492131676811,0.9179167384222416,0.9536918930805561,0.7516237184990162,0.023510157524870005,0.7092482620820675
glass/glass_0496.jpg,glass,Recyclable,0.846771794746763,0.647542258746372,0.8920234183950685,0.7613188968693327,0.01102858577932334,0.8089605146635929
glass/glass_0497.jpg,glass,Recyclable,0.8435577267573567,0.8562208319829816,0.9295851007295599,0.8013137997026198,0.0,0.8186894515278674
glass/glass_0498.jpg,glass,Recyclable,0.852489390403299,0.7721873723214047,0.9413745959454554,0.7563765524379139,0.0014846002022068112,0.8003763893710651
glass/glass_0499.jpg,glass,Recyclable,0.8387385873902543,0.8805187177128808,0.91178863922015,0.8282984960978729,0.00473468312903957,0.7685854406956051
glass/glass_0500.jpg,glass,Recyclable,0.8694325285344862,0.8613321752185154,0.8916227537068611,0.7951216802690624,0.006175476023307098,0.6814422020065029
glass/glass_0501.jpg,glass,Recyclable,0.8771874372885414,0.7174624249946007,0.9213561089472936,0.6666714585027856,0.019259751007146168,0.7945354483788184
metal/metal_0001.jpg,metal,Recyclable,0.9446721201572378,0.03311784275575165,0.8981953467037931,0.8485930873761244,0.0022879970045070943,0.7613015191943935
metal/metal_0002.jpg,metal,Recyclable,0.9294185072889446,0.007655755067040769,0.8553528726496148,0.8258397183203381,0.016879329720514282,0.8193508364364654
metal/metal_0003.jpg,metal,Recyclable,0.9482887649944117,0.04367974886393779,0.8670912606977483,0.8457973720818005,0.003980555580648229,0.8183384301642511
metal/metal_0004.jpg,metal,Recyclable,0.9244816024114415,0.009179862684342012,0.8877832919372157,0.8344678210095412,0.0,0.9384084646529891
metal/metal_0005.jpg,metal,Recyclable,0.9595989557343548,0.0,0.8279075536379588,0.8577620467979892,0.02704592093297377,0.7945943770870565
metal/metal_0006.jpg,metal,Recyclable,0.9792812215806783,0.04798972853944686,0.8185672847462715,0.8305740466797836,0.0,0.8398269429459847
metal/metal_0007.jpg,metal,Recyclable,0.948902300769712,0.03319299996164741,0.9045091735510223,0.7976332754764847,0.0,0.8489377610361879
metal/metal_0008.jpg,metal,Recyclable,0.9588061258990592,0.024988353753700836,0.8336663376245478,0.8587326469764754,0.025154448083522477,0.8690867084481254
metal/metal_0009.jpg,metal,Recyclable,0.9387989472499074,0.009996043658080085,0.8415073821161134,0.9645717973281448,0.008166992904738027,0.8490102827739646
metal/metal_0010.jpg,metal,Recyclable,0.9355305928719109,0.0419796671488393,0.9479918627372337,0.8815429134601972,0.010827729037854257,0.8518391416587117
metal/metal_0011.jpg,metal,Recyclable,0.8784707963364276,0.03490301728569635,0.8567083207997922,0.8799839435462508,0.0028853780591629515,0.8307771560511454
metal/metal_0012.jpg,metal,Recyclable,0.9376692519049048,0.04043245968146078,0.8310620081698453,0.9957862225476859,0.014308624190150374,0.7862158670002134
metal/metal_0013.jpg,metal,Recyclable,0.9461436112024413,0.006966497556871686,0.7402808765089988,0.9619629658079653,0.01703142542220004,0.8766603658949657
metal/metal_0014.jpg,metal,Recyclable,0.9549621098089911,0.0,0.8258191430222281,0.9089246542348809,0.0,0.7234115341874593
metal/metal_0015.jpg,metal,Recyclable,0.9431868197665721,0.01716484891944923,0.8567781708207355,0.9009963050460175,0.016376058122312086,0.862938490262196
metal/metal_0016.jpg,metal,Recyclable,0.9858659416426012,0.0,0.8752290907238695,0.8938576854335859,0.0,0.7748564695658805
metal/metal_0017.jpg,metal,Recyclable,0.927621736205732,0.0067691711496941625,0.8876709731751216,0.8069822851416233,0.0014365148171879612,0.819418313165272
metal/metal_0018.jpg,metal,Recyclable,0.9835589700246263,0.020260867487539042,0.8410374487321544,0.8422996150909263,0.022920603343265226,0.8125414136698379
metal/metal_0019.jpg,metal,Recyclable,0.9894652487282031,0.024209925978430073,0.8419790309012326,1.0,0.0,0.8323157120216497
metal/metal_0020.jpg,metal,Recyclable,0.91302706282508,0.039049239410723385,0.934459446682584,0.9668945946983247,0.02223948753146005,0.8401189766102017
metal/metal_0021.jpg,metal,Recyclable,0.9390427706753046,0.0,0.9517936767590897,0.8828284654703927,0.0050804309513051695,0.9164028444493484
metal/metal_0022.jpg,metal,Recyclable,0.9208170644971999,0.02813244068445348,0.8413685432854583,0.8947073997916211,0.009364264608138786,0.7774536054444388
metal/metal_0023.jpg,metal,Recyclable,0.9522672911801011,0.04097728283750725,0.8485391797073008,0.904258058511236,0.0,0.8486869603365074
metal/metal_0024.jpg,metal,Recyclable,0.9312646863473426,0.034939616802094196,0.8515745781130998,0.8983051573435629,0.020877104261578662,0.8845809287560694
metal/metal_0025.jpg,metal,Recyclable,0.9581935530288093,3.575482977189598e-05,0.8498606944666549,0.8126836718588917,0.006559360432957734,0.8312732924624875
metal/metal_0026.jpg,metal,Recyclable,0.9206022327565326,0.0,0.8165928475836116,0.8635365616346911,0.0,0.8507841118235812
metal/metal_0027.jpg,metal,Recyclable,1.0,0.04046113110504479,0.9321770754560265,0.8773789513852908,0.02167509822986446,0.8138017634766106
metal/metal_0028.jpg,metal,Recyclable,0.9306697919893404,0.0,0.909307273702115,0.957822678587392,0.0044682275465273,0.8373024146801382
metal/metal_0029.jpg,metal,Recyclable,0.9273841365892711,0.027653071029549833,0.906246627265162,0.7280059618283271,0.014094385306422524,0.8361664114140427
metal/metal_0030.jpg,metal,Recyclable,0.9534018317590006,0.02917988003348582,0.8405898780613589,0.8427489202615953,0.007861248324453611,0.8985158100894141
metal/metal_0031.jpg,metal,Recyclable,0.9625627988038249,0.024411670754747216,0.7864524139453859,0.8234994179750792,0.018986691603391743,0.8518848286561961
metal/metal_0032.jpg,metal,Recyclable,0.9697859440876742,0.05533023600655268,0.9019303034604408,0.8565210836389819,0.004890108298042729,0.722322520197205
metal/metal_0033.jpg,metal,Recyclable,0.9449484523258144,0.013479750083663016,0.8695183097197687,0.8392266341117719,0.006796149405632057,0.7610300534746389
metal/metal_0034.jpg,metal,Recyclable,0.9218009651254979,0.029533020816011148,0.9357953815566347,0.8431732231378063,0.013278110735741233,0.8976239078476402
metal/metal_0035.jpg,metal,Recyclable,0.9256731819139925,0.027336280865708846,0.812975494683392,0.9105377106943707,0.011514030479517327,0.864922590699072
metal/metal_0036.jpg,metal,Recyclable,0.9265220420774423,0.0341406471922157,0.9542356460615508,0.7794461813200255,0.006602409923524762,0.8615803737084046
metal/metal_0037.jpg,metal,Recyclable,0.9735921863598744,0.008809074294210621,0.708348485492863,0.9451432645914817,0.017605061195841425,0.7628526234756667
metal/metal_0038.jpg,metal,Recyclable,0.9317729362466133,0.051363648590546526,0.9223898209228932,0.9157048015875261,0.008238875660401374,0.8541493709406255
metal/metal_0039.jpg,metal,Recyclable,0.9460722258462162,0.042564795665376756,0.8062078796752444,0.7935940241581056,0.020102745868360156,0.8477819272244219
metal/metal_0040.jpg,metal,Recyclable,0.9913540206636142,0.006569755860389086,0.8472610819830587,0.7854310910609232,0.010073626814235672,0.77607265315006
metal/metal_0041.jpg,metal,Recyclable,0.9353709973713511,0.0,0.8846961616595629,0.9001612537831756,0.0,0.9166942872750287
metal/metal_0042.jpg,metal,Recyclable,1.0,0.020920127734726818,0.8179442869887678,1.0,0.0,0.8510053233434549
metal/metal_0043.jpg,metal,Recyclable,0.9553886681789576,0.04690295240904829,0.8679869487563394,0.8150956272948083,0.00048815629612043894,0.8329089089876932
metal/metal_0044.jpg,metal,Recyclable,0.9197921791716457,0.020956506395693658,0.8217901910069757,0.7454173544697175,0.022551457883749036,0.825116373828548
metal/metal_0045.jpg,metal,Recyclable,0.9119558958507405,0.01663481731024917,0.853418578298383,0.7277473292094676,0.013316476671257628,0.7976421215654868
metal/metal_0046.jpg,metal,Recyclable,1.0,0.030479210241534695,0.8300050004945342,0.7978382560777855,0.008950322924363761,0.8806395370791644
metal/metal_0047.jpg,metal,Recyclable,0.949235176142444,0.01565682385726287,0.8529185145408947,0.8077298748134132,0.006567940731569624,0.7457103780547498
metal/metal_0048.jpg,metal,Recyclable,0.979211786925571,0.025975955606435237,0.8113272077983285,0.9829114486948667,0.010870164803923867,0.7981928214012401
metal/metal_0049.jpg,metal,Recyclable,0.9757021226441137,0.027960964330185252,0.869728999274211,0.8201971076743887,0.014504957237780346,0.8369120854889452
metal/metal_0050.jpg,metal,Recyclable,0.9666782435493753,0.0,0.8283063268510406,0.9705508568465736,0.0023293254459969947,0.8198080851253406
metal/metal_0051.jpg,metal,Recyclable,0.9365611598465007,0.0,0.7395859611885873,0.833858952103347,0.01135859424081657,0.8473747465730673
metal/metal_0052.jpg,metal,Recyclable,0.9456536431415633,0.020860817417007755,0.9011420735775382,0.8366687669849548,0.004259174229127304,0.8359437257555956
metal/metal_0053.jpg,metal,Recyclable,0.9673804027927032,0.048240537570864994,0.8185928130415411,0.8569253650920219,0.013383574419359596,0.8003710996635588
metal/metal_0054.jpg,metal,Recyclable,0.9506125150163875,0.0,0.76154748481303,0.875672248552458,0.006161252586692172,0.8601140203810609
metal/metal_0055.jpg,metal,Recyclable,0.9494631506897494,0.00047199902672405425,0.8477372849017831,0.7636829086489602,0.023909723580014006,0.7822014827570017
metal/metal_0056.jpg,metal,Recyclable,0.9441264418709425,0.0,0.8785210586680398,0.8267998040102947,0.004813332803787899,0.8926600772525777
metal/metal_0057.jpg,metal,Recyclable,0.9508829177503265,0.030332888918719346,0.8009337031741267,0.7516628139250745,0.011072079620401337,0.8340576822252634
metal/metal_0058.jpg,metal,Recyclable,0.9687930401736182,0.018401830946749007,0.8602537669617315,0.7363632229041129,0.02888436939614257,0.8417879007483984
metal/metal_0059.jpg,metal,Recyclable,0.970927609110176,0.0032781665956074686,0.865400495110867,0.7588008665532678,0.01452067838259671,0.8322012957807083
metal/metal_0060.jpg,metal,Recyclable,0.950875715118067,0.033959480602601955,0.788372984438986,0.8020855788571042,0.014573242810867654,0.9549110737273373
metal/metal_0061.jpg,metal,Recyclable,0.9458575299601555,0.03182272235847865,0.8446514265070759,0.9859571916329409,0.0,0.8547310522334679
metal/metal_0062.jpg,metal,Recyclable,0.9012336789931381,0.0,0.8648731026558908,0.8597648457303221,0.0071516306225779865,0.8446902954980123
metal/metal_0063.jpg,metal,Recyclable,1.0,0.014836497239371312,0.8755062180625037,0.8045444626270283,0.012952325750406031,0.8380883162472191
metal/metal_0064.jpg,metal,Recyclable,0.937684445518108,0.0563779706440065,0.9088592481592169,0.8595722653179462,0.0,0.8319495388373714
metal/metal_0065.jpg,metal,Recyclable,1.0,0.015386766667205839,0.9051608786026829,0.950935968136682,0.01218963915855975,0.8079089184065924
metal/metal_0066.jpg,metal,Recyclable,0.8769406300465133,0.033683264172179095,0.8092621998588225,0.8623305316321385,0.0,0.8367381229764899
metal/metal_0067.jpg,metal,Recyclable,0.9510115716470315,0.025371871620885958,0.7942588906323793,0.9337837664132946,0.004031052152680287,0.7662765269773377
metal/metal_0068.jpg,metal,Recyclable,0.946729297401096,0.0206875061805292,0.858029471658588,0.9453492682579555,0.0076355116326414065,0.8440190187815614
metal/metal_0069.jpg,metal,Recyclable,0.9169044685630071,0.03641107005775794,0.8592154532039051,0.8205980590894086,0.0,0.9222206097527543
metal/metal_0070.jpg,metal,Recyclable,0.9131696010663183,0.008174439812605887,0.8679172255538001,0.7662409449968319,0.0,0.7438026208649667
metal/metal_0071.jpg,metal,Recyclable,0.971629908587169,0.009096275105473561,0.9963635046236665,0.7803951454058389,0.0007854897657107868,0.8217303514857299
metal/metal_0072.jpg,metal,Recyclable,0.9572940396541546,0.010595933224293773,0.8806166107001255,0.7814988127007941,0.0,0.7600892630295446
metal/metal_0073.jpg,metal,Recyclable,0.8832927749618841,0.009638619610498864,0.8349509843803389,0.8057994080761771,0.022434057971871618,0.9114015104804067
metal/metal_0074.jpg,metal,Recyclable,0.9399559103766649,0.0,0.8216647445972474,0.8080125024258057,0.00342865037721942,0.8151140548050877
metal/metal_0075.jpg,metal,Recyclable,0.9303961131282558,0.012269167682044805,0.8182229450592221,0.8645825756037915,0.01360368715904861,0.8044677456408755
metal/metal_0076.jpg,metal,Recyclable,0.988131959780211,0.0003987539631877153,0.7691099693092331,0.8766544649955536,0.0018259186558566027,0.8660645735378694
metal/metal_0077.jpg,metal,Recyclable,0.877889941966984,0.04784911882966135,0.8836146704020201,0.7449666415585898,0.0,0.9336132952048763
metal/metal_0078.jpg,metal,Recyclable,0.9278786028950612,0.0033163030253475258,0.7366973952925359,0.8254455256078912,0.007722803851642472,0.8857746548384743
metal/metal_0079.jpg,metal,Recyclable,0.9080276471544657,0.0,0.8725481317388238,0.9204711049858945,0.0,0.9040757043149871
metal/metal_0080.jpg,metal,Recyclable,0.9511262552446046,0.04183610678149291,0.8464889819241191,0.6734405457758434,0.008480326176839612,0.9030071909335635
metal/metal_0081.jpg,metal,Recyclable,0.9231876194274885,0.012240700621850956,0.841193324822451,0.6470340284092062,0.026713475754374764,0.8049312160051413
metal/metal_0082.jpg,metal,Recyclable,0.9651720629741839,0.018265977277035828,0.912880952817968,0.8784239285699657,0.007650757284790254,0.8053242453740359
metal/metal_0083.jpg,metal,Recyclable,0.9739355210414641,0.0,0.8822945210137946,0.7730668673911589,0.022522836619566403,0.8580649771331348
metal/metal_0084.jpg,metal,Recyclable,0.9693237130355032,0.02163977627649439,0.7623811452429501,0.7897489585623263,0.016723893376113824,0.8583327908679922
metal/metal_0085.jpg,metal,Recyclable,0.9854296971591701,0.028065491260743435,0.801664905464867,0.7942755103595556,0.011029173905232371,0.7342977966999947
metal/metal_0086.jpg,metal,Recyclable,1.0,0.028834934727551144,0.9113517298524436,0.7393577241433581,0.02244565160355256,0.9615749455513874
metal/metal_0087.jpg,metal,Recyclable,0.9103736493386805,0.03542803589807533,0.8500554972343647,0.7418896306226228,0.014928839718518699,0.8916801602418674
metal/metal_0088.jpg,metal,Recyclable,0.9319662034199345,0.04331833040510446,0.7666618296605401,0.7453670697485248,0.011365973955887523,0.8512692638986136
metal/metal_0089.jpg,metal,Recyclable,0.9285027953472768,0.036191888719437716,0.8765447157107974,0.9100697349653811,0.008768635646477323,0.880129013398917
metal/metal_0090.jpg,metal,Recyclable,0.9366304909091001,0.061076373801731906,0.8093727114939007,0.9973708200620819,0.010348879470894086,0.7812244555215628
metal/metal_0091.jpg,metal,Recyclable,0.991042380514658,0.02251802776789918,0.8925562049190119,0.9356699142979815,0.013379555541450252,0.8203879577593592
metal/metal_0092.jpg,metal,Recyclable,0.9792714013300775,0.02001511014909191,0.884292890930421,0.6992388598345977,0.014469817170098518,0.8180707087427485
metal/metal_0093.jpg,metal,Recyclable,0.9995992891153559,0.0324617469577819,0.8619928872924648,0.8840416995345155,1.559147123281722e-05,0.9311628345264027
metal/metal_0094.jpg,metal,Recyclable,1.0,0.027858270210964327,0.929520178428682,0.8101596260929226,0.0020288643377501924,0.8520462374364461
metal/metal_0095.jpg,metal,Recyclable,0.9630482311510369,0.012120266375137592,0.8768884095184242,0.8714472637451389,1.6932247089450347e-05,0.8759396508725861
metal/metal_0096.jpg,metal,Recyclable,0.9759058472756456,0.02342938635180782,0.9076324051630846,0.7647817344552134,0.014679504221318519,0.7914859646801612
metal/metal_0097.jpg,metal,Recyclable,0.9165775592530073,0.0073813833252442,0.8028969908212877,0.8116402926881203,0.007858496892888112,0.8918577243165692
metal/metal_0098.jpg,metal,Recyclable,0.9403652288388289,0.0,0.907003392324758,0.7914036906469472,0.009412795728953713,0.8723268253470355
metal/metal_0099.jpg,metal,Recyclable,0.9559883125520834,0.04188359095042951,0.873950157169638,0.7897083294212024,0.03178562173991662,0.8597166731669117
metal/metal_0100.jpg,metal,Recyclable,0.9455797932013548,0.03927850846111142,0.8624725472965036,0.8779459735057529,0.03492183998600687,0.8362439285872476
metal/metal_0101.jpg,metal,Recyclable,0.940467173179478,0.022331570240249277,0.9035757967790519,0.7445426178866721,0.0,0.8206442364689926
metal/metal_0102.jpg,metal,Recyclable,0.9009823112282214,0.011503373049487231,0.8751249848064645,0.7876475795513416,0.0,0.8534668580857674
metal/metal_0103.jpg,metal,Recyclable,0.9758763045384551,0.0,0.8910116199152992,0.9072114342616828,0.01954085102156628,0.9109240107435843
metal/metal_0104.jpg,metal,Recyclable,1.0,0.012878159027618897,0.8554785790038929,0.8208493096726381,0.010019768447558109,0.9266436677818156
metal/metal_0105.jpg,metal,Recyclable,0.9096495654820799,0.002779006556688491,0.918859046825228,0.9214025554831463,0.00636868353182922,0.892720100056036
metal/metal_0106.jpg,metal,Recyclable,0.960236475274761,0.05000549218001976,0.8537254796913386,0.9217942479710808,0.0364201191049262,0.8799049577523733
metal/metal_0107.jpg,metal,Recyclable,0.9514798449738453,0.03444893970441959,0.8317359570898057,1.0,0.011800710376959815,0.8363533339887244
metal/metal_0108.jpg,metal,Recyclable,0.9249293298493989,0.04194440383212877,0.8933593706413869,0.8151851940010134,0.015764513451224225,0.7745722015893571
metal/metal_0109.jpg,metal,Recyclable,0.9555491172521946,0.02905512704153389,0.9353664904779612,0.7960426838089917,0.0,0.8052286019537479
metal/metal_0110.jpg,metal,Recyclable,0.9099029449905524,0.04673314715517966,0.9274319647512018,0.872415160456418,0.022212949456851483,0.8566979190290117
metal/metal_0111.jpg,metal,Recyclable,0.947146650568977,0.013339247618924768,0.8344804504311217,0.7416538910583678,0.01264254763607339,0.8479833044892978
metal/metal_0112.jpg,metal,Recyclable,0.9723608217223362,0.021870469928772195,0.8418648149215454,0.7890164878994659,0.010721532368217613,0.886911861540808
metal/metal_0113.jpg,metal,Recyclable,0.9156998302674841,0.021749475073614785,0.8616521475764741,0.7997354651467214,0.004121436950919998,0.8615305424383107
metal/metal_0114.jpg,metal,Recyclable,0.9159973694512212,0.026998474304987852,0.8052322813170399,0.9243997585123251,0.033378277453883,0.806962159914909
metal/metal_0115.jpg,metal,Recyclable,0.9660262358712401,0.005465161902359614,0.9020477086898895,0.7614319113640349,0.014805867584277127,0.8063505516555324
metal/metal_0116.jpg,metal,Recyclable,0.9437904623270489,0.0,0.8911175235447877,0.7914113751892289,0.015519642593318277,0.8327950985868833
metal/metal_0117.jpg,metal,Recyclable,0.946565828846034,0.022955118148002572,0.8119087664170576,0.864725697947862,0.025303345643544112,0.8110952607083642
metal/metal_0118.jpg,metal,Recyclable,0.9851543042982153,0.049961952669755685,0.8091922505485978,0.7481461776436613,0.013019609001717647,0.8226296238616563
metal/metal_0119.jpg,metal,Recyclable,1.0,0.020696150809996646,0.809890029598241,0.7696988342291802,0.020899049590908304,0.8214408012957907
metal/metal_0120.jpg,metal,Recyclable,0.9513148639838128,0.03911605490224962,0.8257870824034584,0.8467849819881887,0.009834315901774799,0.8841662255758046
metal/metal_0121.jpg,metal,Recyclable,0.9677223300653097,0.015597725374903431,0.8531824530748259,0.8239754691933557,0.0,0.8628800428699065
metal/metal_0122.jpg,metal,Recyclable,1.0,0.0023256171861787446,0.8113485145198648,0.7890490559849381,0.017245917787231224,0.872424272709822
metal/metal_0123.jpg,metal,Recyclable,0.9452438692275063,0.001639618767220699,0.8546188395819962,0.7404764510864936,0.011434265668574932,0.8935762193043967
metal/metal_0124.jpg,metal,Recyclable,0.9124640259009896,0.0,0.9289718945847429,0.807176825234679,0.021359478459438218,0.8423001167401084
metal/metal_0125.jpg,metal,Recyclable,0.9451413554917601,0.028768253989932907,0.805800057162678,0.8592748000446951,0.006185105851759073,0.7839753278297484
metal/metal_0126.jpg,metal,Recyclable,0.9601244622417919,0.014733843862441677,0.8421487585777646,0.7652887339610089,0.025914003677628042,0.8938357093193058
metal/metal_0127.jpg,metal,Recyclable,0.9789246765251594,0.013891105951166362,0.763540855524829,0.9867042167742657,0.009389024919941319,0.8125600101989973
metal/metal_0128.jpg,metal,Recyclable,0.9625040472344933,0.04334241576006595,0.8488474721957266,0.9395002617557562,0.020829999385168683,0.7961809406298971
metal/metal_0129.jpg,metal,Recyclable,0.9297862968302156,0.03915074326559535,0.7143693718094781,0.8395381014784508,0.0,0.8261723099283238
metal/metal_0130.jpg,metal,Recyclable,0.9410353973291238,0.01283511244184984,0.8223869373943695,0.773199944525983,0.03291911266818686,0.9433731002080675
metal/metal_0131.jpg,metal,Recyclable,0.9151380253923115,0.05164233502607135,0.8300267254763574,0.8590431231332197,0.009367260401030841,0.8170125679373017
metal/metal_0132.jpg,metal,Recyclable,0.9795155703081844,0.022517730611533157,0.826172428839038,0.7586787389339669,0.0010640498628087958,0.7679309942198951
metal/metal_0133.jpg,metal,Recyclable,0.950366706452455,0.0,0.8367219743740729,0.945907129752726,0.021992995729215856,0.848386155294869
metal/metal_0134.jpg,metal,Recyclable,0.9473874582157055,0.057597490988420166,0.8760378060179356,0.8270535478086434,0.0,0.8696936609082372
metal/metal_0135.jpg,metal,Recyclable,0.9748797131774858,0.007366969509727121,0.8645601377569017,0.824549869355948,0.008159676008009972,0.7256088971218834
metal/metal_0136.jpg,metal,Recyclable,0.9433465578885158,0.03938738604816108,0.8184298722216721,0.8536768457750721,0.0024404929330807956,0.8680220838146386
metal/metal_0137.jpg,metal,Recyclable,0.9435043040739147,0.0012151691863598636,0.9166275733832564,0.915025240947255,0.003950932360718252,0.8748894154708888
metal/metal_0138.jpg,metal,Recyclable,0.9661223600846114,0.03284602470022352,0.7652872052002461,0.920462457872284,0.004303010370742686,0.8321086033279367
metal/metal_0139.jpg,metal,Recyclable,1.0,0.026037467614420235,0.8306838762276412,0.6956293939070866,0.02389764133946356,0.7827395164595699
metal/metal_0140.jpg,metal,Recyclable,0.9198968328950149,0.013372954018243018,0.9208205895850146,0.9041267990666031,0.0084216249015974,0.8654146031819411
metal/metal_0141.jpg,metal,Recyclable,0.9319884292138668,0.022793073791307017,0.8536668372389068,0.9178138926976948,0.019671781224389496,0.8746988691102822
metal/metal_0142.jpg,metal,Recyclable,0.9391295732736169,0.034836445887802533,0.8454015766898476,0.7742659941900807,0.005967122080890614,0.8542263491892162
metal/metal_0143.jpg,metal,Recyclable,0.9773064735099423,0.01632943655685694,0.7895400644380197,0.8539719178307773,0.011134560400565523,0.8592918814451377
metal/metal_0144.jpg,metal,Recyclable,0.9775961454786328,0.04037846480179797,0.8202894563809167,0.8068699579365739,0.0,0.8849407835140238
metal/metal_0145.jpg,metal,Recyclable,0.9934646032501314,0.013698361441821532,0.8379284717637503,0.9526747789829283,0.015055578532150077,0.8718117852400528
metal/metal_0146.jpg,metal,Recyclable,0.9142725048207881,0.03357456138558838,0.8035431829745121,0.7706185869845529,0.006532284232332878,0.8207103638275655
metal/metal_0147.jpg,metal,Recyclable,0.9433520091684487,0.0,0.8979408153233837,0.92893804061615,0.0,0.8989228902833275
metal/metal_0148.jpg,metal,Recyclable,0.9256841411053511,0.037139510739655726,0.8465776753666792,0.8520142894856699,0.008149023505787813,0.9106064602116742
metal/metal_0149.jpg,metal,Recyclable,0.9128123596242491,0.032156806774700175,0.9050665082444775,0.9001438056378287,0.03324698914323418,0.8235526618637651
metal/metal_0150.jpg,metal,Recyclable,0.9787191446778059,0.017878187293171595,0.9116703038176335,0.8494617702995041,0.006121242181375304,0.9153036101935814
metal/metal_0151.jpg,metal,Recyclable,0.9352531418294321,0.0,0.8241576558413085,0.8933323062611973,0.023920387515870913,0.8555564687648256
metal/metal_0152.jpg,metal,Recyclable,0.9895459120170207,0.0,0.8278368267591049,0.8297997417992129,0.008854405725274803,0.8542047194125097
metal/metal_0153.jpg,metal,Recyclable,0.9707273287217657,0.011103863236590196,0.8569514343476563,0.8468413976773164,0.0007411009610885019,0.8443166655459282
metal/metal_0154.jpg,metal,Recyclable,0.9456902141030864,0.016698388699939077,0.8515879728290725,0.855297147842937,0.005677048208926698,0.9136357366985632
metal/metal_0155.jpg,metal,Recyclable,0.9149155811239095,0.005580597830602075,0.9889981812111778,0.7773406051507539,0.0,0.8867238372500609
metal/metal_0156.jpg,metal,Recyclable,0.8876864043867837,0.015294521800551221,0.9572912462538244,0.7418544854492619,0.0,0.7750409399021151
metal/metal_0157.jpg,metal,Recyclable,0.9769507870504095,0.04249553439971625,0.8243705601510746,0.8978248682800748,0.023902553275119896,0.9393673207214912
metal/metal_0158.jpg,metal,Recyclable,0.9426099415646045,0.0,0.8089560538795156,0.8201237063545319,0.007410612034216094,0.840607029949564
metal/metal_0159.jpg,metal,Recyclable,0.98356683793792,0.04548856853375163,0.8414163173037608,0.9268939413236272,0.013576613666310893,0.8532252986431286
metal/metal_0160.jpg,metal,Recyclable,0.9771963247132989,0.021445040964758317,0.9528905588548882,0.7493112183243809,0.004848291009079823,0.8436740551523024
metal/metal_0161.jpg,metal,Recyclable,0.9631835807137397,0.045359209742061785,0.8487800716381921,0.7504439245345654,0.018425138964550045,0.8877479383070982
metal/metal_0162.jpg,metal,Recyclable,0.8917442402186178,0.019923917326584013,0.7704929084659851,0.8034744231748556,0.0009719107303720019,0.8904632349120992
metal/metal_0163.jpg,metal,Recyclable,0.9535049052251655,0.0,0.894003298147867,0.7496335923250109,0.013301137904709437,0.8092994665354222
metal/metal_0164.jpg,metal,Recyclable,0.9390296875240843,0.03008541496076768,0.8760724699529764,0.9435878351489172,0.00917746300328547,0.865322543148167
metal/metal_0165.jpg,metal,Recyclable,0.9368678803278703,0.023639797652455954,0.8719743024004256,0.8431183106781936,0.0,0.8665735448165447
metal/metal_0166.jpg,metal,Recyclable,0.9609368443206636,0.006396530473040982,0.7857806481963743,0.9533115405352776,0.01491445510894402,0.8385459484539145
metal/metal_0167.jpg,metal,Recyclable,0.9158890135055753,0.0035637034315730808,0.9151295198393116,0.8596363358607632,0.004494129329992934,0.8754844615612328
metal/metal_0168.jpg,metal,Recyclable,0.9255680543766103,0.05001686060560757,0.9176400267448362,0.8173398150158057,0.0037132975296913966,0.7190933400653859
metal/metal_0169.jpg,metal,Recyclable,0.9055525768534589,0.0,0.8567595170493693,0.8271636406891048,0.0,0.8359417978767721
metal/metal_0170.jpg,metal,Recyclable,0.9651601144294204,0.03055678699831174,0.755016485957056,0.8410215563661319,0.0,0.8950864348570137
metal/metal_0171.jpg,metal,Recyclable,0.973524392490605,0.0020394554735108303,0.81169773987998,0.8177113064651185,0.0,0.8667984086720288
metal/metal_0172.jpg,metal,Recyclable,0.941814663609796,0.039403501651357184,0.7950795391018723,0.8066613936225048,0.0,0.7997854718252874
metal/metal_0173.jpg,metal,Recyclable,0.9145405401179534,0.03991947357692892,0.8150869075624304,0.8586922979321229,0.006192365961381957,0.7865267366993594
metal/metal_0174.jpg,metal,Recyclable,0.9449509873048507,0.03198206663727189,0.7896120303728323,0.9066378953511965,0.0015027907852230363,0.8258508036963579
metal/metal_0175.jpg,metal,Recyclable,0.9659204936903014,0.00673127685561024,0.8518787429667932,0.8279716419848335,0.011293680067038184,0.7309630447238251
metal/metal_0176.jpg,metal,Recyclable,0.8951095455437574,0.03231934012093676,0.9018590702824525,0.7862659307527935,0.007559716478288656,0.8647359626451151
metal/metal_0177.jpg,metal,Recyclable,0.9707965280497611,0.0,0.8056979876510811,0.8267194434105087,0.017031401972360492,0.9749215241860747
metal/metal_0178.jpg,metal,Recyclable,0.9431598281957084,0.0,0.8701134038600649,0.9424697052678497,0.01108014120979501,0.8046675727422853
metal/metal_0179.jpg,metal,Recyclable,0.9787398182444005,0.0332709123699687,0.7986959577902187,0.8766997932274039,0.01997265567658873,0.9090945021279446
metal/metal_0180.jpg,metal,Recyclable,0.9480065307407163,0.012838411076413623,0.9113636911040631,0.765288764791338,0.014385792909210054,0.7814986686317785
metal/metal_0181.jpg,metal,Recyclable,0.981961288167788,0.01483908968777677,0.9134291617823734,0.8843988929448868,0.0,0.9212313866038622
metal/metal_0182.jpg,metal,Recyclable,0.9965373579928318,0.03764572985198431,0.811920606748189,0.8285790231949813,0.011454272174057594,0.8148144800334283
metal/metal_0183.jpg,metal,Recyclable,1.0,0.022886529434520738,0.7148325976446321,0.8737549068929354,0.006518426031826868,0.8462536721940775
metal/metal_0184.jpg,metal,Recyclable,0.9389414190264289,0.03614092833213375,0.9059843889276691,0.8698137213581058,0.006606888128618409,0.8479331397595414
metal/metal_0185.jpg,metal,Recyclable,0.9505879884973288,0.003951399202703262,0.8789464324285617,0.8822029626702326,0.025404412397766734,0.9127674890144237
metal/metal_0186.jpg,metal,Recyclable,0.9294297524722961,0.0364059674901793,0.8024523308452765,0.8987152470658595,0.004833858012398922,0.7988373388312208
metal/metal_0187.jpg,metal,Recyclable,0.958401360280922,0.0,0.7624512212797385,0.8375755681358001,0.010824417666348425,0.8315340614920905
metal/metal_0188.jpg,metal,Recyclable,0.902616911038472,0.003642163157229889,0.8695604663618697,0.8907247239439854,0.009837768824040588,0.9078416890518495
metal/metal_0189.jpg,metal,Recyclable,0.961921910703777,0.005050886920835756,0.8359748973294191,0.7517993689954501,0.008918610096085832,0.9056050309610669
metal/metal_0190.jpg,metal,Recyclable,0.970558702541329,0.04804018651838244,0.8348557378100503,0.944226985615998,0.0080669577355203,0.9235792541284946
metal/metal_0191.jpg,metal,Recyclable,0.9493442975767362,0.034144627476085536,0.9237556182154928,0.8364600659993155,0.012183889875441741,0.914443171260315
metal/metal_0192.jpg,metal,Recyclable,0.946009905082098,0.0,0.9571503527292455,0.8171164874964004,0.01158756050937543,0.9078003334725563
metal/metal_0193.jpg,metal,Recyclable,0.9317451828880638,0.0,0.8626868648387417,0.7244846521461327,0.007120939231320797,0.8622519332157703
metal/metal_0194.jpg,metal,Recyclable,0.941901443095245,0.0,0.9297088978102006,0.8572476707764423,0.02431152117761741,0.8369981874909778
metal/metal_0195.jpg,metal,Recyclable,0.923599640549277,0.025383618405103198,0.839210643683589,0.7675566979406049,0.024697842587874955,0.8188864888553001
metal/metal_0196.jpg,metal,Recyclable,0.8947920084561329,0.04656332107914665,0.8247850992093688,0.8074523275169063,0.0,0.9370470743298496
metal/metal_0197.jpg,metal,Recyclable,0.9113155823837094,0.021168989614113,0.895631016127022,0.8795201853102168,0.009403456880078084,0.7649167070856292
metal/metal_0198.jpg,metal,Recyclable,0.9257082549269814,0.02375600676085044,0.8106412965006502,0.8642351621999137,0.016817434088151416,0.8981251442900051
metal/metal_0199.jpg,metal,Recyclable,0.9132146192656194,0.06393292109957908,0.8883739672277065,0.8498800092431655,0.020895365830766406,0.9682703885999987
metal/metal_0200.jpg,metal,Recyclable,0.9068383969682938,0.01549474715017293,0.7310784170063336,0.8634856072853617,0.013653942419251408,0.848041894227862
metal/metal_0201.jpg,metal,Recyclable,0.9303639928700507,0.0,0.8686766841705884,0.9518804138740727,0.004089815442665679,0.8720029964511572
metal/metal_0202.jpg,metal,Recyclable,0.9029556705973985,0.029144261273850277,0.8303308851127671,0.7966307434577959,0.0023963635878386947,0.8303194208983495
metal/metal_0203.jpg,metal,Recyclable,0.961472999470776,0.0,0.8301442334216074,0.8470969755400597,0.0,0.9398332600837509
metal/metal_0204.jpg,metal,Recyclable,0.9243951355981597,0.006611261727330191,0.801084602508875,0.9758936060996682,0.015529052285994816,0.8031703996878179
metal/metal_0205.jpg,metal,Recyclable,0.983186946765799,0.024013973885777567,0.862862671055575,0.8258865953873283,0.002505840130430267,0.8668883049527301
metal/metal_0206.jpg,metal,Recyclable,0.9336473831001323,0.05633511259150209,0.7865354447378448,0.9575309740998461,0.008886811512021994,0.8649542867010552
metal/metal_0207.jpg,metal,Recyclable,0.974994732998883,0.0073950140999112755,0.8932124192349318,0.6604719301233175,0.002800104667780609,0.8037968596329467
metal/metal_0208.jpg,metal,Recyclable,0.9123948196288472,0.01570090323842098,0.8692874984090847,0.8991861998949514,0.012408767572004077,0.8167153267553227
metal/metal_0209.jpg,metal,Recyclable,0.961070493134755,0.022485713897017014,0.8968028083968008,0.9043855692052062,0.010304764139206288,0.8051373496919372
metal/metal_0210.jpg,metal,Recyclable,0.9304114953250375,0.009004212807239334,0.8342366833041872,0.8687635299312827,0.017151743901280585,0.8474440653492311
metal/metal_0211.jpg,metal,Recyclable,0.9504837436370142,0.022866126100000075,0.8242047343433829,0.7852225419649931,0.0,0.8152425320961564
metal/metal_0212.jpg,metal,Recyclable,0.9641943635980336,0.005941771239208651,0.838109648128703,0.8826501901188621,0.015206894964226687,0.796023357391698
metal/metal_0213.jpg,metal,Recyclable,0.9799117806936092,0.04254700178710971,0.793507507139072,0.7923314191251192,0.021910906831461914,0.8426573239372349
metal/metal_0214.jpg,metal,Recyclable,0.8834066615764444,0.0,0.8375315187413759,0.7685870144800778,0.005865762293635586,0.8516198106841789
metal/metal_0215.jpg,metal,Recyclable,0.9938676381210418,0.01419092167544422,0.9036270899786379,0.9500132113425739,0.024343096693520763,0.8642377296692784
metal/metal_0216.jpg,metal,Recyclable,0.8911013255648307,0.029216497308077308,0.902419994390677,0.8443253026195208,0.027445838700752484,0.8929916780733729
metal/metal_0217.jpg,metal,Recyclable,0.9670482013145835,0.04172761422411676,0.8666684925630439,0.6755032650423252,0.005008610485296344,0.9098584013623927
metal/metal_0218.jpg,metal,Recyclable,0.925772259797051,0.015530549895261217,0.7977581843048465,0.9748745816641238,0.026814924574180152,0.8058065552429635
metal/metal_0219.jpg,metal,Recyclable,0.9544189400116725,0.006390119044719048,0.8807472319515689,0.885677815406963,0.018117055716132653,0.8665959223853943
metal/metal_0220.jpg,metal,Recyclable,1.0,0.0,0.7644698322781742,0.8224836859508977,0.0,0.7753768864997004
metal/metal_0221.jpg,metal,Recyclable,0.9199605603740609,0.001556221891367452,0.802269094902497,0.8862753265311788,0.004938109389146639,0.841024271256376
metal/metal_0222.jpg,metal,Recyclable,0.976826983235028,0.004673549504371474,0.8367727050647639,0.8756031990265041,0.0,0.7307547245524708
metal/metal_0223.jpg,metal,Recyclable,0.9603835198639317,0.02984028561133797,0.9532110067426205,0.8610666413106767,0.018197397172580947,0.8402263678207013
metal/metal_0224.jpg,metal,Recyclable,0.9589168166475526,0.053345136834990675,0.7438003590937182,0.8789531380300176,0.03135586730077366,0.8641017109604671
metal/metal_0225.jpg,metal,Recyclable,0.9995171888969854,0.007415757009411153,0.8483976252918143,0.8523467291672011,0.0,0.7915911086074899
metal/metal_0226.jpg,metal,Recyclable,0.9170937476184804,0.03644132156065055,0.8936076552842027,0.8726825509894574,0.01824102896855706,0.8417925293639112
metal/metal_0227.jpg,metal,Recyclable,0.9860579500861862,0.020175768852641437,0.8528932023713378,0.8314085156716312,0.016844504776364278,0.8289400591693543
metal/metal_0228.jpg,metal,Recyclable,0.979292941315942,0.0,0.7950541872635903,0.8981198728588553,0.009114557854169873,0.8273054291923435
metal/metal_0229.jpg,metal,Recyclable,0.9767017319742638,0.00785477171827831,0.8399899372849815,0.9479459565049811,0.025391423458106504,0.9286199105135163
metal/metal_0230.jpg,metal,Recyclable,0.9415362266919827,0.04461405809968941,0.802552358611566,0.7865167987694557,0.0,0.9336434100949265
metal/metal_0231.jpg,metal,Recyclable,0.9240806045277176,0.0174693484050588,0.8044837829035858,0.8986615673831098,0.0062436633928265985,0.7847591554783525
metal/metal_0232.jpg,metal,Recyclable,0.9632498769255817,0.0,0.8081297137342254,0.7025177619761743,0.0,0.8589264584860239
metal/metal_0233.jpg,metal,Recyclable,0.8910639188569123,0.0,0.8498815541933595,0.8119475172734862,0.02992036635959309,0.9416948273012188
metal/metal_0234.jpg,metal,Recyclable,0.9239623261174653,0.03114275236806964,0.8874641278439726,0.8081764799382918,0.0,0.8493850775345971
metal/metal_0235.jpg,metal,Recyclable,0.9448146297555766,0.011284710060587616,0.8721158434082242,0.797448927509608,0.0,0.8554541485174916
metal/metal_0236.jpg,metal,Recyclable,0.9615791027770663,0.0,0.896404530549554,0.7260663203556745,0.004218865412843566,0.8370995731901195
metal/metal_0237.jpg,metal,Recyclable,0.9309132886204421,0.00869879052897615,0.9435537241154057,0.790438113767277,0.03441221722471914,0.8718563389865526
metal/metal_0238.jpg,metal,Recyclable,0.9527616541193598,0.029524807067753317,0.9764963874625976,0.7804484897247986,0.0,0.8122566901714039
metal/metal_0239.jpg,metal,Recyclable,0.9509642944089368,0.0,0.8511169619659303,0.968548299338957,0.011514073906247776,0.8353657270512361
metal/metal_0240.jpg,metal,Recyclable,0.9314551865394911,0.03797023409103129,0.8087083613380976,0.9792477144419474,0.02933359747714357,0.8628375399330893
metal/metal_0241.jpg,metal,Recyclable,0.9496545473577006,0.040613196164831195,0.9047399251113662,0.7935805788258409,0.00473444866863298,0.7838826282658352
metal/metal_0242.jpg,metal,Recyclable,0.9622719481500217,0.03333255766913781,0.7825037181069363,0.8181360766628688,0.0,0.8050600094878081
metal/metal_0243.jpg,metal,Recyclable,0.966530511806789,0.0053303586664344114,0.8349587021983851,0.7360881790436878,0.011869902097246643,0.8477863340077675
metal/metal_0244.jpg,metal,Recyclable,0.928131222499005,0.016219714046350517,0.8590147440251722,0.7929592295763459,0.0,0.9402787216343408
metal/metal_0245.jpg,metal,Recyclable,0.9310018188586918,0.018064797936262214,0.9005419867510156,1.0,0.0,0.8724913606863255
metal/metal_0246.jpg,metal,Recyclable,0.9287734314411767,0.009224193908465784,0.8139893989496605,0.771204152253959,0.009587086382153385,0.7762748656475882
metal/metal_0247.jpg,metal,Recyclable,0.9784042269953561,0.021100058720667492,0.871121748645072,0.8173667971637644,0.006327960657882517,0.8643781952583663
metal/metal_0248.jpg,metal,Recyclable,0.9150784810278252,0.012840191311733282,0.8070193243060773,0.787660183258629,0.0,0.9169663294739999
metal/metal_0249.jpg,metal,Recyclable,0.9294038374053869,0.043267521103271006,0.9034396160697146,0.7599800205438454,0.0,0.9780251479677842
metal/metal_0250.jpg,metal,Recyclable,1.0,0.019369629733437917,0.8628686553208674,0.8058407517936967,0.0143235271420034,0.8141409049638764
metal/metal_0251.jpg,metal,Recyclable,0.8890293870710484,0.0,0.8510546373925293,0.7708252935148189,0.009327225350864655,0.7962669480283568
metal/metal_0252.jpg,metal,Recyclable,0.9265293823249402,0.037063306128263834,0.8623740273820052,0.8493234905080657,0.018789639730706513,0.8740304296673673
metal/metal_0253.jpg,metal,Recyclable,0.993396898737541,0.010802814753697196,0.8285182510736245,0.7589223513526058,0.005710192826275803,0.8982384947151223
metal/metal_0254.jpg,metal,Recyclable,0.988999621167864,0.03920610336173336,0.7602904066725281,0.9258201648862514,0.0,0.8949058662061173
metal/metal_0255.jpg,metal,Recyclable,0.9389664642028683,0.034050666278677116,0.7833775826052717,0.9319817342894302,0.0,0.8165772544573411
metal/metal_0256.jpg,metal,Recyclable,0.9200571611669289,0.0,0.8547263783794234,0.9764262382485873,0.03666905222320009,0.8548577893543123
metal/metal_0257.jpg,metal,Recyclable,0.9835004382520256,0.024641892758570746,0.8749441597384107,0.8260495944210933,0.011950769254226022,0.8768739352303214
metal/metal_0258.jpg,metal,Recyclable,0.93264620813371,0.018450114002140243,0.8470784940501256,0.9078482322131367,0.0,0.8474228895696174
metal/metal_0259.jpg,metal,Recyclable,1.0,0.04328120305171875,0.9174589524444352,0.8517102288124624,0.013209975636860232,0.9001118083351463
metal/metal_0260.jpg,metal,Recyclable,0.9968076658859278,0.0,0.7842279346475077,0.9416610870981853,0.007231106442311964,0.8164139605370961
metal/metal_0261.jpg,metal,Recyclable,0.9123751703901318,0.008899665969117811,0.7798815358288087,0.9963765990912734,0.009775639480194265,0.8471024729118641
metal/metal_0262.jpg,metal,Recyclable,0.967642300255035,0.03924690338533139,0.897294407827732,0.92515353607353,0.0036915444920914368,0.8351066597521569
metal/metal_0263.jpg,metal,Recyclable,0.9730709496632682,0.009452218767207601,0.8497446683986387,0.877913463509737,0.01785185082310376,0.76111595188149
metal/metal_0264.jpg,metal,Recyclable,0.9714423694966683,0.015325518842965492,0.885372885543219,0.904385218464838,0.02607915061119158,0.9176726823810601
metal/metal_0265.jpg,metal,Recyclable,0.9903971498783088,0.04887340638332477,0.8645689492407973,0.8522529560925788,0.018728170831783346,0.8866040475716511
metal/metal_0266.jpg,metal,Recyclable,0.9407280128978521,0.02809646817616536,0.8482451766607703,0.790224696407796,0.022904607413763496,0.8527599621265044
metal/metal_0267.jpg,metal,Recyclable,1.0,0.0,0.8221610613578316,0.852284718568361,0.02137381097628914,0.8699734686301093
metal/metal_0268.jpg,metal,Recyclable,0.9593141826254225,0.0,0.7921529301385264,0.8725753262202933,0.0,0.8234061124855335
metal/metal_0269.jpg,metal,Recyclable,0.9650275198725757,0.00035351455446448396,0.9302677981180903,0.9356755440966523,0.0,0.8033814378409007
metal/metal_0270.jpg,metal,Recyclable,0.8814266826651515,0.0043481727490373365,0.88831942382862,0.82102735404076,0.014607972436159675,0.7738832840859128
metal/metal_0271.jpg,metal,Recyclable,0.9739392576374571,0.008897815441433003,0.8506084841141452,0.8434987849024863,0.0,0.7923457834130109
metal/metal_0272.jpg,metal,Recyclable,0.9790338340701027,0.027979843150033913,0.9025024520776713,0.8727260764851763,0.011429906348092165,0.7636994690666616
metal/metal_0273.jpg,metal,Recyclable,0.9418889990971648,0.01945231359192512,0.9476553599136287,0.8980869642469074,0.025360611817095285,0.8798768852947364
metal/metal_0274.jpg,metal,Recyclable,0.9286609031915156,0.022342484322997028,0.8618111823132116,0.7842591101160522,0.006156126234070788,0.8397116503161414
metal/metal_0275.jpg,metal,Recyclable,0.9981685949769535,0.0,0.9102909210358021,0.7844243335528431,0.0,0.9089971065019232
metal/metal_0276.jpg,metal,Recyclable,0.9719569420770314,0.045090374047623796,0.8900350973772788,0.9941891501216181,0.015587238369444853,0.842176131193842
metal/metal_0277.jpg,metal,Recyclable,0.9602877913196403,0.044869382566919275,0.8110312337369942,0.8043677992228033,0.006910399854020926,0.7447708600617333
metal/metal_0278.jpg,metal,Recyclable,0.9541423522525264,0.0,0.852652965646631,0.9105702829294675,0.005231235393561643,0.9338557935093436
metal/metal_0279.jpg,metal,Recyclable,0.9061849730174453,0.04382521363263665,0.883756852820346,0.7298776726182518,0.037107942990405325,0.8468127357248016
metal/metal_0280.jpg,metal,Recyclable,0.923675479335331,0.0,0.8389990986170163,0.8410815189327028,0.011026455285396645,0.835110192188802
metal/metal_0281.jpg,metal,Recyclable,0.9689967593034527,0.012247403346735073,0.7532517941379764,0.8395446953045251,0.0,0.8676885315445695
metal/metal_0282.jpg,metal,Recyclable,0.9206209930915209,0.02326720709831601,0.9157037490762302,0.78358759133124,0.02061256258512118,0.8283305216656923
metal/metal_0283.jpg,metal,Recyclable,1.0,0.012696947736035732,0.8079753507246654,0.8981066915276702,0.005642102703763641,0.8079275242935495
metal/metal_0284.jpg,metal,Recyclable,0.9356648044788862,0.01910786935633997,0.9171090065622427,0.7146138578178296,0.010230806589504206,0.8812451797327021
metal/metal_0285.jpg,metal,Recyclable,0.9558034572497538,0.04619730338867069,0.8462827335120737,0.8370813990469839,0.015923295470133433,0.8549656907475675
metal/metal_0286.jpg,metal,Recyclable,0.9382877378515858,0.030322880791727593,0.8173735853391677,0.8072175993586471,0.004720059782343864,0.9176534580083203
metal/metal_0287.jpg,metal,Recyclable,0.8533695093204285,0.02791197669525885,0.8517135907100111,0.7323390678533316,0.013097267791360022,0.8737875995915766
metal/metal_0288.jpg,metal,Recyclable,0.967689176940722,0.0,0.9183194705927219,0.7983584306720611,0.016865677467531762,0.8870536890341143
metal/metal_0289.jpg,metal,Recyclable,0.9236990874314212,0.033209199047031006,0.8307253379543821,0.7050035974463289,0.02167741925527779,0.811247751849188
metal/metal_0290.jpg,metal,Recyclable,0.9243651961178583,0.011938682639265558,0.8636118362663694,0.8459910712424528,0.015480669247071706,0.783025531673567
metal/metal_0291.jpg,metal,Recyclable,0.927728408887078,0.017680058553569328,0.9448943646329353,0.8420331223110369,0.020852222636616315,0.8519277584392159
metal/metal_0292.jpg,metal,Recyclable,0.9354902408768729,0.01506551151771119,0.8415790143985559,0.8922552017272517,0.023746112675765547,0.867984042384316
metal/metal_0293.jpg,metal,Recyclable,0.9856123303622526,0.0007042052474062893,0.8292684745592984,0.7992988226054633,0.013144445908748525,0.8320520807410293
metal/metal_0294.jpg,metal,Recyclable,0.9718931881110258,0.001379965767351169,0.852151548666064,0.8980800537708579,0.0,0.9560815653665101
metal/metal_0295.jpg,metal,Recyclable,0.9415054434536037,0.0,0.8579046949288393,0.8523410427581205,0.00918105620427507,0.8995595556463333
metal/metal_0296.jpg,metal,Recyclable,0.9724233491428116,0.025957523820476905,0.8725077816973323,0.8426949085393339,0.027754908492400483,0.7760401990821116
metal/metal_0297.jpg,metal,Recyclable,0.9541895502264769,0.0213004926237756,0.8906640203032297,0.7909302285802571,0.0,0.8578411508049096
metal/metal_0298.jpg,metal,Recyclable,0.9584369147665581,0.04979198818895298,0.7864818976837457,0.9308285636701704,0.033674143640271215,0.8311117556238761
metal/metal_0299.jpg,metal,Recyclable,0.9112717334152032,0.011860512672532577,0.8507002483685691,0.889465151250484,0.004086052701619526,0.9277599267073671
metal/metal_0300.jpg,metal,Recyclable,0.9165640305497581,0.0,0.9053355212143659,0.690776527815566,0.007958702311272839,1.0
metal/metal_0301.jpg,metal,Recyclable,0.949638693411202,0.0,0.8471301268106602,0.8464439447966327,0.011606499403531166,0.883113149107981
metal/metal_0302.jpg,metal,Recyclable,0.9188266649489678,0.05375096110473587,0.8622557142186309,0.9008755832481262,0.0037185060024435748,0.9143191068497767
metal/metal_0303.jpg,metal,Recyclable,0.9422884277356081,0.025551050269870635,0.8033446961406445,0.7802147861518511,0.016882053064528828,0.8278196584896307
metal/metal_0304.jpg,metal,Recyclable,0.9243853073748687,0.007136333159459392,0.884947653585871,0.8059673497157472,0.00882345068397836,0.8507513875143549
metal/metal_0305.jpg,metal,Recyclable,0.892479533419691,0.0,0.8668138944623781,0.7984079447193112,0.020567249112804185,0.8983403552125272
metal/metal_0306.jpg,metal,Recyclable,0.9715750599906631,0.05639543574625196,0.8458455336128409,0.8954217348132687,0.00415599023403969,0.9726184956434362
metal/metal_0307.jpg,metal,Recyclable,1.0,0.02023760869035584,0.8693293114952596,0.9451508319555364,0.00852860495185893,0.8171687964600147
metal/metal_0308.jpg,metal,Recyclable,0.9762196925302065,0.0215687849216734,0.859149722482263,0.7916010059852424,0.0,0.861807120493955
metal/metal_0309.jpg,metal,Recyclable,0.9771488612448259,0.015483865018479164,0.9218214759779433,0.8007258572209118,0.0,0.8466384846401934
metal/metal_0310.jpg,metal,Recyclable,0.9475222227394613,0.03539937462670445,0.8112518587968007,0.9457665965770429,0.029669169625082537,0.8480427986515828
metal/metal_0311.jpg,metal,Recyclable,0.9874913126055295,0.0,0.9037610770590958,0.9233093485991624,0.018634372801898787,0.8492218455564853
metal/metal_0312.jpg,metal,Recyclable,0.861372531762739,0.007165457126957413,0.8187041991157699,0.7815221543357666,0.011222430045470662,0.8290518277239383
metal/metal_0313.jpg,metal,Recyclable,0.9252616397070493,0.0,0.8142243507257385,0.928504944829495,0.0033897494537250585,0.8242530646783364
metal/metal_0314.jpg,metal,Recyclable,0.9362990715493026,0.026779870276188396,0.8728124744264266,0.6368740422529786,0.02021635213827608,0.9218184017121877
metal/metal_0315.jpg,metal,Recyclable,0.9184944038791498,0.0005540351053033056,0.8274873306110864,0.7970797186380376,0.012239268739466064,0.7526737356820568
metal/metal_0316.jpg,metal,Recyclable,0.9164621717588978,0.05078394400349815,0.803589001632599,0.9370399794672047,0.013553381955901368,0.759536614270587
metal/metal_0317.jpg,metal,Recyclable,0.9690598758564861,0.017646653956142934,0.8272266471875129,0.8671469965220403,0.014746334855667922,0.885379591098731
metal/metal_0318.jpg,metal,Recyclable,0.98534758542644,0.028162718255567126,0.7812182955606819,0.8168448179644165,0.039430483352686216,0.8862245530190863
metal/metal_0319.jpg,metal,Recyclable,1.0,0.04790868164398371,0.8620901035777874,0.8710984948846782,0.009634199601231542,0.763109769207675
metal/metal_0320.jpg,metal,Recyclable,0.9505414175740466,0.04421349105084395,0.8200180002589398,0.8788367099343266,0.018515910458931972,0.8045159780343762
metal/metal_0321.jpg,metal,Recyclable,0.93646091406969,0.0,0.8088917196655296,0.7598676301442857,0.0009955153862197322,0.9209727840398919
metal/metal_0322.jpg,metal,Recyclable,0.9225356891272912,0.0225291843812138,0.8248565623164522,0.9325206155925857,0.023111622966036166,0.8932034991069473
metal/metal_0323.jpg,metal,Recyclable,0.9591840365930826,0.015378809263182028,0.7904062647904375,0.9860470216785537,0.0024032698224744665,0.8831823173516421
metal/metal_0324.jpg,metal,Recyclable,0.9817869671787018,0.00889439006189341,0.901900626365798,0.9034949242337198,0.02727963835381765,0.8265326766786644
metal/metal_0325.jpg,metal,Recyclable,0.9114240794816085,0.009890204891109778,0.8604426771267165,0.8540748908959539,0.006065621037254496,0.7545401270511378
metal/metal_0326.jpg,metal,Recyclable,0.9641144898838732,0.059446889581644,0.8732125619061502,0.8926394863337459,0.015724453061551017,0.86985233349412
metal/metal_0327.jpg,metal,Recyclable,0.9779499790060427,0.02790747362371332,0.8343661415173362,0.7942807762993872,0.007510263447193247,0.8657064748225333
metal/metal_0328.jpg,metal,Recyclable,0.9405175111663108,0.02628677366262861,0.8719575066850208,0.9083225601889127,0.022827949688389804,0.8539003709239429
metal/metal_0329.jpg,metal,Recyclable,0.9107667030455702,0.0130979180636162,0.85220312837033,0.7214961870676037,0.02388664520102482,0.8571188956255233
metal/metal_0330.jpg,metal,Recyclable,0.9614405850374085,0.04731052925052531,0.8184928584928827,0.8901829351618821,0.008901358768980643,0.840795656649204
metal/metal_0331.jpg,metal,Recyclable,0.9268342283658686,0.053312064273730544,0.8312249979962214,0.8989624972826992,0.0,0.9089994264844893
metal/metal_0332.jpg,metal,Recyclable,0.9815663346787117,0.021948682205946063,0.8386528766931037,0.8780000003929497,0.03288790660880289,0.7618381650548257
metal/metal_0333.jpg,metal,Recyclable,0.9734608216272238,0.001767653956921949,0.8490040801850134,0.8326483916644936,0.005716817422022443,0.8494767435473635
metal/metal_0334.jpg,metal,Recyclable,0.9159748656416662,0.04058360872255934,0.76029282444007,0.8877835158979839,0.006734641474654289,0.7914537553096272
metal/metal_0335.jpg,metal,Recyclable,0.9560715011179608,0.0,0.8519856910859818,0.7503986164531912,0.014612720843178311,0.8037821333184811
metal/metal_0336.jpg,metal,Recyclable,0.9364701794891207,0.025878987758863246,0.8113728944078882,0.8459425200232188,0.0,0.8815437801798077
metal/metal_0337.jpg,metal,Recyclable,1.0,0.07584417735819923,0.8545584073333219,0.9051742898558031,0.0,0.9251367163152794
metal/metal_0338.jpg,metal,Recyclable,0.9732868551417231,0.01032133110097534,0.9118590400144504,0.8321866746348261,0.005419748169854435,0.8737667462713745
metal/metal_0339.jpg,metal,Recyclable,0.9180993650050904,0.040432495287998964,0.7972005094036578,0.7764961647123769,0.0009031021159166559,0.8879750018758061
metal/metal_0340.jpg,metal,Recyclable,0.9314967391544087,0.0,0.8197160000032101,0.8477570340523659,0.0,0.7924159445482828
metal/metal_0341.jpg,metal,Recyclable,1.0,0.0027886919237222613,0.8338478815613496,0.82429340994405,0.005786431922295581,0.8810673369984551
metal/metal_0342.jpg,metal,Recyclable,0.9784442885141614,0.013880911369368159,0.7881760856703826,0.9392108159494232,0.009046589088033173,0.9365160907428585
metal/metal_0343.jpg,metal,Recyclable,0.8826324230730451,0.023908064425666405,0.9459303166938103,0.8252715105193289,0.00774506576665364,0.8647755845795169
metal/metal_0344.jpg,metal,Recyclable,0.9332361254334512,0.013758561358945343,0.8331092452904298,0.8060805485901539,0.022288565502005593,0.8730539016148218
metal/metal_0345.jpg,metal,Recyclable,0.957518846963099,0.036171420137802335,0.8367822083398266,0.795805732715297,0.003973756953854426,0.8500891520552304
metal/metal_0346.jpg,metal,Recyclable,0.9182236487488129,0.00999477966826649,0.8241941679064282,0.998718936088031,0.0,0.8410190139297183
metal/metal_0347.jpg,metal,Recyclable,1.0,0.02243688928264908,0.8876708736710546,0.8569878420569838,0.003326666187835197,0.7379042032745543
metal/metal_0348.jpg,metal,Recyclable,0.9561636706110891,0.0044878679079521765,0.8099832296917348,0.8150708920814621,0.027448614066234937,0.9702418771126986
metal/metal_0349.jpg,metal,Recyclable,0.956516238125852,0.010704655521765446,0.7911386791274395,0.8827978113082248,0.027829056000651442,0.8376329806487421
metal/metal_0350.jpg,metal,Recyclable,0.8786301187774033,0.03340099343631048,0.8992699855725025,0.7389908051729907,0.011764841836629528,0.8725613008068049
metal/metal_0351.jpg,metal,Recyclable,0.9478067809397318,0.004184581618292927,0.9007968611781778,0.8217634177821922,0.0,0.747526275716516
metal/metal_0352.jpg,metal,Recyclable,0.9878254855999793,0.03233327952942237,0.8543986773564585,0.8191807754204438,0.0047100158579687305,0.7962131675779194
metal/metal_0353.jpg,metal,Recyclable,0.9370563306632034,0.0,0.8131968173265742,0.8282343738554234,0.01609880047190419,0.8480036768313318
metal/metal_0354.jpg,metal,Recyclable,0.9738476934162668,0.04698270210226859,0.9029085046912051,0.8829356893164989,0.010118626791807842,0.800960599579322
metal/metal_0355.jpg,metal,Recyclable,0.9721983215413794,0.05359494764443058,0.8671053019825209,0.9842081403898286,0.0,0.7922918307610229
metal/metal_0356.jpg,metal,Recyclable,0.9756560452324479,0.02528580420306502,0.9156891088285903,0.8489169851491282,0.0013202457747166808,0.8393203378897478
metal/metal_0357.jpg,metal,Recyclable,0.9040194808722879,0.0,0.8986221998959005,0.9110951190128727,0.01363004284806077,0.7639461239519765
metal/metal_0358.jpg,metal,Recyclable,0.9392478927346133,0.0,0.9088266626893883,0.8091394506506179,0.0,0.8514898082560712
metal/metal_0359.jpg,metal,Recyclable,0.9307953662949616,0.04967487820407414,0.8132594551232905,0.7520540218542757,0.0,0.8484606748793292
metal/metal_0360.jpg,metal,Recyclable,0.9331420965842622,0.0,0.9094613230627893,0.8967071603200469,0.009717821210627703,0.9182163122085433
metal/metal_0361.jpg,metal,Recyclable,0.9698760810019583,0.003542881969631352,0.7980389918004617,0.9072587081117702,0.01396366956467351,0.8584873883985331
metal/metal_0362.jpg,metal,Recyclable,0.9246050659139328,0.03215895134011508,0.8122250558433025,0.8428609341784425,0.024469441463869798,0.8169582882094927
metal/metal_0363.jpg,metal,Recyclable,0.9028103222878141,0.0,0.8997149413343811,0.8678311796166146,0.008711226213112464,0.8245453097344215
metal/metal_0364.jpg,metal,Recyclable,0.9645607972265957,0.0030179029801955318,0.8652832784321298,0.798812180183093,0.0010234061472494602,0.8181256282587493
metal/metal_0365.jpg,metal,Recyclable,0.9387377766054811,0.019023403281325936,0.8617727897555557,0.5918144296000089,0.0019234944225323507,0.830421501132198
metal/metal_0366.jpg,metal,Recyclable,0.9951518611582498,0.0,0.8581398309049956,0.9546521216815086,0.0,0.8696987612932201
metal/metal_0367.jpg,metal,Recyclable,0.9259318449819643,0.00990732515421531,0.8098444583023342,0.798769988410888,0.03721912147906493,0.8922227936035833
metal/metal_0368.jpg,metal,Recyclable,0.9830521358535862,0.029839869736729925,0.769687160579902,0.8776470579226314,0.02072929614507347,0.8073300262980444
metal/metal_0369.jpg,metal,Recyclable,0.9789598000148337,0.03408672419708158,0.9426020022406835,0.8207551891240467,0.0,0.8319185945313727
metal/metal_0370.jpg,metal,Recyclable,0.9930671297949086,0.0,0.7465812142284484,0.8562576695252129,0.005574107072258439,0.8503863946587842
metal/metal_0371.jpg,metal,Recyclable,0.9783593531370759,0.00894861307762295,0.7563497084534689,0.9931137090039961,2.771712561223938e-05,0.797048143899395
metal/metal_0372.jpg,metal,Recyclable,0.9831116004116779,0.012310217579169641,0.8468305073982595,0.8837953086842223,0.020835831031099955,0.8333269653409113
metal/metal_0373.jpg,metal,Recyclable,0.995598560177429,0.0,0.8879893618476539,0.7912330709387639,0.023722713166079913,0.8571022239415272
metal/metal_0374.jpg,metal,Recyclable,0.9298128400397179,0.03325682186043265,0.8946594173603626,0.8949325886001046,0.0,0.8257991438188957
metal/metal_0375.jpg,metal,Recyclable,0.9498778148863569,0.01917480694699879,0.8874872737719174,0.7089569137245374,0.013343270545535035,0.835500932278168
metal/metal_0376.jpg,metal,Recyclable,0.9248449815084814,0.005150264444608008,0.8392731167741018,0.5979240426878337,0.0029871042920845007,0.8062092587676853
metal/metal_0377.jpg,metal,Recyclable,0.9659834962796787,0.003889466349789591,0.8392443099914755,0.9579593639362911,0.019943515198154235,0.8951135699971726
metal/metal_0378.jpg,metal,Recyclable,0.9350038270876744,0.03086064558579305,0.8383051099773203,0.8362734752526143,0.014096853437465497,0.8201503205789533
metal/metal_0379.jpg,metal,Recyclable,0.994790093133296,0.016797397208041256,0.8809180283129833,0.9518920335480109,0.02031653774575175,0.7795540448654737
metal/metal_0380.jpg,metal,Recyclable,0.9633468768502965,0.037014387889212935,0.8945931511080374,0.7720693616119758,0.003429647629826761,0.8997279117870811
metal/metal_0381.jpg,metal,Recyclable,0.9271471888795206,0.014006078866713716,0.9287937904750985,0.8466540524730647,0.00273225862166157,0.8061191321568547
metal/metal_0382.jpg,metal,Recyclable,0.9599815798875556,0.0,0.8376332018051791,0.8733261374493015,0.022991498205476676,0.8833774040184997
metal/metal_0383.jpg,metal,Recyclable,0.9285780464605345,0.0435683863512744,0.8350242481226261,0.7635007884565413,0.008279586407345276,0.9219084600572851
metal/metal_0384.jpg,metal,Recyclable,0.9549572015019477,0.020250437286595726,0.9318605822351427,0.7498051607061901,0.0,0.7692076764516583
metal/metal_0385.jpg,metal,Recyclable,0.9611794455944016,0.02332986254230249,0.9271368183639888,0.8670432553995739,0.005958428405206973,0.8500897436439053
metal/metal_0386.jpg,metal,Recyclable,0.9535312225538287,0.0,0.9855165822167447,0.8863909712671338,0.012100083080225891,0.880758199213929
metal/metal_0387.jpg,metal,Recyclable,0.9712823294175981,0.017188930289951367,0.8184379431879649,0.8919615480425193,0.013857108405314525,0.8095054950455296
metal/metal_0388.jpg,metal,Recyclable,0.9925710683410178,0.025867040726459668,0.8864909681133815,0.9474344621375943,0.010218888211648349,0.8658476003492057
metal/metal_0389.jpg,metal,Recyclable,0.9743008171551835,0.005502778323998956,0.8527025831423001,0.8587884010655804,0.00043941448316605486,0.9658818394336939
metal/metal_0390.jpg,metal,Recyclable,0.9077811966952278,0.0,0.9157113287851789,0.8999286375557579,0.0,0.8803644507550846
metal/metal_0391.jpg,metal,Recyclable,0.9940355133499192,0.019394738848060287,0.9799411450037291,0.7293156732392375,0.016938234538591022,0.9083264168110501
metal/metal_0392.jpg,metal,Recyclable,0.9767403170481573,0.015912885467087034,0.8354779258994425,0.881090161976108,0.018157544866520693,0.8801236718141181
metal/metal_0393.jpg,metal,Recyclable,0.9812017367238016,0.0,0.8386114510438183,0.7841988847513371,0.006138872239138584,0.9007610445907153
metal/metal_0394.jpg,metal,Recyclable,0.9532395176217568,0.0721371832629954,0.8596703183594858,0.8541784316405815,0.011061829194402163,0.8181095653570032
metal/metal_0395.jpg,metal,Recyclable,0.9482649016286722,0.042555760542232916,0.8556985334063886,0.794457818908157,0.0007491537952136491,0.8274899054167077
metal/metal_0396.jpg,metal,Recyclable,0.9522159030323264,0.04387173070952524,0.7829755679316781,0.8276121605477871,0.011443100194350788,0.7583147116185283
metal/metal_0397.jpg,metal,Recyclable,0.9249920515110077,0.006402229205276274,0.810201481307475,0.8634322681515153,0.008394403904982027,0.8222356948699482
metal/metal_0398.jpg,metal,Recyclable,0.962838878796579,0.054461494352924994,0.9319628258370876,0.7154059759556364,0.015770721838351397,0.8410988354968081
metal/metal_0399.jpg,metal,Recyclable,0.9546546602859607,0.012034339329149029,0.8558794314943601,0.8605985177250413,0.004210482426510769,0.8051816226087409
metal/metal_0400.jpg,metal,Recyclable,0.9365391295214154,0.02468518528913531,0.8799498170842132,0.9097344284138102,0.005058099769330872,0.8641922283651369
metal/metal_0401.jpg,metal,Recyclable,0.9788750777585989,0.04331189790288256,0.8470583572934238,0.8345347792542271,0.011911242338363923,0.7925146263551297
metal/metal_0402.jpg,metal,Recyclable,0.9441917146689347,0.0348917279694626,0.882097356472185,0.8310812676945277,0.012177182010871666,0.8087674829854656
metal/metal_0403.jpg,metal,Recyclable,0.9711047644467506,0.01844357127727054,0.836202427415193,0.824679331473463,0.009371061331001419,0.8276061177534021
metal/metal_0404.jpg,metal,Recyclable,0.9697442910800769,0.012094329039676386,0.929648204801369,0.9525647352436967,0.001084565101454953,0.853485213471464
metal/metal_0405.jpg,metal,Recyclable,0.9304803013599141,0.01346704873622777,0.9501213733822398,0.828470000801894,0.013602260370774288,0.8770660647004139
metal/metal_0406.jpg,metal,Recyclable,0.9199811188255027,0.002898090511815901,0.789698881429594,0.7879820486271556,0.0,0.8772291200396813
metal/metal_0407.jpg,metal,Recyclable,1.0,0.02295641478073054,0.7791865570329696,0.8050056531970036,0.005411231549750031,0.7991207611393312
metal/metal_0408.jpg,metal,Recyclable,0.9758054791518547,0.03620520088750667,0.792227410309117,0.9007556731113255,0.02526812663577265,0.945127910261478
metal/metal_0409.jpg,metal,Recyclable,1.0,0.0019601470111360493,0.9912110213197601,0.8252055528043848,0.004075345446194857,0.8663536187438923
metal/metal_0410.jpg,metal,Recyclable,0.9325381599772096,0.02798088281293052,0.7839961406131349,0.8332873178555595,0.022855822343616793,0.8471469354284422
paper/paper_0001.jpg,paper,Recyclable,0.15707978933699412,0.09901034418869246,0.6436529303454128,0.03379101151242268,0.1033809620734974,0.6812302602530765
paper/paper_0002.jpg,paper,Recyclable,0.15833189476559192,0.12239800679049506,0.4544650678870525,0.05949422234227642,0.0025828016114477492,0.6615588740765356
paper/paper_0003.jpg,paper,Recyclable,0.2165216172189408,0.07517651246106122,0.44279000834761717,0.08057285021699813,0.020485531860375085,0.6212369728788186
paper/paper_0004.jpg,paper,Recyclable,0.16944094551318567,0.03304506694775885,0.6390107444162642,0.09715518836678656,0.08342378815778102,0.6805138922674474
paper/paper_0005.jpg,paper,Recyclable,0.18864239192718615,0.11132639551108042,0.5768043481529738,0.12259156423630593,0.07151641320318297,0.7379542104836334
paper/paper_0006.jpg,paper,Recyclable,0.13310611122630966,0.08008926488649608,0.5280285000506962,0.08171125842723218,0.05243552809112839,0.7327383072701219
paper/paper_0007.jpg,paper,Recyclable,0.21553029564067316,0.1268440788667824,0.44947477312436523,0.15156812205627493,0.06727365993528285,0.7420513110601914
paper/paper_0008.jpg,paper,Recyclable,0.10468923339763944,0.08567919655496022,0.5750978546317527,0.040615808323213896,0.10433068665376757,0.794215450548682
paper/paper_0009.jpg,paper,Recyclable,0.1412676027159186,0.13440672523312053,0.5348245205238075,0.1339833812418647,0.0,0.8693144445519424
paper/paper_0010.jpg,paper,Recyclable,0.22477291226214785,0.06861497982985285,0.3922328778684946,0.11152113473221957,0.022242978117049728,0.7311397476290241
paper/paper_0011.jpg,paper,Recyclable,0.1705782859582141,0.042343873239919005,0.6396773618891503,0.13222298811224695,0.11903293349154254,0.7006200392568226
paper/paper_0012.jpg,paper,Recyclable,0.07922379665431466,0.11911489088844551,0.5283702880691368,0.044408794272293245,0.13408157463897305,0.8469585264351757
paper/paper_0013.jpg,paper,Recyclable,0.14793759355103983,0.16636484618413167,0.557305178288908,0.08478176383334596,0.0547816618325809,0.8145957685594919
paper/paper_0014.jpg,paper,Recyclable,0.1109928059306114,0.1094107723989995,0.5052668931952634,0.08158772949702547,0.12120998775878268,0.6733974207597452
paper/paper_0015.jpg,paper,Recyclable,0.12976023102898532,0.12531218788699228,0.6777917834577298,0.12578759213136934,0.05380920897504203,0.6642574050491694
paper/paper_0016.jpg,paper,Recyclable,0.15399576318700187,0.0928372024770263,0.4709707271888183,0.12892151758319456,0.08342053318558396,0.5799004176953308
paper/paper_0017.jpg,paper,Recyclable,0.10355367587696347,0.05983485305393345,0.5441713848927157,0.17557115182015987,0.08952685224558513,0.6411459677070962
paper/paper_0018.jpg,paper,Recyclable,0.16103154021535815,0.06591649010184476,0.5759806591626834,0.1232227074814246,0.12836922588895752,0.6982999453030981
paper/paper_0019.jpg,paper,Recyclable,0.23194802637999165,0.11632090650144765,0.493404836415025,0.18839422662993857,0.0930797805308039,0.6415412847219435
paper/paper_0020.jpg,paper,Recyclable,0.2326456525615211,0.16311110340793777,0.5473579789024352,0.07985398958497615,0.07310500170185352,0.750031220926239
paper/paper_0021.jpg,paper,Recyclable,0.2138928327515257,0.10281949323454294,0.5581378566777416,0.1599204708121771,0.06748654107793911,0.7721643536856835
paper/paper_0022.jpg,paper,Recyclable,0.13559686008243607,0.09724091832043573,0.540914994816764,0.09776591269388757,0.0649045393015116,0.7941397821826486
paper/paper_0023.jpg,paper,Recyclable,0.11335369809457324,0.05039070989805167,0.7196794852676088,0.13911390258617326,0.0,0.6604318882552717
paper/paper_0024.jpg,paper,Recyclable,0.059400533121897275,0.0419723722633898,0.29891882670127684,0.0945204168922423,0.03432232723354754,0.7041933679757506
paper/paper_0025.jpg,paper,Recyclable,0.06874393705587376,0.0833164741268816,0.5168066977503739,0.16007811860754384,0.136454274469825,0.7549741922107198
paper/paper_0026.jpg,paper,Recyclable,0.13366931096693938,0.15941521581041174,0.4257571777728144,0.0438576548174535,0.07664867600443742,0.8577826676244783
paper/paper_0027.jpg,paper,Recyclable,0.13988305465649561,0.07267019027162873,0.4346471715110553,0.13783718341081513,0.11812705017317415,0.7552352640979937
paper/paper_0028.jpg,paper,Recyclable,0.11853896635763186,0.05173172926507977,0.4465502199676024,0.10335490007043735,0.03678370682885993,0.6175808446325497
paper/paper_0029.jpg,paper,Recyclable,0.1288154641544662,0.06043375299263136,0.5069617176942436,0.11865778387361045,0.08316191208601117,0.6798290778642218
paper/paper_0030.jpg,paper,Recyclable,0.1591506464155741,0.04033891835581471,0.5584222899127743,0.10602409971378536,0.019878125625700772,0.7696985628059253
paper/paper_0031.jpg,paper,Recyclable,0.10592831473865022,0.0836123919682574,0.6431529392428217,0.13702707030855477,0.08137333554275342,0.6746250697982552
paper/paper_0032.jpg,paper,Recyclable,0.19737559542877836,0.1069877991123448,0.5005307983964696,0.06820425411993239,0.0,0.710782228917851
paper/paper_0033.jpg,paper,Recyclable,0.14586511274908007,0.1254476549857017,0.5787244074784293,0.15336916776690762,0.05210543088335317,0.7796705231677332
paper/paper_0034.jpg,paper,Recyclable,0.12355418104476723,0.11110384247169089,0.43329932859754455,0.10940541197464755,0.0006124823421636005,0.6813003759840771
paper/paper_0035.jpg,paper,Recyclable,0.1720176996938957,0.05916125795075617,0.46596498969952266,0.13384473877183736,0.07586148840612306,0.665730054707853
paper/paper_0036.jpg,paper,Recyclable,0.1520947960577138,0.18546676567782355,0.6422802279825236,0.14650294672751363,0.09742185275969456,0.7116539690804002
paper/paper_0037.jpg,paper,Recyclable,0.030195885583479173,0.05284078614147472,0.5115540469438021,0.02500431743809868,0.03370336839138265,0.5613414470354156
paper/paper_0038.jpg,paper,Recyclable,0.14808380821513137,0.11275063883395264,0.6385419614899464,0.11659137848316965,0.041464146352057245,0.5647554389036028
paper/paper_0039.jpg,paper,Recyclable,0.06215656502992489,0.029240696909820063,0.4788912241571461,0.09361006008033654,0.039433431274921264,0.7237283125567783
paper/paper_0040.jpg,paper,Recyclable,0.13838632486002636,0.08042182846964102,0.6412200442136964,0.0527907306319852,0.09674818313169474,0.6990218740066748
paper/paper_0041.jpg,paper,Recyclable,0.13332568595151523,0.1154102528346384,0.6203211323645607,0.06214036816046288,0.07271357664568304,0.7196848177808846
paper/paper_0042.jpg,paper,Recyclable,0.13634966259887077,0.10340085329151194,0.5724953614328221,0.17330244961424052,0.0187888345628085,0.6914294807176822
paper/paper_0043.jpg,paper,Recyclable,0.10457487442439044,0.10416429821756176,0.42062624879635646,0.11385250840899547,0.054798062746066356,0.648608669371529
paper/paper_0044.jpg,paper,Recyclable,0.07767508982296563,0.061396962151959764,0.6367600424232741,0.09899245265882083,0.10510721671497898,0.8165249275376392
paper/paper_0045.jpg,paper,Recyclable,0.1631877792411288,0.057648017117506375,0.5873801772146232,0.07822815414742833,0.059823092668113226,0.5936075040266711
paper/paper_0046.jpg,paper,Recyclable,0.1963128745542196,0.06455989697402242,0.564567859665269,0.058561522855734426,0.09743790518861889,0.6466641133305441
paper/paper_0047.jpg,paper,Recyclable,0.14291456391490878,0.11511304124956503,0.6132607449786024,0.09911879709932239,0.009274758691731264,0.9094967399042448
paper/paper_0048.jpg,paper,Recyclable,0.2372929485136568,0.10890699299553194,0.4897436974727224,0.09545631353192142,0.05826318280893932,0.7884699157367472
paper/paper_0049.jpg,paper,Recyclable,0.1631251445425917,0.048633445665606685,0.5123395920700174,0.1448475257027962,0.14400391387281913,0.8069832094440371
paper/paper_0050.jpg,paper,Recyclable,0.18785160325269887,0.06989500524789453,0.2906788939736704,0.11188640095232887,0.07992684964623599,0.7097987467424948
paper/paper_0051.jpg,paper,Recyclable,0.15269486735166032,0.026949513522033716,0.5945926845480949,0.12528865256127403,0.10729355128238637,0.766260390250137
paper/paper_0052.jpg,paper,Recyclable,0.18020258224608116,0.06359882353844357,0.5443330521667128,0.10364499469013508,0.08430797796426474,0.769875235918021
paper/paper_0053.jpg,paper,Recyclable,0.18218343765112455,0.16309373758279813,0.7265175183907738,0.103185983304557,0.0,0.7865782726289086
paper/paper_0054.jpg,paper,Recyclable,0.12298118305064727,0.047940643126759726,0.5181243780008506,0.08213427812741575,0.1044907924042157,0.5908394954611642
paper/paper_0055.jpg,paper,Recyclable,0.09611396271041991,0.09372634216789666,0.5998355224330647,0.12566166579744048,0.04851854884266804,0.6315214045513632
paper/paper_0056.jpg,paper,Recyclable,0.12466825831060403,0.08959491009138901,0.6688381895418041,0.01810251256916999,0.07117084972166535,0.6067125091282357
paper/paper_0057.jpg,paper,Recyclable,0.0673878661323255,0.11867826581379268,0.5935699659599472,0.11797734063789049,0.11684103358923974,0.6664196772263704
paper/paper_0058.jpg,paper,Recyclable,0.12836812418332358,0.16742922466890298,0.5302743156592341,0.12940528452216365,0.0802552616385326,0.5706219028945109
paper/paper_0059.jpg,paper,Recyclable,0.047768549809936584,0.056840631202403805,0.6344881001335991,0.13153166626544016,0.11656308656896135,0.6309067674744578
paper/paper_0060.jpg,paper,Recyclable,0.23079362450611568,0.04140426799254463,0.5670259518935975,0.09958590840369054,0.07304504718741654,0.7937014496806925
paper/paper_0061.jpg,paper,Recyclable,0.11474447399170196,0.026015789771522878,0.5515996388965135,0.08400693062853895,0.21509531676330584,0.7473555233507982
paper/paper_0062.jpg,paper,Recyclable,0.12953297123906876,0.03775553723251654,0.3995769271544973,0.05899123657050268,0.08459767087036527,0.7999130056116338
paper/paper_0063.jpg,paper,Recyclable,0.20608445711939594,0.08916379326585518,0.5241465867438013,0.11075249425648617,0.059254480100616964,0.8202854797034713
paper/paper_0064.jpg,paper,Recyclable,0.140540490936246,0.07654648567013092,0.3727342059983466,0.09218260613908945,0.11345936551859764,0.6252594196073018
paper/paper_0065.jpg,paper,Recyclable,0.11246398327535935,0.11170844070934659,0.4318674221185558,0.14231204030167674,0.05871424439307592,0.6728002245656157
paper/paper_0066.jpg,paper,Recyclable,0.0938060797437203,0.09512185041711532,0.7467897588023504,0.13125988957842527,0.04542858952237857,0.7794934409844033
paper/paper_0067.jpg,paper,Recyclable,0.13416602270328754,0.13497939925710237,0.6145341121731491,0.0,0.0398368146817989,0.7661069655984772
paper/paper_0068.jpg,paper,Recyclable,0.15758286360725088,0.03904976209168597,0.49931283876049504,0.023750535196424782,0.07646506849894416,0.8547482808211034
paper/paper_0069.jpg,paper,Recyclable,0.1902466695366163,0.16761668004753694,0.6205917671831984,0.14109917373410769,0.15896314750980095,0.7264084281539558
paper/paper_0070.jpg,paper,Recyclable,0.14063863392465598,0.12130630066488049,0.6663072189697509,0.08080141429151165,0.05113723670639883,0.7097199222701616
paper/paper_0071.jpg,paper,Recyclable,0.1915749433465831,0.11192364194646247,0.4360665919849921,0.17646424268253286,0.054353402824125985,0.6814454502177993
paper/paper_0072.jpg,paper,Recyclable,0.104867282000609,0.1879331534374835,0.5693656536230375,0.06596099677273741,0.11455694199849784,0.7538395045517022
paper/paper_0073.jpg,paper,Recyclable,0.1406136488210058,0.11362426851133534,0.4839766431335309,0.08028326900202992,0.0,0.6073234241046306
paper/paper_0074.jpg,paper,Recyclable,0.24038154028353428,0.14565714510889258,0.555263091891917,0.16651725788759353,0.07359702053566781,0.6829612788202464
paper/paper_0075.jpg,paper,Recyclable,0.15282553242327782,0.07500313618705738,0.5327842941151856,0.14573592428598212,0.08600542615824813,0.7498737235103663
paper/paper_0076.jpg,paper,Recyclable,0.20156902626386655,0.09552743182618934,0.47237829392734093,0.04588536444143845,0.0859512253922922,0.6880120586622546
paper/paper_0077.jpg,paper,Recyclable,0.15436957144600608,0.07935783843005656,0.7566858928133254,0.04679094977434648,0.0004021492071550059,0.7232663783463726
paper/paper_0078.jpg,paper,Recyclable,0.13117887227059022,0.09264271478919806,0.5967106417827202,0.1513641878071559,0.019710967184642464,0.6610297471499985
paper/paper_0079.jpg,paper,Recyclable,0.17143806294403818,0.11081854382748907,0.7254759640230709,0.1382281588445547,0.07772845616454892,0.6376694972940137
paper/paper_0080.jpg,paper,Recyclable,0.12178550736404903,0.056291887081715744,0.6024186902811008,0.11027989782343323,0.027054017166312845,0.6694868971636696
paper/paper_0081.jpg,paper,Recyclable,0.19387737767257102,0.09406649419896236,0.5954915692810216,0.11531686840229052,0.1450572293843544,0.7165230144677058
paper/paper_0082.jpg,paper,Recyclable,0.1306988601064651,0.04336979835465758,0.569968756656777,0.0023718394089966427,0.07262843992669152,0.6855912098055059
paper/paper_0083.jpg,paper,Recyclable,0.08177645731913595,0.04286936645376017,0.6147726024118594,0.10922846996299851,0.0840715333482931,0.7214443273752416
paper/paper_0084.jpg,paper,Recyclable,0.15463137939744617,0.12971450251433259,0.559874334536292,0.04167147544724999,0.1452051985949764,0.7259238187130191
paper/paper_0085.jpg,paper,Recyclable,0.12053731346024661,0.029863931268199258,0.5816731376766436,0.09531311980102498,0.14296587144129635,0.6757864903533221
paper/paper_0086.jpg,paper,Recyclable,0.10813096051587665,0.11583184872943714,0.6240225514173465,0.10674605470440783,0.10705428190699634,0.6973619015480433
paper/paper_0087.jpg,paper,Recyclable,0.16169325505046234,0.1265996353025569,0.6000254667217203,0.09322902246669501,0.13409450183704602,0.5344601239045941
paper/paper_0088.jpg,paper,Recyclable,0.25260366557109676,0.011761636204370596,0.49983257401821635,0.09836329859219724,0.07414077317087354,0.7704487728018588
paper/paper_0089.jpg,paper,Recyclable,0.09710816906948827,0.09043067269932253,0.5037430321424198,0.11180563917349667,0.07740910960808495,0.7065054956878084
paper/paper_0090.jpg,paper,Recyclable,0.1225037583767827,0.0595974419961567,0.5729818011221942,0.1377486202302418,0.056068826632086094,0.6391862718798963
paper/paper_0091.jpg,paper,Recyclable,0.18067300828359184,0.07869984427769243,0.6164398507188762,0.0637681114651541,0.00882244298306277,0.6626897142721565
paper/paper_0092.jpg,paper,Recyclable,0.11168236953674919,0.076848463996788,0.4990523828583689,0.12964067805345797,0.06847398950309935,0.710533214914173
paper/paper_0093.jpg,paper,Recyclable,0.1578817279220472,0.0877982036964875,0.5480696711636022,0.12042402761641255,0.0481737946469677,0.7979592548657718
paper/paper_0094.jpg,paper,Recyclable,0.13817313083157323,0.02753803448405273,0.5650458685593419,0.0659527807021006,0.106613381380355,0.8546723903229664
paper/paper_0095.jpg,paper,Recyclable,0.1106713954221075,0.09329489332895939,0.40955955290362983,0.11815620917765389,0.0445714480080124,0.6562615767095862
paper/paper_0096.jpg,paper,Recyclable,0.09493567550800859,0.10928604904218941,0.630584348597861,0.10093540858634031,0.04542293178657122,0.8112666125272703
paper/paper_0097.jpg,paper,Recyclable,0.11247949361226718,0.0,0.5866711207965655,0.055809013054339336,0.119544351739967,0.6733203612328607
paper/paper_0098.jpg,paper,Recyclable,0.18018566202720981,0.13606001386208633,0.4532912908303423,0.07736251476430378,0.07697315709371746,0.807628592332404
paper/paper_0099.jpg,paper,Recyclable,0.11708086410297772,0.056219852162039716,0.5882512460444647,0.07691085097157717,0.08610103531590467,0.5913923805322311
paper/paper_0100.jpg,paper,Recyclable,0.26071649712782985,0.026091630787623867,0.5242597836807834,0.09870075856631622,0.15650752537427182,0.6072607953347081
paper/paper_0101.jpg,paper,Recyclable,0.24918520677393757,0.1102870728440809,0.5833676259538597,0.06061465251928179,0.10284564968152295,0.649355936430614
paper/paper_0102.jpg,paper,Recyclable,0.2133330626599206,0.04115751883569068,0.5409473204435133,0.07778907647947314,0.04049908150292021,0.751892387183554
paper/paper_0103.jpg,paper,Recyclable,0.17677293737048166,0.1283604079560399,0.40760999134334663,0.14256682809364177,0.18021795621427578,0.6683851237576137
paper/paper_0104.jpg,paper,Recyclable,0.2447574306054485,0.06947354911760693,0.44020722099509546,0.08777470230372818,0.12192815870701104,0.6413276462367927
paper/paper_0105.jpg,paper,Recyclable,0.11998306704967564,0.10374157729172764,0.5502448093390859,0.12338491809946964,0.08951318163033344,0.7335737723686101
paper/paper_0106.jpg,paper,Recyclable,0.12838494070952294,0.0892692376812157,0.4758101595443254,0.15153734490013554,0.05462901132730745,0.7790193241284572
paper/paper_0107.jpg,paper,Recyclable,0.13831965195085671,0.08807996043029286,0.510402835928744,0.059360182753278846,0.010209584495787946,0.6261273088985277
paper/paper_0108.jpg,paper,Recyclable,0.1338045573392039,0.08847516715315537,0.6308303450626611,0.08216970160812605,0.04472156942931304,0.5990099649798101
paper/paper_0109.jpg,paper,Recyclable,0.1740031808952052,0.13532778061317374,0.6513064214365032,0.1283973099258895,0.10554173269070397,0.8188336645796539
paper/paper_0110.jpg,paper,Recyclable,0.16660407307084052,0.10584518704096686,0.5243372910518401,0.04551826516580971,0.052646043980016946,0.6993588673025741
paper/paper_0111.jpg,paper,Recyclable,0.15303926862506514,0.15705143419421574,0.5565021734072856,0.14715373776102575,0.06259691033694736,0.6781826879964336
paper/paper_0112.jpg,paper,Recyclable,0.08354961813882758,0.05030687948493713,0.5921585113091002,0.10030240721576533,0.11771754479588935,0.7126877763841535
paper/paper_0113.jpg,paper,Recyclable,0.1323773134181129,0.16593187455147837,0.5424877145029563,0.14652003878821218,0.06395163173821289,0.7496719635568496
paper/paper_0114.jpg,paper,Recyclable,0.19640078295758434,0.08833967882302324,0.3616413661842719,0.10073009843424452,0.12921840191039902,0.7369236583119411
paper/paper_0115.jpg,paper,Recyclable,0.17229194376146234,0.011109722641699238,0.4923635943459953,0.11645430524605757,0.09641533107147568,0.7850266746093031
paper/paper_0116.jpg,paper,Recyclable,0.1427566622426953,0.09623296346695256,0.5513099393545036,0.06052229053993773,0.0,0.7301706784491053
paper/paper_0117.jpg,paper,Recyclable,0.15869736042064056,0.05527299831599324,0.42046615547873084,0.12518958057634952,0.06936319703217791,0.7389812305657701
paper/paper_0118.jpg,paper,Recyclable,0.24320242652058793,0.0,0.49403193530381095,0.09162497546752348,0.13819304696586604,0.585451788655546
paper/paper_0119.jpg,paper,Recyclable,0.24679305128403023,0.08543423606265162,0.5423199470612914,0.09207760947124374,0.06254947871279885,0.7733681731488408
paper/paper_0120.jpg,paper,Recyclable,0.09657396229587806,0.09381656726575414,0.519265466743442,0.06951466205943609,0.18343900702735583,0.7293335514327421
paper/paper_0121.jpg,paper,Recyclable,0.1806632772330572,0.12551107122674648,0.43629200437451626,0.17009167636488126,0.0,0.6461863512973035
paper/paper_0122.jpg,paper,Recyclable,0.12704841634105496,0.10326893459882024,0.5674974612913191,0.09332741037206428,0.07952010621489104,0.6315383883534201
paper/paper_0123.jpg,paper,Recyclable,0.07513838027579132,0.10906046489344241,0.6054964890028949,0.16337977500628237,0.04839931612739168,0.7484970647210646
paper/paper_0124.jpg,paper,Recyclable,0.13581466358176342,0.1276189994077393,0.6317570221342513,0.10844837596897827,0.06641879373336054,0.7672652525025783
paper/paper_0125.jpg,paper,Recyclable,0.18234522616282828,0.0526223839165527,0.4437761061216456,0.08845868397272816,0.14061655261392836,0.7802541011113127
paper/paper_0126.jpg,paper,Recyclable,0.09438362651647095,0.03328970336400316,0.651974707974359,0.054574563809686845,0.10037181294568032,0.6568750149264573
paper/paper_0127.jpg,paper,Recyclable,0.23085224622608413,0.049183008034484846,0.6414689224164662,0.1073943461624146,0.09008779416937147,0.5620783993054019
paper/paper_0128.jpg,paper,Recyclable,0.039854332339714055,0.07117736238930744,0.569752485073329,0.05499208689049107,0.03645226358094632,0.7393030840878293
paper/paper_0129.jpg,paper,Recyclable,0.17814272402285652,0.07449035758448291,0.612416137694886,0.053031908171194145,0.06576260331652117,0.8153514324048571
paper/paper_0130.jpg,paper,Recyclable,0.15341610649699086,0.08505250058347998,0.7344757268774192,0.044026313366049175,0.11185721466568442,0.816479039586567
paper/paper_0131.jpg,paper,Recyclable,0.13375710367507268,0.11438523147419385,0.47143844022312764,0.07253070417730595,0.09539865664190537,0.7558996671177413
paper/paper_0132.jpg,paper,Recyclable,0.2060468256203123,0.14278514347757973,0.5446042753155855,0.1477444702069035,0.06630780626203404,0.7631463918111787
paper/paper_0133.jpg,paper,Recyclable,0.16037443989260908,0.09782711628327696,0.583880629921763,0.035811799608087516,0.03503512564556907,0.7071779007872265
paper/paper_0134.jpg,paper,Recyclable,0.06563604601794157,0.11324844412799023,0.6197244773030514,0.11308682211511162,0.035154639489683115,0.796609725720796
paper/paper_0135.jpg,paper,Recyclable,0.2518605319859179,0.08588307309783896,0.590842830276099,0.10806954619184177,0.10121476755995197,0.6916308870361523
paper/paper_0136.jpg,paper,Recyclable,0.14827178800780982,0.11622870401989462,0.7376499329517153,0.043997150623930455,0.07584750062388132,0.6173677660337542
paper/paper_0137.jpg,paper,Recyclable,0.22960124492880418,0.05649048122720406,0.4345439364971365,0.12552747995394295,0.14977244458972444,0.7464518507992534
paper/paper_0138.jpg,paper,Recyclable,0.16023989386409584,0.09636563691103976,0.6631872530260444,0.06503202919943402,0.07552611583654749,0.6683116896043326
paper/paper_0139.jpg,paper,Recyclable,0.09160673463541448,0.0668649896233279,0.638617687678596,0.12266408593570903,0.10577242000432802,0.7102532928157322
paper/paper_0140.jpg,paper,Recyclable,0.17616618913642942,0.047976386306075786,0.5252392091258217,0.10768016947874708,0.09110063435527561,0.7224131498445311
paper/paper_0141.jpg,paper,Recyclable,0.1430832358991811,0.06490306395478682,0.8026217026435438,0.13627149091729596,0.0965258990381049,0.6836754051255524
paper/paper_0142.jpg,paper,Recyclable,0.12743905865280616,0.07476797625092177,0.5734263074869347,0.024782578237476746,0.01722441618501265,0.6554182327742729
paper/paper_0143.jpg,paper,Recyclable,0.1603569718389284,0.07042907411392595,0.6682496980879588,0.040704128520169254,0.049946181215865186,0.806406421869377
paper/paper_0144.jpg,paper,Recyclable,0.15655596623375734,0.11539370331204635,0.7140997554615571,0.0722478232839271,0.07602742648831871,0.680930116934839
paper/paper_0145.jpg,paper,Recyclable,0.05227034977583621,0.06758412784976124,0.6204849749904533,0.12162358167248964,0.1047633267755204,0.6737143713552349
paper/paper_0146.jpg,paper,Recyclable,0.11719513819971791,0.13077022687594483,0.5102146282913865,0.11176328155172857,0.08653338722710154,0.8023201911379982
paper/paper_0147.jpg,paper,Recyclable,0.198570617883618,0.02818965517331517,0.4549957466579968,0.12315639272276538,0.07742649410483333,0.6681379751232365
paper/paper_0148.jpg,paper,Recyclable,0.20078139419972355,0.08749837528355643,0.5541965909511556,0.13119314563020198,0.06499564020225743,0.8097963289830787
paper/paper_0149.jpg,paper,Recyclable,0.11059761883834959,0.10627716265368353,0.6647066270927876,0.04490818042911601,0.06626659296590204,0.779954517501989
paper/paper_0150.jpg,paper,Recyclable,0.20786222738655125,0.07314017598447042,0.4912263125058513,0.13823743289323048,0.1273419641032642,0.6184735656041324
paper/paper_0151.jpg,paper,Recyclable,0.08980431755168097,0.08901026727934398,0.6003488506743114,0.0880372365907978,0.10717175279929397,0.6502904375213832
paper/paper_0152.jpg,paper,Recyclable,0.044265320046313214,0.06304395710669616,0.5550585717210481,0.08896640160414174,0.03365586945362059,0.5729045716884827
paper/paper_0153.jpg,paper,Recyclable,0.1242955597816051,0.11590623086598975,0.6504957951530946,0.1475085353655382,0.04736361859405788,0.6192405573458745
paper/paper_0154.jpg,paper,Recyclable,0.17483173074899477,0.10540400046391701,0.5820135684160398,0.01943746903048947,0.04532461660466133,0.6979217846799814
paper/paper_0155.jpg,paper,Recyclable,0.17436090973152135,0.11069229450409948,0.5615402817825632,0.11323135226152944,0.08339461833444417,0.7479933561952937
paper/paper_0156.jpg,paper,Recyclable,0.16564328257454555,0.0826295064018915,0.5285304960690096,0.10325165700169925,0.09938365515357099,0.7187232772228642
paper/paper_0157.jpg,paper,Recyclable,0.16904132091726268,0.13370887445404742,0.5712131138197271,0.0740400591810737,0.11534427143976676,0.6043661163631757
paper/paper_0158.jpg,paper,Recyclable,0.09592933096303563,0.09343389058880276,0.5913117334229263,0.05019795105984021,0.06468730076053,0.6575741317446239
paper/paper_0159.jpg,paper,Recyclable,0.12566618385592015,0.11774391105091783,0.6065204370837802,0.0992351128058517,0.058161522915402886,0.6055245230845901
paper/paper_0160.jpg,paper,Recyclable,0.22100924693909743,0.10368455601139674,0.4934664716741488,0.12878397990499565,0.07719105517701498,0.6799023346596359
paper/paper_0161.jpg,paper,Recyclable,0.17176057641448012,0.050340070003491,0.5224994784391912,0.10485844256798184,0.060021952284591465,0.7468359647187266
paper/paper_0162.jpg,paper,Recyclable,0.24345332518391305,0.04982807469571429,0.4167899762956765,0.019930393300949534,0.07398127434020071,0.6535784786911671
paper/paper_0163.jpg,paper,Recyclable,0.16039302505335404,0.08530390688104404,0.4217426522708724,0.02740464682074377,0.0918373296138438,0.709480018430397
paper/paper_0164.jpg,paper,Recyclable,0.12870910008167244,0.013714256594707819,0.5877113010211993,0.15087598181695774,0.0911192976087569,0.6406768276604454
paper/paper_0165.jpg,paper,Recyclable,0.15222760827855755,0.025355436762652603,0.6346368571071035,0.10327377338118156,0.009273723529870728,0.6789527947689422
paper/paper_0166.jpg,paper,Recyclable,0.17316507551171154,0.06667809516097911,0.5279283422847861,0.05102391171810913,0.10266163948326625,0.6546071559986604
paper/paper_0167.jpg,paper,Recyclable,0.04217773114974835,0.06514970517318425,0.6284919772456283,0.08452282213600211,0.1495193994049408,0.7300277563983961
paper/paper_0168.jpg,paper,Recyclable,0.1669379081140183,0.07486406936329565,0.5445371033788567,0.08946305459521985,0.06790922431669895,0.7371607013447004
paper/paper_0169.jpg,paper,Recyclable,0.1032084385104717,0.036964246851029614,0.4601443959299698,0.18182618190708616,0.1012137160668232,0.7213144541176101
paper/paper_0170.jpg,paper,Recyclable,0.09712426648532842,0.10493369202699314,0.5406742922837338,0.10856675764527,0.04093518736545776,0.7112188200192303
paper/paper_0171.jpg,paper,Recyclable,0.12880832308967582,0.049375553718792486,0.6087285068645799,0.03849168765879991,0.10259105057256603,0.7479140293487097
paper/paper_0172.jpg,paper,Recyclable,0.10601781622243796,0.04718686155470131,0.5321579454986879,0.11128144841848883,0.07388580032743099,0.7303493722134315
paper/paper_0173.jpg,paper,Recyclable,0.23814898262686995,0.05969132923401145,0.4127856023437264,0.13303694332122612,0.14733258303710117,0.7274937854135787
paper/paper_0174.jpg,paper,Recyclable,0.09561256623231659,0.07504430547059196,0.46051812126306946,0.1257142197585179,0.025948383892062624,0.6789909849220259
paper/paper_0175.jpg,paper,Recyclable,0.09978310868530467,0.08507298740539848,0.5206926658289794,0.10707048413001057,0.08089402219865463,0.6309338680593122
paper/paper_0176.jpg,paper,Recyclable,0.18134385317645108,0.0780493739262754,0.47091767937072804,0.1896370622482317,0.09905720666868499,0.6892717612620486
paper/paper_0177.jpg,paper,Recyclable,0.22076022633509118,0.1536726243754643,0.5383720462148892,0.11389589945739048,0.040479887279882366,0.6896965074462391
paper/paper_0178.jpg,paper,Recyclable,0.1400468723120065,0.08739308134486616,0.5766208382909609,0.1223931379531224,0.08950570625199837,0.6152480161359585
paper/paper_0179.jpg,paper,Recyclable,0.10307664471294575,0.05814369522145308,0.5274207526461417,0.14203097161888453,0.033482440525883485,0.674980946628051
paper/paper_0180.jpg,paper,Recyclable,0.19765047491070248,0.06800490102013551,0.586833251987426,0.09441831828288387,0.09027133029298892,0.6840069219333321
paper/paper_0181.jpg,paper,Recyclable,0.1833532736364177,0.018197743703742587,0.5209350393289165,0.11186290706777233,0.10134780992024772,0.8045066835927679
paper/paper_0182.jpg,paper,Recyclable,0.13044876665672117,0.1391792704744349,0.4972780938672264,0.15314585646178575,0.1126986850679349,0.6360578994257443
paper/paper_0183.jpg,paper,Recyclable,0.1653519618625911,0.07795056657871234,0.6000467674940001,0.09106913646266762,0.06771015097353074,0.7958366207933996
paper/paper_0184.jpg,paper,Recyclable,0.14506395527721636,0.11305689296767066,0.5319718811964641,0.16666653036910095,0.05286661482658027,0.657009952812697
paper/paper_0185.jpg,paper,Recyclable,0.22622585905579515,0.06220214436418989,0.6780859444931515,0.1356736231837925,0.07381401173756666,0.5730694569587989
paper/paper_0186.jpg,paper,Recyclable,0.1490340847864082,0.08406520214133699,0.6433774186643499,0.16353788704960448,0.052600512834250095,0.7560827234791727
paper/paper_0187.jpg,paper,Recyclable,0.18827010780066747,0.12293650809641782,0.5898951929708436,0.022300092361529203,0.07378310269888962,0.6191004697558159
paper/paper_0188.jpg,paper,Recyclable,0.13986971135409632,0.11920016944535576,0.5744120668699979,0.1459236346558973,0.09367015682854157,0.6091171842231767
paper/paper_0189.jpg,paper,Recyclable,0.023957649671363268,0.08595235046718361,0.5328858826919068,0.06092217042472472,0.011974910013944878,0.6485679750569103
paper/paper_0190.jpg,paper,Recyclable,0.1402754257567612,0.1066351129482556,0.5650904865254385,0.16432268988690918,0.03857583775818423,0.7616741224440203
paper/paper_0191.jpg,paper,Recyclable,0.1523649371564364,0.10778676496474339,0.5150788109387565,0.1428672149556236,0.09180899033380971,0.6524388510557575
paper/paper_0192.jpg,paper,Recyclable,0.1493987985543406,0.07041776564251602,0.5891342680510235,0.05280893002501966,0.07882593191537222,0.7276715076854531
paper/paper_0193.jpg,paper,Recyclable,0.15165116535965165,0.13387764977555983,0.6119218219256842,0.09970076813037014,0.08866756389990693,0.72069658860374
paper/paper_0194.jpg,paper,Recyclable,0.1701649802083412,0.006973680173415681,0.5258778963384523,0.04062243727226295,0.13113123789837947,0.695740533599795
paper/paper_0195.jpg,paper,Recyclable,0.14033295251601885,0.11587189328132941,0.58378598379599,0.05485461942483172,0.07716378549890525,0.676538311874153
paper/paper_0196.jpg,paper,Recyclable,0.06277335556969729,0.052388950670511816,0.5353167742386828,0.09540196274032631,0.020710743052907654,0.7806165908133232
paper/paper_0197.jpg,paper,Recyclable,0.14489484705542804,0.08150212306642252,0.582051331067187,0.06847694984385316,0.09825423892530785,0.6743047747787272
paper/paper_0198.jpg,paper,Recyclable,0.1051707229676404,0.10293789973421597,0.6693339087041447,0.12899317493943327,0.11691910260561723,0.6635558575406391
paper/paper_0199.jpg,paper,Recyclable,0.07011901354157717,0.13960550088399365,0.7143611911523808,0.16171227095078727,0.06656856244081001,0.6191755962889809
paper/paper_0200.jpg,paper,Recyclable,0.09671586510902166,0.012650697295438051,0.5414097105271964,0.16422711832329817,0.07433349472511028,0.7211626030243792
paper/paper_0201.jpg,paper,Recyclable,0.2187798482152104,0.06383618752670402,0.7128425165375676,0.17968377629989812,0.0747555464527807,0.659572601518655
paper/paper_0202.jpg,paper,Recyclable,0.18486190231951566,0.06609900229924567,0.45747558263461313,0.15124954614091923,0.1286578954910832,0.7108858122634493
paper/paper_0203.jpg,paper,Recyclable,0.0868567623135911,0.030818949951304554,0.5585783430735323,0.08000515861979872,0.06635628271433568,0.7715374208542002
paper/paper_0204.jpg,paper,Recyclable,0.18665896587112787,0.13512570721990452,0.4707501421298194,0.08627233725253153,0.11035926781840451,0.7313654838709024
paper/paper_0205.jpg,paper,Recyclable,0.2266190191293811,0.09682146823616278,0.6978487283284442,0.12160071206892564,0.12248669790354641,0.677353953725088
paper/paper_0206.jpg,paper,Recyclable,0.15071436059419946,0.116437776153579,0.6790382536474444,0.1291694779724301,0.07667312912261522,0.7964134520669839
paper/paper_0207.jpg,paper,Recyclable,0.040401067186005946,0.02311061993972506,0.6045307378934711,0.100564334250125,0.10422054604496661,0.7045085265702359
paper/paper_0208.jpg,paper,Recyclable,0.17854728473019363,0.04742388716027238,0.5956388868863753,0.13977658112830338,0.1288220241572493,0.8409488006254089
paper/paper_0209.jpg,paper,Recyclable,0.16220492217511934,0.09095644347388716,0.42814620286609223,0.07874354395446301,0.0722767170397355,0.7735223686593449
paper/paper_0210.jpg,paper,Recyclable,0.11944994379551854,0.1118536007899533,0.5498702626429296,0.09291327539540953,0.08995575876533025,0.6726190539423009
paper/paper_0211.jpg,paper,Recyclable,0.1285481375953667,0.011808563768395425,0.5301636634137689,0.08080127415405094,0.059360760426036815,0.7291811143813027
paper/paper_0212.jpg,paper,Recyclable,0.1829315976395255,0.08928778018569311,0.629633215235958,0.12302247703321462,0.06819775240777431,0.6676000599999934
paper/paper_0213.jpg,paper,Recyclable,0.16564111183834232,0.10295068439607603,0.6618275445625199,0.14764692179760383,0.05834107973971324,0.6928595603910916
paper/paper_0214.jpg,paper,Recyclable,0.1835508902458885,0.12271991112235889,0.6251175574963834,0.09744488668674614,0.02983909390285934,0.6300744536628086
paper/paper_0215.jpg,paper,Recyclable,0.1636316757159707,0.09368902317697382,0.46210565012524923,0.10178278443557087,0.10524897427887132,0.6194141339744998
paper/paper_0216.jpg,paper,Recyclable,0.20524986009022073,0.06489875405760699,0.6506090490061321,0.07866190216896399,0.038934980684632844,0.6679304107110796
paper/paper_0217.jpg,paper,Recyclable,0.145242593846134,0.06446080372914076,0.532719886274151,0.11335860598704763,0.07315282520814402,0.6953721324233595
paper/paper_0218.jpg,paper,Recyclable,0.06453868003987019,0.0956679206404189,0.5428637361846667,0.16441171921931486,0.04241739330984167,0.573419327005034
paper/paper_0219.jpg,paper,Recyclable,0.18090342469650209,0.09386108073252002,0.4693253583575084,0.038810041799836346,0.14149586922737162,0.7989877273424747
paper/paper_0220.jpg,paper,Recyclable,0.025627162064693523,0.06167107882973996,0.683135364382712,0.08095749768888533,0.0603755106389339,0.6802068470659441
paper/paper_0221.jpg,paper,Recyclable,0.09395515131159202,0.011808970230878235,0.6342037848587799,0.026282523750092976,0.08989085808435024,0.7620605644930354
paper/paper_0222.jpg,paper,Recyclable,0.07743868505494207,0.043029263896197135,0.6470543350713273,0.1213156688090816,0.05530857172484452,0.784157430235282
paper/paper_0223.jpg,paper,Recyclable,0.2103267861727151,0.09076210772062829,0.477987181770107,0.08346205186112819,0.09145546975821561,0.6867983619596758
paper/paper_0224.jpg,paper,Recyclable,0.19694785891174257,0.018809036795626552,0.43045891767470096,0.1072348444592973,0.06033822344772382,0.6561065969711581
paper/paper_0225.jpg,paper,Recyclable,0.06159716404128013,0.08078183379192727,0.5457795913599388,0.12613915927806962,0.08275624532483888,0.6907177145231652
paper/paper_0226.jpg,paper,Recyclable,0.20885003183951686,0.027501307862058004,0.5929111375078061,0.03315411340818605,0.04646552479996769,0.615114000716368
paper/paper_0227.jpg,paper,Recyclable,0.1890971267725959,0.07738359065618425,0.5489197404325619,0.055730680490821964,0.06801226016268444,0.6465574287683621
paper/paper_0228.jpg,paper,Recyclable,0.1691727507427108,0.040356354586735456,0.6563835492164061,0.03297678201503622,0.04773920670173755,0.8174040356976267
paper/paper_0229.jpg,paper,Recyclable,0.12824306260189827,0.027404853423823525,0.5675257250030136,0.08098431031141831,0.04656518977526777,0.6232890432440897
paper/paper_0230.jpg,paper,Recyclable,0.28841868028129714,0.06993792399263454,0.39595461117336983,0.15974839036022137,0.10444283620442282,0.6463473498286149
paper/paper_0231.jpg,paper,Recyclable,0.1033440455656929,0.10693891184632923,0.5302465338008436,0.02296088726219596,0.15148959858418676,0.6696206676448829
paper/paper_0232.jpg,paper,Recyclable,0.22477858682412133,0.1311373983186286,0.4699192364413749,0.14132759457452593,0.05394229800545275,0.569330958923724
paper/paper_0233.jpg,paper,Recyclable,0.12877009169889286,0.09590550007105117,0.512981068160293,0.08771806636299595,0.1257426417971445,0.7074545786203064
paper/paper_0234.jpg,paper,Recyclable,0.10783508443575238,0.10808121294669307,0.5658140453563396,0.0,0.09713411655085795,0.7274280095401271
paper/paper_0235.jpg,paper,Recyclable,0.151006056479043,0.11566802324278301,0.4962085132538799,0.11345999155283604,0.01732162515330589,0.7284963268379182
paper/paper_0236.jpg,paper,Recyclable,0.24765298477699482,0.040205745901298356,0.489215829440978,0.07159938228433792,0.08519992903206382,0.6255874609002396
paper/paper_0237.jpg,paper,Recyclable,0.17106236893454901,0.1138735978187666,0.5927477770763028,0.0292633829744771,0.11980670660634424,0.7656157189977576
paper/paper_0238.jpg,paper,Recyclable,0.19150806861731523,0.094913689946233,0.5676151451364106,0.14129557592505587,0.15694053950413817,0.6332871675644605
paper/paper_0239.jpg,paper,Recyclable,0.20390626978973858,0.07655131607970189,0.539626155837712,0.03853877238471847,0.0686084236193842,0.6301914529422109
paper/paper_0240.jpg,paper,Recyclable,0.1268072785247027,0.03607254464887401,0.5140873290149596,0.08375558571906387,0.08387019673755201,0.5869675096396068
paper/paper_0241.jpg,paper,Recyclable,0.07772409261273382,0.09447657082922106,0.4862049506343921,0.14298119160919726,0.08901078888060188,0.7424733505144485
paper/paper_0242.jpg,paper,Recyclable,0.22053461602104474,0.0676115675277371,0.504041063566698,0.13486810342395256,0.10038054255718744,0.6868868783125089
paper/paper_0243.jpg,paper,Recyclable,0.21957289834779709,0.07151022760640278,0.5526218910044626,0.10084890603337034,0.042616244204061154,0.7054309772640474
paper/paper_0244.jpg,paper,Recyclable,0.21983800886992455,0.09779873261504704,0.5524850741119146,0.09352930875337324,0.09323468113625405,0.7524836639942429
paper/paper_0245.jpg,paper,Recyclable,0.18046194154448764,0.06672540552712083,0.5759825275288092,0.11919758964593115,0.039712200498920866,0.7117761378828585
paper/paper_0246.jpg,paper,Recyclable,0.04193480568488189,0.0993013483928474,0.6028274443650146,0.12990184503145838,0.0641981259132173,0.7216332784516823
paper/paper_0247.jpg,paper,Recyclable,0.22119769227705832,0.13655078593165035,0.5476661840618752,0.1055727852291824,0.12443644578937732,0.5949438589316477
paper/paper_0248.jpg,paper,Recyclable,0.13384621286614876,0.13342281822147026,0.6280160433347813,0.1147705511059962,0.019766703786775183,0.6965062836871186
paper/paper_0249.jpg,paper,Recyclable,0.12050423018750334,0.09324155611268854,0.48525226521640963,0.05897106420101571,0.0,0.7855263279483691
paper/paper_0250.jpg,paper,Recyclable,0.1300114744278471,0.08628583134810139,0.5498209506820656,0.05730264268158003,0.02963740354207227,0.6296279411801935
paper/paper_0251.jpg,paper,Recyclable,0.11384157805853035,0.09466424988055219,0.48634258691835114,0.16985962526378487,0.12108604143572604,0.7565851684765995
paper/paper_0252.jpg,paper,Recyclable,0.14401705487634248,0.14057122942881936,0.5325595495103101,0.09874954343383016,0.08679898158997078,0.7491276128380341
paper/paper_0253.jpg,paper,Recyclable,0.18184540395014925,0.06099498886221587,0.5073605024459238,0.12559611828608339,0.1086094633556493,0.6724654212623988
paper/paper_0254.jpg,paper,Recyclable,0.07064059651607729,0.07170735615967022,0.5998820639060687,0.17221667385679124,0.03208168150637352,0.6701400123018598
paper/paper_0255.jpg,paper,Recyclable,0.13052982192373117,0.13423221357726006,0.5472046799633095,0.06370693762510937,0.10234781131687276,0.6716753035971337
paper/paper_0256.jpg,paper,Recyclable,0.08878063633210227,0.04428906770895397,0.6887233563538095,0.1153683688659785,0.08431040221810172,0.6825074384931568
paper/paper_0257.jpg,paper,Recyclable,0.16460744210593994,0.09120943784009977,0.5733735062565861,0.10459380361111012,0.11475193353222198,0.7016173042200511
paper/paper_0258.jpg,paper,Recyclable,0.10110305822236806,0.05550308436396527,0.3916785045208231,0.1810726846416957,0.11451018367810747,0.6418950653409534
paper/paper_0259.jpg,paper,Recyclable,0.135907757530145,0.05452494103174267,0.6734037769099294,0.04320491342916285,0.08457904235275117,0.6924030510204606
paper/paper_0260.jpg,paper,Recyclable,0.1913419315354557,0.0758396308910122,0.40934328986756524,0.08995528661430237,0.041113511282267,0.7055705682589593
paper/paper_0261.jpg,paper,Recyclable,0.22170885182601632,0.010422990230708876,0.48598218116800773,0.07789228184866012,0.06473475618347155,0.7518087964873671
paper/paper_0262.jpg,paper,Recyclable,0.14132277912193061,0.0966321090288178,0.49993815650145795,0.1091969738167175,0.1111119052351086,0.6487390315184037
paper/paper_0263.jpg,paper,Recyclable,0.18906790599032575,0.08209491074910275,0.6336368192385803,0.09194320399692106,0.09524978620648396,0.6971575637825028
paper/paper_0264.jpg,paper,Recyclable,0.14518938689797103,0.0903572171290276,0.5929445975379923,0.0500174035230398,0.13734534435271512,0.569823587161514
paper/paper_0265.jpg,paper,Recyclable,0.1157593945130552,0.07622923716940397,0.5829884775268759,0.16304690110965514,0.005668340470995709,0.6644614110127202
paper/paper_0266.jpg,paper,Recyclable,0.04365832561003671,0.08126487895640991,0.5717346867600025,0.1636318296868501,0.08482539043573817,0.7730817590609665
paper/paper_0267.jpg,paper,Recyclable,0.17919185407695296,0.06259007211979327,0.4372831402566369,0.11100009193167244,0.02031591931418545,0.7906644950868751
paper/paper_0268.jpg,paper,Recyclable,0.1418968948981588,0.12780709646045665,0.5115828452694081,0.11075403145603968,0.08837395429338755,0.6968469117392353
paper/paper_0269.jpg,paper,Recyclable,0.1283670243301704,0.09569824073882081,0.4759069389213434,0.051622586841637653,0.1297130757330731,0.750901759222447
paper/paper_0270.jpg,paper,Recyclable,0.153294580430112,0.14660569530175127,0.5285787585020124,0.15290812879955917,0.08702296339703287,0.6282674474946526
paper/paper_0271.jpg,paper,Recyclable,0.2424020095885425,0.11962843386496341,0.5403183175192349,0.12908685038135798,0.06385186264008373,0.7580404324541679
paper/paper_0272.jpg,paper,Recyclable,0.03044607173580202,0.039207946652216254,0.6283407795429571,0.09001377847124323,0.08830169179554968,0.6057250036519195
paper/paper_0273.jpg,paper,Recyclable,0.24239334978510516,0.12762118574870707,0.5339451825299737,0.08381216572546696,0.12118417445678772,0.8387729315118249
paper/paper_0274.jpg,paper,Recyclable,0.1976880127905677,0.16687210669586408,0.47621189367504657,0.06722452678004838,0.032442355277866056,0.7309232454754635
paper/paper_0275.jpg,paper,Recyclable,0.1587801774902185,0.07392195506112056,0.614740690249864,0.14929314420858658,0.018973503628526317,0.6582119580469219
paper/paper_0276.jpg,paper,Recyclable,0.191007179706153,0.06129045264565672,0.4861435138913477,0.1407414971060158,0.0284199972110408,0.6788894134546226
paper/paper_0277.jpg,paper,Recyclable,0.16643220129024042,0.05704720344359525,0.612652452481054,0.07724492099210524,0.13634477973783676,0.6911977591752959
paper/paper_0278.jpg,paper,Recyclable,0.18356350683526768,0.10984095811931266,0.4997967997804742,0.01786053805376446,0.0944302301865534,0.7050601842987408
paper/paper_0279.jpg,paper,Recyclable,0.17779130137875637,0.07093890110468648,0.5155657840959428,0.18033892043926797,0.021105837539568892,0.7513765334854966
paper/paper_0280.jpg,paper,Recyclable,0.12126990709083044,0.06656885529038312,0.5246317733940827,0.06786262903314971,0.10284896840944958,0.7973450517164969
paper/paper_0281.jpg,paper,Recyclable,0.17350068306233307,0.0841352798484838,0.47108476007206035,0.12067301063297804,0.16625398526917196,0.6733513763343435
paper/paper_0282.jpg,paper,Recyclable,0.13120082103240668,0.05755643476076011,0.5108468612404464,0.0,0.09620141543422851,0.640811347655177
paper/paper_0283.jpg,paper,Recyclable,0.06948684406040997,0.11012759798930195,0.46343857719664516,0.0864532378446497,0.1386576956475432,0.601354894138284
paper/paper_0284.jpg,paper,Recyclable,0.07337008827011189,0.09077224758249353,0.6419589891208295,0.037026331290721484,0.09630758947348708,0.7406699677973184
paper/paper_0285.jpg,paper,Recyclable,0.04704197581538397,0.1119400535162888,0.6201284703873744,0.08752857706975901,0.13009385449192035,0.7795518902027392
paper/paper_0286.jpg,paper,Recyclable,0.15515589628586024,0.061942184387002656,0.47217376859336346,0.09849745962535236,0.10279035678816717,0.677307619727155
paper/paper_0287.jpg,paper,Recyclable,0.040124949736898494,0.13074855578306283,0.5652178577475916,0.08481502013292665,0.11428633553693154,0.8067247017537928
paper/paper_0288.jpg,paper,Recyclable,0.009904421525605417,0.09737054599688286,0.43586806313517223,0.11996442027195765,0.08511708809498317,0.7445008568508384
paper/paper_0289.jpg,paper,Recyclable,0.12503761927526724,0.0050703955272339285,0.5139705446994666,0.11627390540559132,0.12061569314700893,0.6179718089669232
paper/paper_0290.jpg,paper,Recyclable,0.20135302134365088,0.054085108414139146,0.5789959905275621,0.0796042418853747,0.08728682510848407,0.7624314344199192
paper/paper_0291.jpg,paper,Recyclable,0.08864929613557321,0.052803764130126746,0.564797006987367,0.1960633464412141,0.04547241151332688,0.8428093720197842
paper/paper_0292.jpg,paper,Recyclable,0.25022116518375853,0.07610755397193636,0.526147797904008,0.07231739205341234,0.07727189878669324,0.6015296397208308
paper/paper_0293.jpg,paper,Recyclable,0.14618804913397013,0.13987521095403427,0.5011131950018626,0.09037102784043798,0.011954381029310332,0.726184346169173
paper/paper_0294.jpg,paper,Recyclable,0.16322408424756868,0.08254809439063084,0.5326538359822286,0.08828968324910182,0.10007600934802688,0.6979828378887963
paper/paper_0295.jpg,paper,Recyclable,0.1657485935777666,0.08859931269818191,0.639874182967661,0.12707976389500217,0.08771447372600763,0.8062895421456525
paper/paper_0296.jpg,paper,Recyclable,0.17101342645282808,0.13219850755161677,0.598555408670931,0.026323236842738282,0.13219339053277318,0.7094623368939867
paper/paper_0297.jpg,paper,Recyclable,0.1474022614549611,0.09125393389958308,0.5224013470434347,0.10908115441555782,0.05632495734627631,0.7891990581114059
paper/paper_0298.jpg,paper,Recyclable,0.14432059431894748,0.06469664629110267,0.4760059347424581,0.11075103156594567,0.08748428400500367,0.7271897229574255
paper/paper_0299.jpg,paper,Recyclable,0.09863740562474355,0.015952752047537086,0.6000473042005249,0.1593856744750603,0.03894585510440415,0.8112608898493189
paper/paper_0300.jpg,paper,Recyclable,0.16419555293681903,0.07971748381796681,0.5181961042763378,0.04461927922300014,0.11950914063698398,0.6457075546993677
paper/paper_0301.jpg,paper,Recyclable,0.11100966621311997,0.11967705239547818,0.3993613242662619,0.039056087573273335,0.07927463025967674,0.7205299100303396
paper/paper_0302.jpg,paper,Recyclable,0.1742367323984462,0.0679280602641499,0.7524295734913352,0.09088429764936665,0.07076855391589111,0.6442109331830286
paper/paper_0303.jpg,paper,Recyclable,0.15619534082605355,0.10459844928187098,0.6462862443626769,0.04042862942239128,0.07016018646577196,0.73126925275664
paper/paper_0304.jpg,paper,Recyclable,0.17935287672972677,0.08026194631218157,0.5933939175625682,0.06764144428296799,0.14231621729273428,0.76948396720856
paper/paper_0305.jpg,paper,Recyclable,0.08275361064674137,0.03699587807532977,0.46624625999144753,0.12711879883586114,0.02861088934330131,0.6768282966054343
paper/paper_0306.jpg,paper,Recyclable,0.17273521982083873,0.07735336261814262,0.5707110012570165,0.057367891546049675,0.10379417493588979,0.6570751675266802
paper/paper_0307.jpg,paper,Recyclable,0.13376901628010293,0.08950926911623945,0.5582462577224679,0.10095920076062373,0.049974927120929775,0.6790315412160565
paper/paper_0308.jpg,paper,Recyclable,0.1501091795418518,0.024996590673316603,0.5129973626949298,0.11550719516131386,0.028902535846186295,0.7809607156115967
paper/paper_0309.jpg,paper,Recyclable,0.21348066312999214,0.030193976961596578,0.6586095706440112,0.09425673645151462,0.09674058236628219,0.6652344263510227
paper/paper_0310.jpg,paper,Recyclable,0.19615224136133808,0.09624376075394668,0.48486773947219175,0.05339192000138846,0.021587902591631097,0.713155924350293
paper/paper_0311.jpg,paper,Recyclable,0.17862357058898679,0.10603862715117766,0.5405615124314098,0.05372014177342545,0.05271700807904868,0.7806644047273348
paper/paper_0312.jpg,paper,Recyclable,0.12576857176999592,0.08573670522725904,0.46394796131400906,0.1134633218183614,0.06169261753283689,0.7732698899643035
paper/paper_0313.jpg,paper,Recyclable,0.18867788531034066,0.06017176213700401,0.539866877812187,0.07795535039837485,0.02322267213819961,0.6399790299316948
paper/paper_0314.jpg,paper,Recyclable,0.159910866386041,0.09301037992918328,0.5618838322874111,0.08793067784165458,0.11732266422883941,0.7044479333192656
paper/paper_0315.jpg,paper,Recyclable,0.18516269140479735,0.009048994711899253,0.23620797987053266,0.11135152111352321,0.02300937385114042,0.685128380810086
paper/paper_0316.jpg,paper,Recyclable,0.13489514794876972,0.1434960240966215,0.5819997242354885,0.10663436107194692,0.11347964618534695,0.7257948310787327
paper/paper_0317.jpg,paper,Recyclable,0.12711615035057833,0.1228590372101824,0.4612199897689381,0.1129298875013425,0.01809720823454756,0.7142760700261196
paper/paper_0318.jpg,paper,Recyclable,0.15964948208864646,0.14705819847658652,0.42480208852465773,0.0759645129658475,0.11290729706296576,0.7234722079478115
paper/paper_0319.jpg,paper,Recyclable,0.15901525256687515,0.04175457188165843,0.5027345321526857,0.14980164032893029,0.07793963224984288,0.726275178730113
paper/paper_0320.jpg,paper,Recyclable,0.14424058356117606,0.03267657939000939,0.6247048340859997,0.12012929538129985,0.1722254734946876,0.6289093034244618
paper/paper_0321.jpg,paper,Recyclable,0.19112864606002403,0.027538241358519955,0.5625877254138463,0.1390602635625266,0.0,0.6856547268030874
paper/paper_0322.jpg,paper,Recyclable,0.12183951329786898,0.05192170806819513,0.5808170121807483,0.1448274282569038,0.07466885139083378,0.7143840499292013
paper/paper_0323.jpg,paper,Recyclable,0.1557154376529624,0.08007214025425657,0.46285258898303155,0.14433778406891573,0.09180781472635344,0.7276417043001804
paper/paper_0324.jpg,paper,Recyclable,0.10967451854872087,0.061631184080430376,0.5359092641831378,0.038635012262045944,0.012478626992092873,0.6579476448553002
paper/paper_0325.jpg,paper,Recyclable,0.17612603832211948,0.053874504402802365,0.46849558419274295,0.0674125738704932,0.0617863030741875,0.6752298726025927
paper/paper_0326.jpg,paper,Recyclable,0.2582760726103278,0.12218482513949273,0.6319819289825382,0.14674321457093525,0.040047165226638023,0.6144344769508931
paper/paper_0327.jpg,paper,Recyclable,0.09465648542329716,0.1333802453335135,0.5062246568894008,0.04994575271042853,0.06276015199120748,0.683297612779976
paper/paper_0328.jpg,paper,Recyclable,0.1634206636847281,0.09003804082848173,0.4837455548901194,0.12742625570054844,0.05443225864999368,0.689060656430647
paper/paper_0329.jpg,paper,Recyclable,0.18433870352516774,0.054327143842226346,0.504451886113509,0.12366672198772524,0.045690672935799224,0.6730645583477151
paper/paper_0330.jpg,paper,Recyclable,0.1777871089021446,0.16216369765743902,0.5984323603810198,0.11890559051960048,0.10123206334690918,0.6248766808153065
paper/paper_0331.jpg,paper,Recyclable,0.15577983693399539,0.07880934046654393,0.5757267632298205,0.10466032209903484,0.0951879870966845,0.6781972963570558
paper/paper_0332.jpg,paper,Recyclable,0.15293044586858964,0.030886857357720315,0.524407417759767,0.15563334192706574,0.09275233358513024,0.6985355273831846
paper/paper_0333.jpg,paper,Recyclable,0.24480616381271733,0.025566600867956833,0.46124355556430247,0.16850845645105092,0.08183843744195736,0.6830191874597143
paper/paper_0334.jpg,paper,Recyclable,0.09003978374521783,0.09790785065580047,0.593556789562197,0.05622022556660415,0.07438897657798287,0.6765138917576853
paper/paper_0335.jpg,paper,Recyclable,0.16279885732093854,0.03522999031117425,0.6501557963610526,0.13663295126390418,0.06547297765068735,0.684850690185314
paper/paper_0336.jpg,paper,Recyclable,0.1431788924861192,0.048867657879739866,0.5145256465411971,0.08918918529301564,0.14451473482828514,0.7662632815831305
paper/paper_0337.jpg,paper,Recyclable,0.19673273536683117,0.09479702452017562,0.46061383928550126,0.09834035581690484,0.1188195383845352,0.6119214759442898
paper/paper_0338.jpg,paper,Recyclable,0.1818276603436632,0.17290436901051065,0.6349453316791785,0.1565611654224795,0.08873355001768643,0.7677552364135493
paper/paper_0339.jpg,paper,Recyclable,0.11410733928229821,0.11183455249364906,0.6023510507248611,0.11159644696150653,0.13264029678873995,0.6622850613506828
paper/paper_0340.jpg,paper,Recyclable,0.14064712417631686,0.08381848165433187,0.467631122312848,0.10907727775200993,0.011242783481846125,0.7732868174099746
paper/paper_0341.jpg,paper,Recyclable,0.1523318683282983,0.05916428384384947,0.4832501110163903,0.0906168388152325,0.10753038843089655,0.7383417285116292
paper/paper_0342.jpg,paper,Recyclable,0.11472310263607693,0.04615841309489462,0.6025518965055718,0.07110610381539884,0.08239639096318015,0.7086628249766993
paper/paper_0343.jpg,paper,Recyclable,0.16560310658633692,0.11433081720727487,0.4489629650506142,0.023553626989580495,0.057302108750865936,0.826106988548253
paper/paper_0344.jpg,paper,Recyclable,0.25110870500436894,0.1532470854226355,0.5345614905791449,0.028715396720606856,0.0,0.6570173286915412
paper/paper_0345.jpg,paper,Recyclable,0.14009631849253198,0.13202501604223835,0.6194244367633956,0.10909620315966483,0.04440620916235433,0.6327454309228576
paper/paper_0346.jpg,paper,Recyclable,0.16270638435357176,0.10788203915358907,0.5813505009796468,0.05861608161573381,0.10602670515168344,0.7298137676970987
paper/paper_0347.jpg,paper,Recyclable,0.09646667969049108,0.04862716118798977,0.6050796779649253,0.09061969859416437,0.14356589206545828,0.7350790493245203
paper/paper_0348.jpg,paper,Recyclable,0.12566844059053653,0.07959177598436269,0.5550706714110175,0.07086438747033161,0.043496472072894934,0.7490972925666649
paper/paper_0349.jpg,paper,Recyclable,0.19226366485210478,0.10415125878211835,0.6712254475459042,0.07832907055953593,0.14697083064284522,0.6369355217012093
paper/paper_0350.jpg,paper,Recyclable,0.09936572183157535,0.009601644714029994,0.5143363748938546,0.07985110652682186,0.10103749121018601,0.7170723659134315
paper/paper_0351.jpg,paper,Recyclable,0.09035133144904314,0.0642909504629673,0.5202830383129852,0.02896071012152429,0.04076213091946522,0.6460430458570137
paper/paper_0352.jpg,paper,Recyclable,0.2216812509910473,0.08765802863829411,0.6029735003158,0.04005458011403153,0.12776857932055968,0.7910771444116864
paper/paper_0353.jpg,paper,Recyclable,0.05008275164276868,0.051787331043366074,0.5896612458412409,0.12577553814152728,0.05286021078051113,0.6786150375862443
paper/paper_0354.jpg,paper,Recyclable,0.12013094694774284,0.08441672187784478,0.645774282516953,0.06915831371435183,0.12003281991073657,0.6452829549357179
paper/paper_0355.jpg,paper,Recyclable,0.10761863937515578,0.11274378473372854,0.6237549102406094,0.13405639747050618,0.027368103671274353,0.6673834315349564
paper/paper_0356.jpg,paper,Recyclable,0.19114942960016607,0.08166167362255579,0.4641045723042029,0.11833271756501768,0.05140770964034118,0.8256167393874548
paper/paper_0357.jpg,paper,Recyclable,0.22724207312091294,0.10416389705422269,0.658880536381582,0.10259165400493525,0.11061749977500064,0.8034404206711452
paper/paper_0358.jpg,paper,Recyclable,0.16227493408971563,0.06979251313942865,0.41363024334583076,0.09667465897114025,0.11293692738249245,0.7661943399297341
paper/paper_0359.jpg,paper,Recyclable,0.1752182532859205,0.05834803620151041,0.3918542744841928,0.0801913960798106,0.06782620515784195,0.678094972296699
paper/paper_0360.jpg,paper,Recyclable,0.18092781784889622,0.15942705644059357,0.5598823361472874,0.09133072843374154,0.0696311274798363,0.70870693368354
paper/paper_0361.jpg,paper,Recyclable,0.10858531198258004,0.08480794234984221,0.5860649869065441,0.10838744254297954,0.09830167736019126,0.7303623326543974
paper/paper_0362.jpg,paper,Recyclable,0.061405165887677804,0.10547480633581613,0.49631881234700376,0.05616643347984169,0.03582192688580015,0.730347912733077
paper/paper_0363.jpg,paper,Recyclable,0.13887125363875735,0.012721248640583577,0.5882430252153827,0.04241567476804691,0.08559285434072844,0.7166949247971137
paper/paper_0364.jpg,paper,Recyclable,0.19427885408475223,0.15126739145867407,0.4408258939279567,0.09790104575747803,0.06894658819823131,0.7303624780172673
paper/paper_0365.jpg,paper,Recyclable,0.16078343854668092,0.06589815029053521,0.5147278249111316,0.0553419657926381,0.11951446329626036,0.732144292711967
paper/paper_0366.jpg,paper,Recyclable,0.19588840988975686,0.06758415454097945,0.4974531625044456,0.05686739733483089,0.09435670334962638,0.6272144742830236
paper/paper_0367.jpg,paper,Recyclable,0.2424331534483275,0.02769429675626238,0.5718928095370002,0.16267418828855146,0.10396359037055236,0.7122971598744245
paper/paper_0368.jpg,paper,Recyclable,0.10157581765190521,0.024729232457291847,0.6116040087134069,0.16024588963099787,0.06244600038087314,0.6202656944668554
paper/paper_0369.jpg,paper,Recyclable,0.02709152847254906,0.040769406253498494,0.5409074526000768,0.16396492963346937,0.10692534768931874,0.7213559783294726
paper/paper_0370.jpg,paper,Recyclable,0.12999401693494345,0.056673371309761744,0.6624518078006372,0.10802954163033558,0.0,0.652852224647193
paper/paper_0371.jpg,paper,Recyclable,0.10708919841141865,0.05814943963290141,0.5950328528228068,0.09570220472823003,0.07692538371985352,0.7919431212927666
paper/paper_0372.jpg,paper,Recyclable,0.11517694551066557,0.154567981035494,0.49629539269031314,0.10356792786450286,0.06875185618388932,0.7086393393450672
paper/paper_0373.jpg,paper,Recyclable,0.17222959975365645,0.09735340960355507,0.48975061355035365,0.05508341290209718,0.18012687163622843,0.6661210962279612
paper/paper_0374.jpg,paper,Recyclable,0.18496062193359933,0.015694347579072135,0.5276309824076258,0.0949120246407023,0.09891260279711331,0.5094282101305643
paper/paper_0375.jpg,paper,Recyclable,0.15830703065391652,0.03401034178528429,0.5759476568955939,0.058546832126473485,0.04578069216297675,0.6808460672724712
paper/paper_0376.jpg,paper,Recyclable,0.09738352651984022,0.06097862213058581,0.45452993851653484,0.0266731819320509,0.12071828209717439,0.6092765915023249
paper/paper_0377.jpg,paper,Recyclable,0.1410659556196008,0.1101156432597514,0.5008044717987166,0.0669933640101785,0.08904952354669686,0.7782553675909006
paper/paper_0378.jpg,paper,Recyclable,0.09153423674567654,0.07399408671930244,0.4114004324026138,0.08427195985271241,0.08136818738152302,0.6401762750771454
paper/paper_0379.jpg,paper,Recyclable,0.12715040830873842,0.023670929267702,0.5561662889105196,0.142227769955326,0.03611424520918145,0.6564129763413331
paper/paper_0380.jpg,paper,Recyclable,0.1751273123227091,0.12848362877290945,0.43054481502328557,0.09324861050336203,0.09132523289278101,0.6928560526559806
paper/paper_0381.jpg,paper,Recyclable,0.02616039665614564,0.10004360037235088,0.6715469080872516,0.10466647004678015,0.03875575786822947,0.6640810927545001
paper/paper_0382.jpg,paper,Recyclable,0.23849565338277964,0.11639850163442235,0.6012021294707464,0.11425650334137505,0.05355451551236111,0.6859600173540962
paper/paper_0383.jpg,paper,Recyclable,0.14610386321607421,0.10198297264257776,0.6707135115413523,0.14473352547172513,0.023224625768158376,0.7156796478230734
paper/paper_0384.jpg,paper,Recyclable,0.18683816725839486,0.10475441320578542,0.49966129892900646,0.21656436863073447,0.028916617506755248,0.6241768087333764
paper/paper_0385.jpg,paper,Recyclable,0.1616797540630788,0.16467212219855415,0.4831044119436664,0.08936686537412031,0.12309174692062771,0.6987496491578586
paper/paper_0386.jpg,paper,Recyclable,0.1332698072734852,0.1026253160754688,0.5718014392183675,0.14121755142547165,0.13165875556261453,0.7214902142003753
paper/paper_0387.jpg,paper,Recyclable,0.16458663626891545,0.08856443929144535,0.5891304445319431,0.10220682551485856,0.07997566070710842,0.783763898457907
paper/paper_0388.jpg,paper,Recyclable,0.22580580901775216,0.01969788221466317,0.5508016921392456,0.07245222266219062,0.0675611413405571,0.7281761346814725
paper/paper_0389.jpg,paper,Recyclable,0.18347191857712342,0.07551494225554621,0.3969327732221758,0.06139817677695282,0.11585998680800663,0.5081701504575548
paper/paper_0390.jpg,paper,Recyclable,0.2093713575841,0.10084919962578165,0.6552940865224018,0.09205723252476158,0.0,0.7301253849054549
paper/paper_0391.jpg,paper,Recyclable,0.21373265620191706,0.11698887222053683,0.4969846813209572,0.10347044301850587,0.05868654924880304,0.6426513475067439
paper/paper_0392.jpg,paper,Recyclable,0.19776942855899254,0.032098707549393514,0.478494685553471,0.05583897466110459,0.020390099068038132,0.7102490004289822
paper/paper_0393.jpg,paper,Recyclable,0.2080751524240988,0.07260492975018938,0.4295401759548667,0.1335977815896811,0.14742807016139886,0.6547630373097383
paper/paper_0394.jpg,paper,Recyclable,0.12607228666411407,0.10062642520333577,0.6797498998228042,0.07920663417099096,0.026702008760071803,0.7441993024390684
paper/paper_0395.jpg,paper,Recyclable,0.18995340365711497,0.08024525801740907,0.505349339227404,0.13977514923968187,0.10112144018191857,0.6462095138167554
paper/paper_0396.jpg,paper,Recyclable,0.15245473656528358,0.025931698719014136,0.6048712365150336,0.08951065722468576,0.06257156670461052,0.6976987860393296
paper/paper_0397.jpg,paper,Recyclable,0.15201538496651237,0.11579720246262243,0.5972872425060177,0.0937436288482879,0.11054672598875981,0.7280516077584128
paper/paper_0398.jpg,paper,Recyclable,0.12867001818569815,0.07501127367054057,0.5381421688925504,0.12021045372696808,0.06531909541113433,0.6726713569504856
paper/paper_0399.jpg,paper,Recyclable,0.24843786547169794,0.11758941926988417,0.4891519468459889,0.12283763975768794,0.08473400262620709,0.7274085822682065
paper/paper_0400.jpg,paper,Recyclable,0.15686706622825522,0.12758570581940942,0.5776496275721157,0.0975164520714285,0.1216876230793207,0.716329952876151
paper/paper_0401.jpg,paper,Recyclable,0.1560739289664529,0.09256090409944458,0.5425112781306908,0.10036907971981876,0.056532216449525094,0.6474182946263285
paper/paper_0402.jpg,paper,Recyclable,0.10007148067587801,0.024320668528116957,0.47962261108923554,0.09302931862132298,0.08412470329782548,0.6810092405796652
paper/paper_0403.jpg,paper,Recyclable,0.032214825493632096,0.1429834543104937,0.6369184098312306,0.11783039404868516,0.15629962690213073,0.6315845117761402
paper/paper_0404.jpg,paper,Recyclable,0.24438125603130023,0.041391436929978084,0.5690990340233085,0.04904650699463183,0.08058776382177467,0.7270316548598872
paper/paper_0405.jpg,paper,Recyclable,0.14226548344327225,0.1085550977636055,0.5579211559589806,0.07910341086489964,0.05732746728790643,0.7567639640830988
paper/paper_0406.jpg,paper,Recyclable,0.11731289850965163,0.11661611881939749,0.6478169434265545,0.0332514455061548,0.1253170554920414,0.8442295888911289
paper/paper_0407.jpg,paper,Recyclable,0.1626001880600964,0.10396336741179289,0.6329604259495327,0.08898070739283911,0.08729120894151479,0.6080060329263823
paper/paper_0408.jpg,paper,Recyclable,0.15693175142652255,0.09992447982578166,0.5912930418341176,0.14261698894390323,0.04900791287457884,0.6627175270328552
paper/paper_0409.jpg,paper,Recyclable,0.24477536729956775,0.07398686504945161,0.5660027029849863,0.09731959833099116,0.04713276694779911,0.8136470447624264
paper/paper_0410.jpg,paper,Recyclable,0.1236149294039697,0.0349085790517228,0.51394077781578,0.019931759930978662,0.05394850140067273,0.6322309981503371
paper/paper_0411.jpg,paper,Recyclable,0.1808714315463662,0.0530634304176051,0.6210243148463079,0.15593935972277287,0.11124701345150396,0.6849228197797946
paper/paper_0412.jpg,paper,Recyclable,0.15705572483527963,0.019000602394237613,0.5392976501983009,0.06558246127732667,0.10777305524597196,0.8800926672471132
paper/paper_0413.jpg,paper,Recyclable,0.17499108179869047,0.00035439404181333845,0.5211015845668502,0.10489963701497819,0.08349429701041056,0.6488430812073872
paper/paper_0414.jpg,paper,Recyclable,0.16226458713184677,0.03029996652322451,0.47440730218519467,0.12583190566414845,0.03937347076480696,0.737674812384458
paper/paper_0415.jpg,paper,Recyclable,0.08152681126719709,0.15059303535166946,0.48805840620767565,0.09105333712786223,0.09322453044361624,0.6604255033249233
paper/paper_0416.jpg,paper,Recyclable,0.15717029805356522,0.10301426898080503,0.6268490586002788,0.1316598974389183,0.07312758144789304,0.6897357758169478
paper/paper_0417.jpg,paper,Recyclable,0.26745542790125165,0.11799556272997169,0.47625410749438296,0.10399952655062208,0.0665942744488723,0.6905266036253823
paper/paper_0418.jpg,paper,Recyclable,0.08852524211459559,0.06352307062456188,0.694924461855513,0.12316305203502012,0.0,0.7851706444748563
paper/paper_0419.jpg,paper,Recyclable,0.20448147614545806,0.06562858782774333,0.6073810835026573,0.06562403156731197,0.06118977134934571,0.8048982452468897
paper/paper_0420.jpg,paper,Recyclable,0.1364134980065146,0.005210733521800362,0.5449357421774931,0.09685646428342573,0.12793474277493838,0.7010035495523032
paper/paper_0421.jpg,paper,Recyclable,0.12892088442798535,0.12180224580924824,0.5596632186000888,0.06999909273737132,0.1261999024216647,0.7135563235161759
paper/paper_0422.jpg,paper,Recyclable,0.1501462983339719,0.08711633565646618,0.4643465302866723,0.07889384895286651,0.08014330407331133,0.6863735413482723
paper/paper_0423.jpg,paper,Recyclable,0.21362141914082977,0.08869623410908015,0.6183923138109122,0.10037581418303398,0.12225153934984492,0.7278269429601207
paper/paper_0424.jpg,paper,Recyclable,0.150671024269423,0.07946867644163923,0.473644909896723,0.12027662880545244,0.07839181061854485,0.6648605627873156
paper/paper_0425.jpg,paper,Recyclable,0.20532308854060358,0.029991358964207952,0.5162003283654053,0.14110874995118133,0.09262091763681013,0.696649875064307
paper/paper_0426.jpg,paper,Recyclable,0.16255017715750733,0.08717656684195366,0.42866699629712635,0.08602952458608154,0.14466086618054996,0.6538473105655982
paper/paper_0427.jpg,paper,Recyclable,0.1340849492947833,0.0583351694676325,0.543038782134549,0.07667508674702808,0.09946966008632241,0.7138119388603186
paper/paper_0428.jpg,paper,Recyclable,0.1886773807553509,0.03796235335244158,0.5227727613693678,0.09097109473551461,0.0982258764035438,0.6444745161955076
paper/paper_0429.jpg,paper,Recyclable,0.1957826902129172,0.12745662362070437,0.47089021218915333,0.08036508420425738,0.05872273966831631,0.8842670343274248
paper/paper_0430.jpg,paper,Recyclable,0.12850499473960567,0.1471050176862454,0.4486694403914713,0.060413961353425465,0.052535818726071964,0.6408017481987434
paper/paper_0431.jpg,paper,Recyclable,0.13660506329207506,0.05164887189114008,0.48445267258123414,0.14633887985893312,0.1289517449005266,0.766450754886272
paper/paper_0432.jpg,paper,Recyclable,0.1761999477792164,0.08370972263118209,0.5102375447467273,0.061873699809796325,0.0945198281373075,0.6178458725217241
paper/paper_0433.jpg,paper,Recyclable,0.10030395354123033,0.1261165302481924,0.702051923337767,0.11573180552665924,0.12425828609178577,0.6827906177789211
paper/paper_0434.jpg,paper,Recyclable,0.08311629069561578,0.10448686474474336,0.5955431458616052,0.10286674215520977,0.07030498167579555,0.7673547405006769
paper/paper_0435.jpg,paper,Recyclable,0.10071334832862627,0.04904877684437369,0.4693514794591658,0.10339891850543309,0.03648427951562967,0.6521030473639329
paper/paper_0436.jpg,paper,Recyclable,0.1147122218886401,0.06957566670664167,0.43101004428768186,0.10348819968149069,0.1298921460265871,0.7094843960621733
paper/paper_0437.jpg,paper,Recyclable,0.22706605724006604,0.13335992743507702,0.6122188037798284,0.10298743370547543,0.08090001552981758,0.7534659840654282
paper/paper_0438.jpg,paper,Recyclable,0.13041646952479838,0.004699169941301443,0.5893603243282368,0.05475725480260116,0.041514350872384614,0.7000156763597051
paper/paper_0439.jpg,paper,Recyclable,0.1452437561223265,0.02351697574737479,0.5632393251306512,0.13864558643444194,0.034866337189368685,0.7890738331594132
paper/paper_0440.jpg,paper,Recyclable,0.0719914587435028,0.16469296577483813,0.5170991655613214,0.10582467987307566,0.004318657100573192,0.6956504753471484
paper/paper_0441.jpg,paper,Recyclable,0.16142410888590958,0.07655351583602021,0.5049535138358101,0.06213741925888741,0.12522106478149245,0.7021564994498565
paper/paper_0442.jpg,paper,Recyclable,0.22703761882583862,0.058940705808203084,0.5152164245302226,0.13262376978384652,0.015081001519857432,0.6150575647892953
paper/paper_0443.jpg,paper,Recyclable,0.20487424856765818,0.03312264283107221,0.40447591877579625,0.17474108752292364,0.024247294085031783,0.7128883578829718
paper/paper_0444.jpg,paper,Recyclable,0.15345425963621356,0.0,0.5286146381465753,0.11793652997916439,0.09417237526075442,0.7632464478662451
paper/paper_0445.jpg,paper,Recyclable,0.13062543425472828,0.10850017768368643,0.4948536745535943,0.043581303343489,0.0280908649727507,0.5976522681363209
paper/paper_0446.jpg,paper,Recyclable,0.2004792983945597,0.01941705963765774,0.5719231072519443,0.08936303223710268,0.07589405706197473,0.7954525106639789
paper/paper_0447.jpg,paper,Recyclable,0.12807863163923633,0.10446406246198733,0.553005068110489,0.09391924377469209,0.17199876497545896,0.5991060777999241
paper/paper_0448.jpg,paper,Recyclable,0.21445659177187223,0.10625626261959889,0.5116380004294573,0.1651727406976645,0.006075595504458534,0.6634763339890649
paper/paper_0449.jpg,paper,Recyclable,0.08957588978654618,0.09648333859485841,0.4609548719050258,0.11732255786965277,0.07254254336713784,0.666445224014074
paper/paper_0450.jpg,paper,Recyclable,0.16943236230166553,0.06925513504247743,0.46290921255527695,0.21205491958539915,0.06051331267883422,0.5447673643893589
paper/paper_0451.jpg,paper,Recyclable,0.10789506551393056,0.029308932465090795,0.6160916492832413,0.11286610638366344,0.09594851207161377,0.6740984273913928
paper/paper_0452.jpg,paper,Recyclable,0.13603248764715392,0.06516275585569327,0.5435045452691625,0.1334133374145934,0.09344301650021386,0.7350078980734607
paper/paper_0453.jpg,paper,Recyclable,0.17497794541246015,0.11537769749526952,0.5730520033232204,0.11435392290715676,0.12755224964772627,0.6534467857397821
paper/paper_0454.jpg,paper,Recyclable,0.10721287100242463,0.032563136032525766,0.5646331650896205,0.025850710351235068,0.09848616384238709,0.6923564833849613
paper/paper_0455.jpg,paper,Recyclable,0.20673198499105283,0.05312330758140038,0.5337345371665995,0.14488813333173475,0.13532542587112611,0.6523893343973726
paper/paper_0456.jpg,paper,Recyclable,0.159089061629358,0.09177675910736192,0.5798922724496919,0.08949697362737512,0.1312553359249454,0.5677207561464918
paper/paper_0457.jpg,paper,Recyclable,0.12894348825994578,0.09791722931091788,0.5865779849559475,0.15411036122459054,0.1279290157280515,0.6800120862284943
paper/paper_0458.jpg,paper,Recyclable,0.2149935621765302,0.051438330248901806,0.624470990623347,0.17242089913683972,0.12859776427419878,0.7074039268466886
paper/paper_0459.jpg,paper,Recyclable,0.1334110614113939,0.018856348149628548,0.5748431710331363,0.05539131088116324,0.04827461345544253,0.6166477939484329
paper/paper_0460.jpg,paper,Recyclable,0.12698038336716724,0.07888122342052072,0.5718891664932565,0.07597973458344147,0.12277134825580732,0.6854256319407024
paper/paper_0461.jpg,paper,Recyclable,0.11061387833672404,0.08905169068973745,0.7070842266835053,0.11340642266140472,0.06548577490505572,0.5930777050716907
paper/paper_0462.jpg,paper,Recyclable,0.13902938395139647,0.08939712500352462,0.5189935286995544,0.03338461447036002,0.04597738441986265,0.801817692262143
paper/paper_0463.jpg,paper,Recyclable,0.22170005018652306,0.04453443323181608,0.6038205429759538,0.052857088609193054,0.1361726512797981,0.7171665093525965
paper/paper_0464.jpg,paper,Recyclable,0.1974820749308267,0.01139626611269845,0.6042109681539911,0.09969303745261987,0.1140771628316337,0.7640407458668494
paper/paper_0465.jpg,paper,Recyclable,0.15328923447373746,0.055966814436163415,0.6123756945743596,0.0975938200237949,0.0450886018588943,0.635589343797962
paper/paper_0466.jpg,paper,Recyclable,0.0761417791843809,0.05958835361747747,0.6382153636859503,0.10711319198821738,0.05880929176307838,0.7563399156726055
paper/paper_0467.jpg,paper,Recyclable,0.10837616891383056,0.08381401097331115,0.5356295701819588,0.1311652250235341,0.016910865163219976,0.640486157792974
paper/paper_0468.jpg,paper,Recyclable,0.0680877170452733,0.0696161311276292,0.6469142002905945,0.07978211161385892,0.059572642472173976,0.7610207096928895
paper/paper_0469.jpg,paper,Recyclable,0.203427477922765,0.0764571573092484,0.6047771883239914,0.05692181836488215,0.13511897335701656,0.8504094405755935
paper/paper_0470.jpg,paper,Recyclable,0.17606078955943624,0.0,0.5053415790081773,0.12451301286677285,0.06314068011334549,0.7890538987975068
paper/paper_0471.jpg,paper,Recyclable,0.17940786322179325,0.051740979969368134,0.5525811848617003,0.0642466711744364,0.07269660486350232,0.6611784731697213
paper/paper_0472.jpg,paper,Recyclable,0.20873809001165192,0.1646404822732398,0.4355049333411399,0.023071348551609916,0.07019310312594457,0.5937109010819922
paper/paper_0473.jpg,paper,Recyclable,0.15231058018354585,0.10995744455223708,0.669531351781346,0.10805578234861125,0.07227379100601684,0.561513055839884
paper/paper_0474.jpg,paper,Recyclable,0.15130925745928991,0.08285149042197847,0.6011165451370196,0.07166047593883636,0.06259789599056562,0.596539842128707
paper/paper_0475.jpg,paper,Recyclable,0.03543535965579672,0.03566011636812867,0.4243739348597587,0.11346849181682446,0.05927463773332571,0.6623234008947647
paper/paper_0476.jpg,paper,Recyclable,0.10077934769123939,0.0,0.6706648598998041,0.05998917908892847,0.06350319720600373,0.5981575484297482
paper/paper_0477.jpg,paper,Recyclable,0.1985965171720317,0.08573715748149298,0.4838907771787305,0.08431081554623905,0.14712719688499482,0.6948921397683104
paper/paper_0478.jpg,paper,Recyclable,0.1409133231192047,0.04234474055442939,0.39843350796221577,0.09359845305682622,0.09301940449298471,0.7769709125029368
paper/paper_0479.jpg,paper,Recyclable,0.03757517327501722,0.03499614691907884,0.5035407127554841,0.09986076605707193,0.07419865233886311,0.6914817920018911
paper/paper_0480.jpg,paper,Recyclable,0.17040480292849722,0.04386827556883563,0.6247313153786956,0.11733809766797923,0.06720670943487683,0.8120635594322241
paper/paper_0481.jpg,paper,Recyclable,0.22782080177858835,0.11731581420775235,0.3085154583545766,0.16315780370871902,0.11179034089887738,0.8404486046399056
paper/paper_0482.jpg,paper,Recyclable,0.21187322958667693,0.14313370709989143,0.6202923880144304,0.15394772794582048,0.1597649496293776,0.7151588316864743
paper/paper_0483.jpg,paper,Recyclable,0.0713884727960935,0.06770156399939431,0.581195647950675,0.10299550337486231,0.030137521353622944,0.5858252662363514
paper/paper_0484.jpg,paper,Recyclable,0.11294186656825853,0.11230958223936605,0.6764271816658376,0.13666270455110807,0.12229709148456544,0.694342909878551
paper/paper_0485.jpg,paper,Recyclable,0.06289587711470179,0.061791176764691785,0.5292988470502098,0.08011790052657272,0.08218779461498504,0.7308993831925065
paper/paper_0486.jpg,paper,Recyclable,0.19265075941217488,0.06887520542534664,0.39769924754843256,0.08068489122835461,0.08174841587967936,0.7855965545493385
paper/paper_0487.jpg,paper,Recyclable,0.12160960789079472,0.10050174513597607,0.5732070319708347,0.10175602132493554,0.11722133277298366,0.6537411162273193
paper/paper_0488.jpg,paper,Recyclable,0.12124067751782418,0.07952396707623088,0.49878827959250405,0.12032049164218399,0.05147230782535469,0.7158412945421594
paper/paper_0489.jpg,paper,Recyclable,0.14499136156066217,0.08859703859106823,0.5132206883949569,0.08643646821892692,0.083840370719882,0.7141452154312918
paper/paper_0490.jpg,paper,Recyclable,0.1497899042304422,0.14821449426052336,0.4707410465006973,0.09743184820189146,0.017054839115320616,0.726045703506717
paper/paper_0491.jpg,paper,Recyclable,0.09423767318115929,0.06886758976493695,0.520234853973494,0.11123564506404687,0.0578883632981928,0.6583286011614212
paper/paper_0492.jpg,paper,Recyclable,0.2217928232042949,0.09138267161898106,0.5051159318382186,0.08996665312755077,0.1458141980908298,0.6835384585224231
paper/paper_0493.jpg,paper,Recyclable,0.1155361688423806,0.05260015399494429,0.5060698815208339,0.07622009110293111,0.02881408606603028,0.6213059932137115
paper/paper_0494.jpg,paper,Recyclable,0.1085339812819315,0.1036628407381239,0.5195010170181702,0.09171353243623839,0.13080352101019588,0.7906505004956892
paper/paper_0495.jpg,paper,Recyclable,0.13589375284311325,0.05476545957266364,0.480845574906117,0.12771103078832952,0.07181171065910849,0.6729453576774046
paper/paper_0496.jpg,paper,Recyclable,0.10931677124312236,0.049213343639544466,0.5756046553194596,0.04738246936450952,0.11979474775151754,0.6626308749329557
paper/paper_0497.jpg,paper,Recyclable,0.14251820278741037,0.026520881674377828,0.5490107249406109,0.0868671622923776,0.07799677604574133,0.8030196228853324
paper/paper_0498.jpg,paper,Recyclable,0.158884902289512,0.04821363263416784,0.4930944071562746,0.12380524743655075,0.13194773163973694,0.7197342614525735
paper/paper_0499.jpg,paper,Recyclable,0.18443563722773848,0.10438950893346821,0.6635251530686017,0.022016393090958694,0.10668875757218113,0.7688615230732494
paper/paper_0500.jpg,paper,Recyclable,0.08306381469322131,0.04457327263974336,0.48193738010974774,0.07084839214490467,0.06073131796257896,0.7169821969138459
paper/paper_0501.jpg,paper,Recyclable,0.19328373255836848,0.12325267831074146,0.4829741551065775,0.0662118800518807,0.1326328736006489,0.7452720754793051
paper/paper_0502.jpg,paper,Recyclable,0.1541432420934498,0.09893346702219868,0.5476156974518848,0.12098338732190458,0.06655733213977039,0.7188163454107461
paper/paper_0503.jpg,paper,Recyclable,0.07447269748152517,0.05248862820698276,0.49583910585677254,0.08502439867172344,0.042939469808810075,0.6626519461923842
paper/paper_0504.jpg,paper,Recyclable,0.07427929688009396,0.10194801905579601,0.5433989184870884,0.03179169568895933,0.04660680357813308,0.7235620999293516
paper/paper_0505.jpg,paper,Recyclable,0.12284890268071051,0.05212234159447614,0.544032585839354,0.11374390140712866,0.022545901718433577,0.7385089936852515
paper/paper_0506.jpg,paper,Recyclable,0.10998533591963117,0.07928288127000806,0.5471663887446793,0.07891735527040904,0.03905361015477143,0.6800019416335416
paper/paper_0507.jpg,paper,Recyclable,0.23126651545375976,0.025532998781454763,0.6853850415283901,0.08961115315693871,0.08141485668354556,0.623930243203069
paper/paper_0508.jpg,paper,Recyclable,0.11143652916612595,0.05988361399847923,0.46634440232976704,0.09164328170516514,0.06371936432772915,0.8295546799705014
paper/paper_0509.jpg,paper,Recyclable,0.09170129071597694,0.0841076206699435,0.569827702552146,0.05718717805392651,0.10747309981811354,0.672117109098286
paper/paper_0510.jpg,paper,Recyclable,0.025380517420846627,0.10639398448418261,0.46064472927181094,0.05808900215443604,0.10751608331569593,0.6756986962307084
paper/paper_0511.jpg,paper,Recyclable,0.195888607527575,0.12840664381461275,0.4984057231742162,0.13173049983820123,0.049781567944284726,0.8563181141992523
paper/paper_0512.jpg,paper,Recyclable,0.11535214977343924,0.12104349763840017,0.6175032020705261,0.11264351288435737,0.053178273543332676,0.6894021755641013
paper/paper_0513.jpg,paper,Recyclable,0.042320594352772384,0.08897680153529001,0.5779692264822709,0.10533997676245486,0.0,0.6114054488437132
paper/paper_0514.jpg,paper,Recyclable,0.11259545085756686,0.09166635732756184,0.5731471124514388,0.09319104832115284,0.10540982146415827,0.6281630337287969
paper/paper_0515.jpg,paper,Recyclable,0.18051175028469982,0.09898968419359565,0.5802043786270329,0.09271838275657378,0.15322975299325048,0.7345236981942914
paper/paper_0516.jpg,paper,Recyclable,0.10158320683732205,0.08993221902943938,0.6101986701659375,0.07647565604302763,0.12357088987724396,0.7267423594001207
paper/paper_0517.jpg,paper,Recyclable,0.03287608311673264,0.09198687909351705,0.5175176676469828,0.12148719258166944,0.11776859361007258,0.7136613432999273
paper/paper_0518.jpg,paper,Recyclable,0.23326261169723478,0.07285172461746017,0.59998542584431,0.1321977029454939,0.07610616124429069,0.7545142015584447
paper/paper_0519.jpg,paper,Recyclable,0.12026635064189156,0.06309726323915127,0.44500090477309506,0.10965636465480189,0.09301006703417376,0.782548421100546
paper/paper_0520.jpg,paper,Recyclable,0.18955700021779417,0.06860817773410267,0.4557456250132579,0.11731401610079897,0.12443012689658568,0.752862948166276
paper/paper_0521.jpg,paper,Recyclable,0.20422387624286437,0.0715244187520703,0.5126704825459484,0.07052394591072805,0.07776414133545619,0.6944986442821826
paper/paper_0522.jpg,paper,Recyclable,0.16033388142695582,0.07482810171857968,0.5393097816218584,0.06893223788111424,0.11766476054205963,0.7053562643570598
paper/paper_0523.jpg,paper,Recyclable,0.1412778032857359,0.05010282987003181,0.44344695116871313,0.15231856770197374,0.1021855483252723,0.5863257510201022
paper/paper_0524.jpg,paper,Recyclable,0.18815711503548285,0.11689924680932437,0.5599500897840745,0.16392443583007038,0.08866878568491532,0.6008223530435567
paper/paper_0525.jpg,paper,Recyclable,0.16825845005241605,0.08979589206850917,0.5017362520977476,0.12294235347509701,0.013293389352365514,0.7693396779209952
paper/paper_0526.jpg,paper,Recyclable,0.10609391481972735,0.040602154995318704,0.5408940182154018,0.11731891712174541,0.08655696254373718,0.6480138583959335
paper/paper_0527.jpg,paper,Recyclable,0.12469553544040557,0.03467830610490152,0.5320256078696104,0.14300084858043638,0.07982948249424496,0.7601589978331617
paper/paper_0528.jpg,paper,Recyclable,0.22277006688630957,0.05647925923852132,0.5350741397555708,0.1868477144424998,0.13777373647919783,0.5829316831931353
paper/paper_0529.jpg,paper,Recyclable,0.1693574158030453,0.08002239969358782,0.6161162488687011,0.07020084930059779,0.04641566511837311,0.6526750499294472
paper/paper_0530.jpg,paper,Recyclable,0.12140357269007836,0.11261296667236056,0.45550390614808967,0.07509544400162725,0.008439504379942356,0.7704982476388661
paper/paper_0531.jpg,paper,Recyclable,0.213551504971557,0.06691706276544854,0.5261640508149422,0.11812887609131589,0.13897928029513024,0.7286027523294741
paper/paper_0532.jpg,paper,Recyclable,0.11512290287624427,0.015247097120542383,0.460789898986921,0.10292877801249861,0.05378689907196822,0.7136477394193531
paper/paper_0533.jpg,paper,Recyclable,0.1223537991881883,0.03767414274822354,0.45583746948375437,0.1624941803749292,0.11555950996734574,0.8211362566279571
paper/paper_0534.jpg,paper,Recyclable,0.17699754503775514,0.06280034365540643,0.6558672737991951,0.09867727994552929,0.0888336708116141,0.6970022934647137
paper/paper_0535.jpg,paper,Recyclable,0.002654789035799271,0.14418940049179413,0.5892803156766203,0.11319292243474041,0.07752895750917757,0.7114399474270291
paper/paper_0536.jpg,paper,Recyclable,0.12013605320768761,0.10466317409229084,0.44543213244806945,0.10744273729882188,0.10246293882284419,0.6860931606323968
paper/paper_0537.jpg,paper,Recyclable,0.16854338962355123,0.04034662431062999,0.47273385832832293,0.10946868484105574,0.10714198618484207,0.5687594041148802
paper/paper_0538.jpg,paper,Recyclable,0.17610103175553832,0.05827193998494652,0.5345755130154071,0.046419283057398515,0.045935310392531674,0.7676287727871217
paper/paper_0539.jpg,paper,Recyclable,0.15164316869901065,0.06468886393161766,0.5406809317895173,0.11956847298657206,0.09761977984653351,0.6947481099722239
paper/paper_0540.jpg,paper,Recyclable,0.20464795554483342,0.11881850547626666,0.5830697623304317,0.10218447131640282,0.10629284380478157,0.7219987195260827
paper/paper_0541.jpg,paper,Recyclable,0.2030400035902974,0.11598245506953231,0.46853968788658173,0.05656147317033175,0.05195001822383695,0.7683297083046845
paper/paper_0542.jpg,paper,Recyclable,0.07118455016143771,0.09579029556431973,0.5790034472874369,0.14650592234744772,0.0872135476265555,0.6059753426591269
paper/paper_0543.jpg,paper,Recyclable,0.10203225196759386,0.032720179124087014,0.5069644826933488,0.09268393730304293,0.033382338951157726,0.8029463393456602
paper/paper_0544.jpg,paper,Recyclable,0.08373593140237794,0.13384413695449923,0.6448130425151473,0.13593210198756142,0.05224933570012998,0.7239715615423831
paper/paper_0545.jpg,paper,Recyclable,0.0861314433224691,0.11643628140134997,0.5440812174770986,0.0836271914165326,0.03105020613374923,0.5265745716959688
paper/paper_0546.jpg,paper,Recyclable,0.0980729571482122,0.12451192782451626,0.5177733257220157,0.09322684571539812,0.1062221743315381,0.8263968214681385
paper/paper_0547.jpg,paper,Recyclable,0.21625023274728195,0.04110659984735248,0.39459435428500755,0.19438457036400414,0.17075966446637814,0.7131917517500498
paper/paper_0548.jpg,paper,Recyclable,0.08647558772090891,0.11852906135575757,0.5413613051189913,0.09548075507573558,0.11577835372420517,0.7234062322811309
paper/paper_0549.jpg,paper,Recyclable,0.09070925444925274,0.06701032259672104,0.6028922342929077,0.12041008889620075,0.09048066297433903,0.7653396068133105
paper/paper_0550.jpg,paper,Recyclable,0.13191415060913678,0.08714679100876288,0.279953671985792,0.08201399224628744,0.11055611634302578,0.6726723873018
paper/paper_0551.jpg,paper,Recyclable,0.12668863041414438,0.03834188192900726,0.6302692714183317,0.12193853094162282,0.11301658391292341,0.5791650226629477
paper/paper_0552.jpg,paper,Recyclable,0.14197749783671829,0.06879555968999976,0.5275542634721159,0.07535889825128177,0.06615582912879939,0.7594751347894656
paper/paper_0553.jpg,paper,Recyclable,0.05435743233260852,0.15109179072121814,0.588707290002117,0.0983067241735915,0.11627336585491704,0.5983715678382096
paper/paper_0554.jpg,paper,Recyclable,0.1167649547424493,0.07515698270437784,0.6592448296345742,0.09814013675493768,0.09800218684740586,0.658729470284471
paper/paper_0555.jpg,paper,Recyclable,0.17434210344837453,0.1470895837189783,0.6296421353339292,0.09674176048888483,0.10701963389061879,0.7404261868225048
paper/paper_0556.jpg,paper,Recyclable,0.17532938358486377,0.12447813443441635,0.6383582163069974,0.09491365612500463,0.10567516245911077,0.6731833555188144
paper/paper_0557.jpg,paper,Recyclable,0.10384638018422111,0.06922024977184055,0.5438977478608334,0.03353676043288033,0.11441330237666882,0.5062872204178321
paper/paper_0558.jpg,paper,Recyclable,0.28574084697431607,0.14007516535185277,0.5291193020662149,0.10037705442255093,0.09211887494349133,0.658758772840774
paper/paper_0559.jpg,paper,Recyclable,0.15963095737934682,0.07424000089193356,0.5424581826215228,0.10725844253922555,0.027458888065840223,0.7027698806893553
paper/paper_0560.jpg,paper,Recyclable,0.15817238733087385,0.08515398485423657,0.5327335395651077,0.14551431103877488,0.06585389780473795,0.7159128134776233
paper/paper_0561.jpg,paper,Recyclable,0.2148648766962773,0.0768249543991875,0.5671570613974042,0.09614461454740413,0.12949479174254397,0.6819592806889593
paper/paper_0562.jpg,paper,Recyclable,0.21416772886441027,0.07585648421411742,0.4812432221241587,0.12717492682296486,0.06781328664977376,0.7434350629369414
paper/paper_0563.jpg,paper,Recyclable,0.01352978075381328,0.08020821047579786,0.5132315760994016,0.05746965253874888,0.05787035992640803,0.6598407798995143
paper/paper_0564.jpg,paper,Recyclable,0.14760071025747093,0.025306941548601768,0.5753019024207772,0.15464859140823153,0.09123713987791306,0.7566292026460306
paper/paper_0565.jpg,paper,Recyclable,0.20472812273068977,0.12945958048736708,0.6996110954257044,0.08003192006896279,0.05126064059355534,0.7548425953827314
paper/paper_0566.jpg,paper,Recyclable,0.18541331098286998,0.11102701198462757,0.7011425963400202,0.10045479635193977,0.0970462623858474,0.6313728223961567
paper/paper_0567.jpg,paper,Recyclable,0.2567660561987979,0.06653820315163556,0.5253427257471337,0.0861300043596703,0.05420416565422649,0.6489394065806645
paper/paper_0568.jpg,paper,Recyclable,0.12381478585552373,0.025368162877962216,0.48717456637894097,0.17795852445790478,0.10942620574565474,0.7648132923709402
paper/paper_0569.jpg,paper,Recyclable,0.20886043937084575,0.15336538257449564,0.40828619588449255,0.05080467538853838,0.04785105356421259,0.6671189142457281
paper/paper_0570.jpg,paper,Recyclable,0.13497153047073754,0.06212089788775837,0.5675447130505644,0.10141181562980864,0.05108660819287002,0.5477115856108701
paper/paper_0571.jpg,paper,Recyclable,0.10035656473106508,0.05803045386749699,0.5302336450553825,0.054813301627578526,0.060367741340143194,0.620830882806009
paper/paper_0572.jpg,paper,Recyclable,0.14370903242258334,0.03707634686549539,0.4820876274903629,0.047652634760434444,0.07385997217720865,0.639348656103332
paper/paper_0573.jpg,paper,Recyclable,0.19533921333377147,0.09623401066771596,0.5444118505453086,0.06810058010624846,0.09522081221265212,0.7483490622544046
paper/paper_0574.jpg,paper,Recyclable,0.1571344206100815,0.1441480742186772,0.5867709854459853,0.13654428870272137,0.08534261662143913,0.7472965117279883
paper/paper_0575.jpg,paper,Recyclable,0.11016093836654123,0.06166406547148825,0.5779490842785904,0.11368397926229527,0.1003044729177299,0.777027502459511
paper/paper_0576.jpg,paper,Recyclable,0.07875144140922939,0.041021898095588157,0.5683658112859403,0.07102545472786158,0.21511072965157446,0.7361003733419095
paper/paper_0577.jpg,paper,Recyclable,0.14608345755349214,0.059381229076645635,0.5115870173445565,0.1012056264526071,0.0844792773048503,0.6680310598714541
paper/paper_0578.jpg,paper,Recyclable,0.13634238767400492,0.13377138300938385,0.6607603970120828,0.11008135919739509,0.026349610910530494,0.737695220964733
paper/paper_0579.jpg,paper,Recyclable,0.2277141220805513,0.13479124407849516,0.6087540682247734,0.15689691821143287,0.08213537089916087,0.7439672078883593
paper/paper_0580.jpg,paper,Recyclable,0.11596122168374098,0.09169061824622848,0.656362739517642,0.07642306354052436,0.04554226282142854,0.7068242257316587
paper/paper_0581.jpg,paper,Recyclable,0.13866688981380001,0.10596590884281681,0.5137392379242367,0.16873758462410857,0.02841295608155777,0.7877614350353814
paper/paper_0582.jpg,paper,Recyclable,0.11175753858459483,0.008160690616639071,0.5690300125079094,0.08981568055944467,0.03561562528387877,0.5823036175799314
paper/paper_0583.jpg,paper,Recyclable,0.14958196063642715,0.11903347566495272,0.5967962794469156,0.10226826595357062,0.0991539029287094,0.69809501073355
paper/paper_0584.jpg,paper,Recyclable,0.07851378784848144,0.02316424059106227,0.5337465176812257,0.09357386854535703,0.11403930714027061,0.7530112956642323
paper/paper_0585.jpg,paper,Recyclable,0.18025665078794748,0.06878869147691277,0.4395478263911889,0.11648284548264096,0.10100677253048673,0.5328027976265619
paper/paper_0586.jpg,paper,Recyclable,0.10828309067086686,0.05235782490424416,0.559468016089875,0.06786558268937225,0.07847461724701439,0.6852625541752905
paper/paper_0587.jpg,paper,Recyclable,0.1420425264231136,0.05134422825197016,0.4988811956746658,0.056789317608772295,0.09520269762295328,0.7399771840013958
paper/paper_0588.jpg,paper,Recyclable,0.11146910249373304,0.14082560384068177,0.5248318842046361,0.16120742495186244,0.05431491304673587,0.5581395556380395
paper/paper_0589.jpg,paper,Recyclable,0.17010989124561757,0.08994180420475949,0.5527515036246067,0.07431070086224043,0.07861711098056724,0.6642118379491331
paper/paper_0590.jpg,paper,Recyclable,0.13488252168341247,0.11366529023060301,0.5647373783624076,0.12439805549327909,0.0707252597349684,0.6760587857936657
paper/paper_0591.jpg,paper,Recyclable,0.09232587345556781,0.06519853549727213,0.28431083555286896,0.07639112134777461,0.07672503291236644,0.7394571557989109
paper/paper_0592.jpg,paper,Recyclable,0.13656610612375217,0.09390694168979997,0.37561690708878037,0.09772652591172201,0.012819888283463865,0.6154187539038467
paper/paper_0593.jpg,paper,Recyclable,0.14064172260680696,0.13105055951494218,0.5796965410776047,0.1007292398854847,0.07921878442131591,0.6500459774756873
paper/paper_0594.jpg,paper,Recyclable,0.12280082933136581,0.09709504181883188,0.4391711585244405,0.12372216201132086,0.06445971731524588,0.7577889952408695
plastic/plastic_0001.jpg,plastic,Recyclable,0.6268874765785667,0.282691598749426,0.7651051542063669,0.19866833872356257,0.0,0.5673973379032472
plastic/plastic_0002.jpg,plastic,Recyclable,0.7453004676212273,0.5109509896212441,0.9150372781163453,0.29974590640110016,0.005163136779830491,0.6194583042660766
plastic/plastic_0003.jpg,plastic,Recyclable,0.5970748944192247,0.49375062034730366,0.7653594790575,0.1594004097652476,0.08575522374777478,0.6387080262125756
plastic/plastic_0004.jpg,plastic,Recyclable,0.5239408885453904,0.4613334463905302,0.7854362846413383,0.257363734462329,0.04573894572232839,0.6400361216250862
plastic/plastic_0005.jpg,plastic,Recyclable,0.4569831648537791,0.4338356205521389,0.7721358931154054,0.3354339362348111,0.043422381294751414,0.6586020000344639
plastic/plastic_0006.jpg,plastic,Recyclable,0.4477011316144595,0.3274107736560054,0.8009073956950733,0.27017937815927684,0.012507543613478903,0.6115864332634213
plastic/plastic_0007.jpg,plastic,Recyclable,0.5025760613457083,0.44766060397560536,0.6570342588756162,0.1839204022738174,0.007458983091052989,0.7466002555961537
plastic/plastic_0008.jpg,plastic,Recyclable,0.4848949086456857,0.46804681418312066,0.8135925650558598,0.32787499033964573,0.045251548139283004,0.6453997624964067
plastic/plastic_0009.jpg,plastic,Recyclable,0.5119612207048446,0.38361668971743096,0.7855362066520531,0.223957998740584,0.03107254818716464,0.6836247853988163
plastic/plastic_0010.jpg,plastic,Recyclable,0.5973440952916013,0.5759283711436168,0.9117721472840107,0.25747980360445344,0.041989275427913066,0.6218671852932628
plastic/plastic_0011.jpg,plastic,Recyclable,0.6448005586866413,0.5561509157175845,0.8605049581965796,0.25564419047149145,0.006632836720182224,0.5384377249707619
plastic/plastic_0012.jpg,plastic,Recyclable,0.5467970233983122,0.6033012542249183,0.7814093059181556,0.29710759512760326,0.03687902801037862,0.6273051023258261
plastic/plastic_0013.jpg,plastic,Recyclable,0.6553075870015617,0.1591339255519496,0.7266349832757095,0.19506206221849243,0.003605699542652205,0.6769010360948716
plastic/plastic_0014.jpg,plastic,Recyclable,0.5732030242443122,0.4893990572175008,0.8357648896479493,0.19299372585126104,0.0,0.6817055745606291
plastic/plastic_0015.jpg,plastic,Recyclable,0.4995814341082849,0.29295249546320296,0.8582806570724889,0.33370611439013786,0.051143217793973184,0.6649606177179777
plastic/plastic_0016.jpg,plastic,Recyclable,0.6000745676778323,0.5869868223361911,0.761515052598594,0.3166406610432455,0.025507924682864176,0.7230969321874073
plastic/plastic_0017.jpg,plastic,Recyclable,0.5648874416700749,0.5796256709748002,0.8134114257524923,0.16096125643195494,0.049038532646294444,0.5741975407222311
plastic/plastic_0018.jpg,plastic,Recyclable,0.6502446568195132,0.4409757118559678,0.8705606591118624,0.3180861168920059,0.028602859486307426,0.6906828254101705
plastic/plastic_0019.jpg,plastic,Recyclable,0.5838102893754054,0.24861752437189222,0.8070998131338922,0.1830361494356863,0.023423742874913257,0.5585645962893427
plastic/plastic_0020.jpg,plastic,Recyclable,0.45520384470191405,0.6104934501753903,0.8641668432874514,0.24975144490335074,0.02369537300498048,0.6301667179405593
plastic/plastic_0021.jpg,plastic,Recyclable,0.5955901100783618,0.3823945633451195,0.8596244157720775,0.23481478953915336,0.011603060083375421,0.6517370414787874
plastic/plastic_0022.jpg,plastic,Recyclable,0.5027082536059512,0.4828682349496483,0.767758244641196,0.27811141616913015,0.044320130778229536,0.5924542650553462
plastic/plastic_0023.jpg,plastic,Recyclable,0.5395539634163864,0.4961330713035422,0.7738485587011157,0.2778592336495999,0.0311079772130348,0.7366609421035444
plastic/plastic_0024.jpg,plastic,Recyclable,0.5015207963132071,0.35572247597695256,0.7815453566261754,0.191934859627174,0.031289964080949945,0.5570598959858871
plastic/plastic_0025.jpg,plastic,Recyclable,0.7366413134602151,0.5795927861573751,0.8007545461760189,0.30204366957987855,0.0,0.8518698665119646
plastic/plastic_0026.jpg,plastic,Recyclable,0.5027828310239609,0.43795025861006404,0.6886440027686939,0.2791772382844537,0.0,0.6581324609252823
plastic/plastic_0027.jpg,plastic,Recyclable,0.506458045366037,0.34222560650696565,0.7517383098942431,0.2635472820451313,0.0,0.5900950663181138
plastic/plastic_0028.jpg,plastic,Recyclable,0.6030618705011582,0.7102479874874313,0.8286553291731803,0.19496430146936275,0.012657716598553779,0.6525271204922063
plastic/plastic_0029.jpg,plastic,Recyclable,0.5220460039491435,0.5403058166736934,0.8130484089808535,0.3044711430945922,0.013711124194047412,0.7560400175777006
plastic/plastic_0030.jpg,plastic,Recyclable,0.5366811532574763,0.35288101308620085,0.9306392228625333,0.140501335182333,0.005225225493901449,0.5998377718535685
plastic/plastic_0031.jpg,plastic,Recyclable,0.750664501844525,0.6306858884146511,0.8896356886185319,0.23016048025742009,0.06852356007683551,0.6794681603072777
plastic/plastic_0032.jpg,plastic,Recyclable,0.6281810696242498,0.4679695381106207,0.797032005720605,0.23489327956441725,0.015807200131616756,0.6986793318942464
plastic/plastic_0033.jpg,plastic,Recyclable,0.579375983902031,0.4468528629796316,0.8905714395619313,0.07199481587555617,0.0301977449584239,0.7074190965327184
plastic/plastic_0034.jpg,plastic,Recyclable,0.6417570294604136,0.4435128558946639,0.8124752040430375,0.30915690299888327,0.0498233280856036,0.6259571211856986
plastic/plastic_0035.jpg,plastic,Recyclable,0.5713580626502048,0.6178573964348757,0.672558375447269,0.2085992440111249,0.04931671957205926,0.7374030266886643
plastic/plastic_0036.jpg,plastic,Recyclable,0.5917956168741356,0.405140312689088,0.7470908900608749,0.21452706284545758,0.050960164416373854,0.5997245848675723
plastic/plastic_0037.jpg,plastic,Recyclable,0.5581138371391727,0.37462923551382543,0.8505664418059417,0.21767642317921354,0.018048122196911716,0.515329429356574
plastic/plastic_0038.jpg,plastic,Recyclable,0.42093054110360484,0.45076731933215064,0.7204905706881344,0.37630519836007015,0.0,0.5859859761068718
plastic/plastic_0039.jpg,plastic,Recyclable,0.5513360693814041,0.41348670622042155,0.7337512726001649,0.19252432963028393,0.00018691845001523114,0.6270622644143949
plastic/plastic_0040.jpg,plastic,Recyclable,0.7061543271613939,0.457793729655821,0.8709740293632515,0.2804185807496885,0.04227724795964441,0.4260028557925132
plastic/plastic_0041.jpg,plastic,Recyclable,0.5256433583081417,0.5807135423150713,0.76569585063504,0.3557483898921767,0.04967780307535523,0.612469542709803
plastic/plastic_0042.jpg,plastic,Recyclable,0.5097469184762915,0.34863941576455315,0.7622243460881721,0.1760446561498651,0.028576223608660113,0.5335162805322854
plastic/plastic_0043.jpg,plastic,Recyclable,0.5982986412952178,0.5128078696900249,0.7003277356889647,0.34298911637970037,0.030272185888304437,0.7099758417155896
plastic/plastic_0044.jpg,plastic,Recyclable,0.4893067838765783,0.5122379118473119,0.8675836069833239,0.24408349605971935,0.06003844918496723,0.6535251707930351
plastic/plastic_0045.jpg,plastic,Recyclable,0.641262864036198,0.4793008807258655,0.8351312919714121,0.14972006394191367,0.027421074764307263,0.5912019918994187
plastic/plastic_0046.jpg,plastic,Recyclable,0.48228813553778505,0.6244103184465979,0.7871737851162591,0.1898018901414702,0.012817367437822507,0.5459639816862469
plastic/plastic_0047.jpg,plastic,Recyclable,0.6647107574557016,0.3804319255833485,0.8317579960366202,0.33136640285261953,0.009996946375705414,0.6925617945818229
plastic/plastic_0048.jpg,plastic,Recyclable,0.46759311560764566,0.6945769569113684,0.8561828080769973,0.23844361367435163,0.004543325382220725,0.6408802757728299
plastic/plastic_0049.jpg,plastic,Recyclable,0.5228013022118785,0.6452944553999507,0.726467916667106,0.2580880853974122,0.0196332386673258,0.6406071759724105
plastic/plastic_0050.jpg,plastic,Recyclable,0.5413106676049326,0.4383929189879517,0.852383963979926,0.2865390667895461,0.02837823222745573,0.4072808510283785
plastic/plastic_0051.jpg,plastic,Recyclable,0.5739835899330532,0.28443606398299176,0.8387792097881496,0.33846984205423086,0.0014752177482289831,0.6290575422125835
plastic/plastic_0052.jpg,plastic,Recyclable,0.5020515435957603,0.5735431775756801,0.8057016731163245,0.35369976283397997,0.028275084058947752,0.6693960144508656
plastic/plastic_0053.jpg,plastic,Recyclable,0.555456542608227,0.5317992099257337,0.6957388281052794,0.2551206373312306,0.018599071125440705,0.7080335061726213
plastic/plastic_0054.jpg,plastic,Recyclable,0.5349838715300771,0.346126556583733,0.8004410404951819,0.1850295682678994,0.0,0.7081697985188394
plastic/plastic_0055.jpg,plastic,Recyclable,0.5963249258155737,0.49670909439935745,0.8781757053167487,0.2100980865817645,0.0,0.6443976178553564
plastic/plastic_0056.jpg,plastic,Recyclable,0.5221999760235272,0.3657704283229931,0.7952090507907323,0.2133036912277249,0.0,0.6147058647364992
plastic/plastic_0057.jpg,plastic,Recyclable,0.45908998666369144,0.47316480716109227,0.7606379145055607,0.3166978884484631,0.05207732134535732,0.7043505098409525
plastic/plastic_0058.jpg,plastic,Recyclable,0.42591790544133445,0.600519599887904,0.894543227022426,0.2511274306784764,0.046458523206710636,0.6058659889562658
plastic/plastic_0059.jpg,plastic,Recyclable,0.4007003252120329,0.3739715561378406,0.9037580519626854,0.1605352045833116,0.01999042563862989,0.652731511467217
plastic/plastic_0060.jpg,plastic,Recyclable,0.5089620604825751,0.4056478400162885,0.8043349480541722,0.21627025948391637,0.0,0.6672025554354765
plastic/plastic_0061.jpg,plastic,Recyclable,0.6358693265955978,0.5369572518653422,0.7514158719566113,0.17492632507733946,0.01431624235690443,0.7754233207836532
plastic/plastic_0062.jpg,plastic,Recyclable,0.6016478463167637,0.5203964676794234,0.8533914171071297,0.2752459937511152,0.022412170952271573,0.7029845517318375
plastic/plastic_0063.jpg,plastic,Recyclable,0.5063067116625585,0.3085536988633679,0.8433798160774595,0.3242642863449535,0.0,0.7157537185932721
plastic/plastic_0064.jpg,plastic,Recyclable,0.6844612570710552,0.4497753798242879,0.7509198689154952,0.2573811204116053,0.008989320635985974,0.6006615912034878
plastic/plastic_0065.jpg,plastic,Recyclable,0.5846547253817235,0.2896270524970105,0.7133642646504664,0.25115745282243657,0.019553829221751376,0.6774843661631949
plastic/plastic_0066.jpg,plastic,Recyclable,0.7000180310786711,0.46045140360758213,0.8358903290200878,0.1914680238631221,0.035358753270330744,0.6078887307911458
plastic/plastic_0067.jpg,plastic,Recyclable,0.5557136666064875,0.43911513749308384,0.8619784540948419,0.17140140673750004,0.0,0.6329253842329661
plastic/plastic_0068.jpg,plastic,Recyclable,0.58748250055241,0.46522693758075,0.8739322542448347,0.2762423604507801,0.008723033362802802,0.4639663876688256
plastic/plastic_0069.jpg,plastic,Recyclable,0.5310150212643826,0.5527959002257798,0.7764771330399731,0.25169921582066584,0.028427205086134173,0.5687766100600148
plastic/plastic_0070.jpg,plastic,Recyclable,0.5998588717311054,0.6137121790001706,0.7896311988863957,0.1822561346900619,0.018667979459560526,0.4720492713112905
plastic/plastic_0071.jpg,plastic,Recyclable,0.5769522611181294,0.4952274377648579,0.9005381776307337,0.2383603124460025,0.028169706762929406,0.5810969518091279
plastic/plastic_0072.jpg,plastic,Recyclable,0.5214858303579938,0.2974814563337802,0.788312622723006,0.2316814507888861,0.02598399532177792,0.6001122495733888
plastic/plastic_0073.jpg,plastic,Recyclable,0.5566676280780074,0.41666199443923346,0.7801100367020292,0.2548217395577818,0.0208104588463402,0.7108939231241311
plastic/plastic_0074.jpg,plastic,Recyclable,0.5403485572696133,0.4150114650876997,0.7891515532947665,0.20712015298954045,0.01280177812866657,0.8124926970458586
plastic/plastic_0075.jpg,plastic,Recyclable,0.47698569914433064,0.42213436661206905,0.7767506802038187,0.23516970326533604,0.013375213822432098,0.67233920809768
plastic/plastic_0076.jpg,plastic,Recyclable,0.41318599188865646,0.5537171472532004,0.8379549679785319,0.17542770483621192,0.0,0.5718342283086879
plastic/plastic_0077.jpg,plastic,Recyclable,0.5305866830858302,0.7080291898690776,0.8325954178984565,0.14154462104911253,0.00620688990198112,0.6457430050981614
plastic/plastic_0078.jpg,plastic,Recyclable,0.5702946843438478,0.3185251139689577,0.7919005863213764,0.20694165174336757,0.0,0.6707676517359163
plastic/plastic_0079.jpg,plastic,Recyclable,0.6119101738754258,0.534104127696162,0.8344631810680326,0.22015782801158423,0.034290995229270115,0.674724355048343
plastic/plastic_0080.jpg,plastic,Recyclable,0.5607153506361611,0.38883068782982017,0.7701874323595084,0.2544332161674732,0.06879748933971003,0.6740993984073113
plastic/plastic_0081.jpg,plastic,Recyclable,0.5011049198199772,0.3667610555030557,0.7704940032406279,0.3806376068529439,0.012014867081080759,0.7225496427688228
plastic/plastic_0082.jpg,plastic,Recyclable,0.5199257403622916,0.4761184541279629,0.8475047164405234,0.21568582901140457,0.007177766916944607,0.7827095755564264
plastic/plastic_0083.jpg,plastic,Recyclable,0.6287674315916638,0.5290672318690728,0.8472365775873749,0.27757452929866394,0.0603555162635013,0.6535126641501726
plastic/plastic_0084.jpg,plastic,Recyclable,0.5961809893760736,0.30490870714059876,0.7505023588045256,0.17795086000989757,0.04548127167032299,0.44579678783834004
plastic/plastic_0085.jpg,plastic,Recyclable,0.5178151981797823,0.15062933973393772,0.7501227262710867,0.220543063016088,0.047697421875880885,0.6817302351377166
plastic/plastic_0086.jpg,plastic,Recyclable,0.48334867813368276,0.5565963719731826,0.8010699352717855,0.25225401152243515,0.0,0.5707989028877489
plastic/plastic_0087.jpg,plastic,Recyclable,0.4839922160043581,0.454646127315419,0.8046731436188406,0.34264555981144273,0.02770110335875669,0.4333947445062314
plastic/plastic_0088.jpg,plastic,Recyclable,0.5710113590297353,0.30499836438324673,0.7420417445233078,0.2012698316964202,0.006733233529753965,0.5399880486367757
plastic/plastic_0089.jpg,plastic,Recyclable,0.5662785602761831,0.3089197714909041,0.8214000564349908,0.3842182646236978,0.0,0.6272391756528622
plastic/plastic_0090.jpg,plastic,Recyclable,0.34812341099900246,0.4199064707029867,0.838563029157889,0.29323835388143604,0.021547274605681933,0.721141073980718
plastic/plastic_0091.jpg,plastic,Recyclable,0.7536843628754234,0.62123046874376,0.7686487442354218,0.16293376081199568,0.011876971668523929,0.5742413787506122
plastic/plastic_0092.jpg,plastic,Recyclable,0.5861078038291707,0.3318806460570502,0.7956306540445796,0.30028084327217863,0.01798608254365646,0.5742948941801763
plastic/plastic_0093.jpg,plastic,Recyclable,0.6439851246068554,0.26210190552461726,0.7803322966473523,0.24750039859711992,0.02031817316799262,0.6644396844862466
plastic/plastic_0094.jpg,plastic,Recyclable,0.5988351855847595,0.44645925609546494,0.7779165030713792,0.22554463932041827,0.007769683959232908,0.7130034659461493
plastic/plastic_0095.jpg,plastic,Recyclable,0.4982777216418789,0.5346771109008245,0.8011399449355923,0.21872471158863221,0.0323681443148827,0.5918036860221506
plastic/plastic_0096.jpg,plastic,Recyclable,0.601054723258257,0.4712726121191785,0.7642205186544848,0.28171808892007355,0.030931794513772773,0.7426015684647966
plastic/plastic_0097.jpg,plastic,Recyclable,0.6272917609927438,0.4991274020726283,0.7323445429274742,0.3969152192904434,0.0,0.7259410539425848
plastic/plastic_0098.jpg,plastic,Recyclable,0.5845027053509039,0.33258576275188856,0.7925419436672901,0.24527482682532156,0.046111654316210476,0.5929351279775831
plastic/plastic_0099.jpg,plastic,Recyclable,0.5290443994860518,0.2163930394978737,0.9040857675874147,0.18577190541879574,0.026538217284783498,0.6418873736222509
plastic/plastic_0100.jpg,plastic,Recyclable,0.5421599226573328,0.5309861984870875,0.9002757476182182,0.2650896201965195,0.03310156035261052,0.6763113229381633
plastic/plastic_0101.jpg,plastic,Recyclable,0.6314025139144501,0.4037083620513673,0.8645234332649849,0.316629991938843,0.0416507401736582,0.5971881706130819
plastic/plastic_0102.jpg,plastic,Recyclable,0.5365329892610248,0.4739466988780435,0.7177494773102597,0.3456952124851609,0.019754469329956482,0.6727142310083778
plastic/plastic_0103.jpg,plastic,Recyclable,0.5038396448218239,0.3173122440632977,0.7637582068715137,0.2631522512580153,0.03346857625507387,0.6629433232482176
plastic/plastic_0104.jpg,plastic,Recyclable,0.5777379212993561,0.41629736253186234,0.8297749139747257,0.33896997198315443,0.03409578884877974,0.7147633510602353
plastic/plastic_0105.jpg,plastic,Recyclable,0.5735213119445305,0.2996844930400398,0.7373200081621254,0.2772925480398306,0.019781218960798284,0.6851874309178263
plastic/plastic_0106.jpg,plastic,Recyclable,0.6841138734275259,0.5226035999229334,0.8755331723445694,0.2556808833682438,0.0038556864503112055,0.6453707072628527
plastic/plastic_0107.jpg,plastic,Recyclable,0.485619854902469,0.6058294956772448,0.8474234645921283,0.2812307497976968,0.04471886404456207,0.488395486838142
plastic/plastic_0108.jpg,plastic,Recyclable,0.5970510361074128,0.3189354215695628,0.7995646580920603,0.23129754445196712,0.03323473224193896,0.6682549831168765
plastic/plastic_0109.jpg,plastic,Recyclable,0.6576093738889431,0.38981028390673866,0.8425468633779971,0.2597333930139299,0.0,0.5765106833181575
plastic/plastic_0110.jpg,plastic,Recyclable,0.5380097573182265,0.5612292449891728,0.8278233834534269,0.17994995056715712,0.017193675439056803,0.8114245159034424
plastic/plastic_0111.jpg,plastic,Recyclable,0.5588978667872687,0.41726744249276043,0.8295043784453733,0.2958035847749182,0.010876633050398819,0.6902059819497149
plastic/plastic_0112.jpg,plastic,Recyclable,0.5236888402663353,0.5219327601829439,0.8101815894782771,0.27891806962317356,0.0048163290766499115,0.5842970892741712
plastic/plastic_0113.jpg,plastic,Recyclable,0.6256397843727516,0.44206036186145065,0.8171020845259618,0.23161627437480883,0.03797453548027288,0.6013752015976274
plastic/plastic_0114.jpg,plastic,Recyclable,0.5391519008079294,0.5285992812703132,0.870378061949856,0.218574442538399,0.05919367963911766,0.6750593354954894
plastic/plastic_0115.jpg,plastic,Recyclable,0.466565739055301,0.4869052048589968,0.7770200471309926,0.2760441092309906,0.01914287504679324,0.6559418952152116
plastic/plastic_0116.jpg,plastic,Recyclable,0.4770725298731084,0.549006123071636,0.7306323579709382,0.1834741062757003,0.027347206982949734,0.7782275397742375
plastic/plastic_0117.jpg,plastic,Recyclable,0.5217925522348474,0.5200972322703966,0.8644004106118127,0.29888106623764416,0.01377583421652637,0.562716262624474
plastic/plastic_0118.jpg,plastic,Recyclable,0.3733961947462916,0.42371595005376067,0.8706852421137306,0.18255004091428395,0.03400419695037531,0.5739877975958503
plastic/plastic_0119.jpg,plastic,Recyclable,0.5584858061109471,0.5207791614155017,0.7604302737896944,0.26022908084181484,0.011698173265493425,0.7064118927150541
plastic/plastic_0120.jpg,plastic,Recyclable,0.568825373478771,0.45565076744292676,0.8935009976085186,0.2897383685420981,0.006192962677474219,0.6431308879361791
plastic/plastic_0121.jpg,plastic,Recyclable,0.5439280971936272,0.4580319572625212,0.9514705565964497,0.2722511135626598,0.0,0.6065760822626428
plastic/plastic_0122.jpg,plastic,Recyclable,0.39541023300033534,0.41702017429541605,0.6807613862164144,0.1977045717358943,0.0,0.6807328142373982
plastic/plastic_0123.jpg,plastic,Recyclable,0.5500431490103104,0.4802962307498731,0.7937269166858885,0.16634213498773492,0.03027042738509471,0.8037779648215563
plastic/plastic_0124.jpg,plastic,Recyclable,0.5827370062885238,0.4074075400682434,0.7143159694336734,0.19551598175440207,0.02906079313144118,0.73584944214395
plastic/plastic_0125.jpg,plastic,Recyclable,0.5708692939777581,0.5299887289705983,0.8424606946416346,0.28039206348315504,0.006830528094774881,0.6639138809580122
plastic/plastic_0126.jpg,plastic,Recyclable,0.482129775689429,0.4517428952958102,0.8198518118640148,0.3507270284432113,0.0,0.6885206104793045
plastic/plastic_0127.jpg,plastic,Recyclable,0.6684989273298876,0.5258847765838797,0.8499767265695025,0.2852616941120687,0.04596668979550834,0.5630017465510105
plastic/plastic_0128.jpg,plastic,Recyclable,0.4391258667223803,0.4493665859534744,0.6703302737856974,0.3238387482506807,0.04441430390990883,0.615331955593238
plastic/plastic_0129.jpg,plastic,Recyclable,0.5203383522671593,0.44276525248493287,0.8031212390263772,0.2576304351516571,0.031164642137566062,0.6361898917593217
plastic/plastic_0130.jpg,plastic,Recyclable,0.6254554642782235,0.49459477771253035,0.7635821932476419,0.33010676006824585,0.0,0.6426267351342819
plastic/plastic_0131.jpg,plastic,Recyclable,0.6273533920860375,0.37769268950878554,0.8185733388060291,0.2826003758199429,0.0027895226403752207,0.6442017824324772
plastic/plastic_0132.jpg,plastic,Recyclable,0.5374796935832632,0.3948262148167707,0.9381004911230465,0.20421361879327146,0.04009860588135766,0.6185759186495087
plastic/plastic_0133.jpg,plastic,Recyclable,0.4630691048891775,0.4602814243155069,0.8389456030632501,0.30523057450394075,0.05124530221310139,0.885619703194808
plastic/plastic_0134.jpg,plastic,Recyclable,0.5700411363004478,0.3836907826174612,0.8271724596076935,0.23402722297561052,0.038519322597044596,0.5462268562907423
plastic/plastic_0135.jpg,plastic,Recyclable,0.7394667633920351,0.5356048094775513,0.6989597589322302,0.20745826586110167,0.03632162088227878,0.7441075244937164
plastic/plastic_0136.jpg,plastic,Recyclable,0.448220989821443,0.5213025850432949,0.6831596076402846,0.24463984807173725,0.042240936842064127,0.6058787415917616
plastic/plastic_0137.jpg,plastic,Recyclable,0.42944621606895894,0.46462147963775596,0.7637168680018713,0.28777350196395013,0.002293471355638791,0.588189048827752
plastic/plastic_0138.jpg,plastic,Recyclable,0.3883198143299006,0.4669944711051483,0.7903457037034041,0.17869691975559576,0.02387597427534184,0.7321656240515312
plastic/plastic_0139.jpg,plastic,Recyclable,0.5327545645264841,0.47681669498219736,0.8163986749751099,0.17774021036926238,0.06113171641415191,0.6123320135902173
plastic/plastic_0140.jpg,plastic,Recyclable,0.6024892961488217,0.526921527722905,0.791624292373055,0.2864077015035781,0.024916384436327783,0.5365888194218076
plastic/plastic_0141.jpg,plastic,Recyclable,0.523418183899993,0.3887449097645938,0.7722952975192324,0.17175980932980173,0.04252867433492061,0.778159412369073
plastic/plastic_0142.jpg,plastic,Recyclable,0.6282402380798727,0.5770529224147143,0.7793219097795107,0.2118245899008378,0.004428259063765769,0.7015251938365779
plastic/plastic_0143.jpg,plastic,Recyclable,0.568165044251532,0.4422778288401574,0.8777089126517206,0.2742964812289206,0.0032268472495883063,0.5955272936691445
plastic/plastic_0144.jpg,plastic,Recyclable,0.6045594639403317,0.5541732852654597,0.8331008139353582,0.3638133248723249,0.052700143314628384,0.685282866788061
plastic/plastic_0145.jpg,plastic,Recyclable,0.48291354724147983,0.31900124882682324,0.7767570952991172,0.2951928067849694,0.056532941586238755,0.683395762752864
plastic/plastic_0146.jpg,plastic,Recyclable,0.6434978235384989,0.42546925138121977,0.837366147513653,0.29940140976863033,0.0,0.6169248958098792
plastic/plastic_0147.jpg,plastic,Recyclable,0.6259760307422296,0.4774468335636565,0.7282090971109441,0.10419265745635864,0.012684385093959872,0.6442731445684897
plastic/plastic_0148.jpg,plastic,Recyclable,0.4792861640137324,0.4643084937027995,0.8303832048339738,0.29024123024357396,0.0,0.5448571921753504
plastic/plastic_0149.jpg,plastic,Recyclable,0.5256301881316212,0.5072173131037464,0.8293540408130021,0.27831219687260056,0.012331641160621364,0.6237893250152031
plastic/plastic_0150.jpg,plastic,Recyclable,0.4917336585262608,0.5268194128105848,0.7447706727356254,0.3010021837113742,0.024157064762752922,0.6463964417235878
plastic/plastic_0151.jpg,plastic,Recyclable,0.4974631680178827,0.3144458138835874,0.7611408346173173,0.23019958788250683,0.0,0.6342115875732269
plastic/plastic_0152.jpg,plastic,Recyclable,0.6239485894420805,0.5067217905433873,0.7702276474555096,0.2528161779049137,0.008876708611560006,0.6619008586668557
plastic/plastic_0153.jpg,plastic,Recyclable,0.6732086258995226,0.5468498802624876,0.8312476583415652,0.2204269052569769,0.03499876785889677,0.5150498438901557
plastic/plastic_0154.jpg,plastic,Recyclable,0.5298117214407289,0.508371141982395,0.8444252728428652,0.2901930694129445,0.02589661378419389,0.6343420016732894
plastic/plastic_0155.jpg,plastic,Recyclable,0.5930380775861192,0.3547138959413699,0.7493193642024051,0.2537040805876178,0.02346395285417495,0.5039507857148283
plastic/plastic_0156.jpg,plastic,Recyclable,0.5864117104759615,0.5272728377919393,0.7953628857520223,0.3924679769970395,0.006341297873696276,0.6211130269290505
plastic/plastic_0157.jpg,plastic,Recyclable,0.5183946475098233,0.44238123887089825,0.7802765112220226,0.16559136732370772,0.009069034075270493,0.642190344338074
plastic/plastic_0158.jpg,plastic,Recyclable,0.6482857665649598,0.6702243273372914,0.8801284338710393,0.20347725821964363,0.00608380778747669,0.637253713799252
plastic/plastic_0159.jpg,plastic,Recyclable,0.692764711108287,0.4334575947818107,0.7203495505677542,0.2199293717828179,0.03514112003638834,0.705195222151687
plastic/plastic_0160.jpg,plastic,Recyclable,0.5339826666806675,0.5183414673560031,0.6636096678471901,0.25622975410196186,0.03721370842737261,0.5833709379876372
plastic/plastic_0161.jpg,plastic,Recyclable,0.483092917080297,0.2633551847236525,0.8953937356886417,0.206790761378706,0.024820865557242236,0.69831336331867
plastic/plastic_0162.jpg,plastic,Recyclable,0.6709654359313163,0.4346102226014365,0.7676342123732949,0.2603840589142332,0.04568160553084574,0.6363861974879373
plastic/plastic_0163.jpg,plastic,Recyclable,0.47361047347327395,0.2959242191684638,0.7267221569236866,0.30186348984439987,0.01358751047386377,0.6013983272063432
plastic/plastic_0164.jpg,plastic,Recyclable,0.49272262214528467,0.4585045860200182,0.785632694374065,0.23361207137684487,0.04698647855621478,0.7730413025489307
plastic/plastic_0165.jpg,plastic,Recyclable,0.4211982661672803,0.4827592731142958,0.7533882740827165,0.2351049331683344,0.02618556770253389,0.6329824066455265
plastic/plastic_0166.jpg,plastic,Recyclable,0.5684367904502107,0.5172970206031917,0.8176746080324192,0.2111898217499426,0.007416007860593524,0.5348235762705572
plastic/plastic_0167.jpg,plastic,Recyclable,0.4816863761983426,0.6462068361898529,0.7524797855542854,0.1783972712533708,0.026398557236895468,0.6411708192566512
plastic/plastic_0168.jpg,plastic,Recyclable,0.534352541052062,0.590904596641209,0.8329476005335019,0.21820042409779147,0.011510481648164402,0.6097930788875452
plastic/plastic_0169.jpg,plastic,Recyclable,0.6199791697264206,0.41918523705468624,0.6924107898527511,0.24710081927593935,0.0,0.8247384481403922
plastic/plastic_0170.jpg,plastic,Recyclable,0.47274656689222155,0.43381352346422697,0.8154921640820683,0.2326805103592462,0.014199391970676148,0.6837461828928701
plastic/plastic_0171.jpg,plastic,Recyclable,0.6720972767037023,0.5267509081817298,0.8887108327144126,0.1872028535143899,0.026347252665107228,0.6624196841646623
plastic/plastic_0172.jpg,plastic,Recyclable,0.5780873033341388,0.5876231970635573,0.7867526510124768,0.22566979800675474,0.030679615948373276,0.5077437817947322
plastic/plastic_0173.jpg,plastic,Recyclable,0.5310518360702258,0.4365802310714547,0.7447784830215846,0.31342354068139466,0.0,0.6391301561308963
plastic/plastic_0174.jpg,plastic,Recyclable,0.5734525780258375,0.5853451561476118,0.7993666139071488,0.3061692156476926,0.03401190794554255,0.6598766044935315
plastic/plastic_0175.jpg,plastic,Recyclable,0.4628389273381236,0.3065419139095651,0.8063903240851512,0.21743818756584318,0.03838522183362583,0.7096685214478862
plastic/plastic_0176.jpg,plastic,Recyclable,0.5352311204450361,0.3342287076058731,0.8306441329764365,0.18892303323189097,0.0048307215413827004,0.5716467409427877
plastic/plastic_0177.jpg,plastic,Recyclable,0.5389199182448038,0.5670192334070562,0.7996975477865883,0.22340687845433826,0.0,0.6941699667783875
plastic/plastic_0178.jpg,plastic,Recyclable,0.48756763152570987,0.4617517619158097,0.7787468830450016,0.30029063317596627,0.016855272159428957,0.6452858916381559
plastic/plastic_0179.jpg,plastic,Recyclable,0.5888597717964368,0.6606940182263186,0.8533068158215134,0.24468363361908343,0.020063959812305767,0.6080112431740452
plastic/plastic_0180.jpg,plastic,Recyclable,0.4740003437184244,0.3947249212933678,0.7536710621772835,0.2892021030277531,0.0,0.7566568449104035
plastic/plastic_0181.jpg,plastic,Recyclable,0.6101637106895064,0.45205017293676686,0.8000191166879042,0.21656312142312678,0.025401688226955283,0.7370473970566871
plastic/plastic_0182.jpg,plastic,Recyclable,0.49374748301953497,0.29666079110812693,0.8421930952914047,0.269461958454628,0.0,0.5913286903268706
plastic/plastic_0183.jpg,plastic,Recyclable,0.4812716580759888,0.37754677309657514,0.7805790347575288,0.23400716174315517,0.006984126898630797,0.5893468944400058
plastic/plastic_0184.jpg,plastic,Recyclable,0.5316972524864495,0.46676915348595616,0.7810222078181094,0.3195200214004781,0.030161754288415728,0.5227323314513044
plastic/plastic_0185.jpg,plastic,Recyclable,0.5918982212331083,0.5105543982585583,0.7739159019125486,0.16028814476181066,0.02016133518822272,0.6493833078814205
plastic/plastic_0186.jpg,plastic,Recyclable,0.46026830107734445,0.3048780783740065,0.7947467872127937,0.23601536847695068,0.011654692693552128,0.6433271412202751
plastic/plastic_0187.jpg,plastic,Recyclable,0.46177789009437453,0.4065179387133886,0.8319995018368609,0.22900179517892266,0.0,0.6121846177821143
plastic/plastic_0188.jpg,plastic,Recyclable,0.46438732291945123,0.4767136296461731,0.8191302442028255,0.15047352249483814,0.03518025941164378,0.5610250958977153
plastic/plastic_0189.jpg,plastic,Recyclable,0.6747345832385881,0.44512237354993833,0.7252163900876503,0.1814808357584391,0.026961905835746897,0.6186960088081298
plastic/plastic_0190.jpg,plastic,Recyclable,0.5422676872305487,0.6112780232697039,0.7580453561462556,0.2535977714617424,0.048396889747461064,0.671641078037312
plastic/plastic_0191.jpg,plastic,Recyclable,0.4214717811713596,0.5005389011732136,0.7302198285329934,0.33440845172397793,0.0035426479000404444,0.8875607606196532
plastic/plastic_0192.jpg,plastic,Recyclable,0.6673900790662143,0.37033874303720216,0.8012008283000966,0.2952186568980078,0.03567320948453415,0.6853869007980958
plastic/plastic_0193.jpg,plastic,Recyclable,0.6501727229572889,0.43770310533656304,0.777996939885438,0.22918816072452336,0.037167464639442545,0.6792144832242117
plastic/plastic_0194.jpg,plastic,Recyclable,0.5733026932552205,0.5295234249257182,0.6769368555287687,0.268604129432509,0.024371377777474314,0.7835046465040565
plastic/plastic_0195.jpg,plastic,Recyclable,0.4277129614189067,0.6057186632376759,0.80452454773548,0.27933937183960267,0.05351837575218753,0.6948609014404459
plastic/plastic_0196.jpg,plastic,Recyclable,0.5820294631570049,0.47422911858023187,0.7709913119003374,0.24829065252937643,0.005689744677545027,0.6464346480459615
plastic/plastic_0197.jpg,plastic,Recyclable,0.3631255442355923,0.49290395675675486,0.7926957647729825,0.22982777579999414,0.024395161678802863,0.5353148861627648
plastic/plastic_0198.jpg,plastic,Recyclable,0.7043415997297027,0.43972325385124006,0.7912493340216686,0.19207622739202468,0.020478927648985224,0.7609567912218624
plastic/plastic_0199.jpg,plastic,Recyclable,0.6328732967545627,0.5354437751140556,0.8327839371000363,0.2284874483462434,0.0,0.6339168982506692
plastic/plastic_0200.jpg,plastic,Recyclable,0.5311302828373059,0.5548794439671241,0.8185634265475893,0.3467386916742129,0.043949770800763496,0.6134803512396724
plastic/plastic_0201.jpg,plastic,Recyclable,0.40638966427041057,0.5885575233941481,0.8815631133938446,0.16802730454586645,0.05018480039655002,0.6805693736474014
plastic/plastic_0202.jpg,plastic,Recyclable,0.5628548398500522,0.6114783254247327,0.8806811103938369,0.28907985711971224,0.02946434131623966,0.6993115432424287
plastic/plastic_0203.jpg,plastic,Recyclable,0.517995405289398,0.4444898550267679,0.7458609707243274,0.23001761345566488,0.01266732242662134,0.5991755704302668
plastic/plastic_0204.jpg,plastic,Recyclable,0.5609397202118771,0.4176019149299423,0.8301340832211185,0.1526607632023741,0.017732904117854005,0.6605241312141997
plastic/plastic_0205.jpg,plastic,Recyclable,0.5251496608130496,0.4327607300190769,0.7048852393562086,0.2713886262801695,0.03295211965134141,0.6894829835363013
plastic/plastic_0206.jpg,plastic,Recyclable,0.6330981647553747,0.47015296057825023,0.8287208708390563,0.25936544430741115,0.03375101439184988,0.5238216291094302
plastic/plastic_0207.jpg,plastic,Recyclable,0.47851352256175916,0.6086899657033091,0.6523738506742277,0.24158932421047935,0.04344549919216137,0.6425391467566588
plastic/plastic_0208.jpg,plastic,Recyclable,0.5175991142839442,0.46294216768153007,0.7788127891998533,0.25185096956541636,0.006332379269597408,0.738693953596458
plastic/plastic_0209.jpg,plastic,Recyclable,0.663861193685253,0.4366609677888378,0.7168106347585255,0.2185694097811963,0.016320226797940717,0.6904431101522567
plastic/plastic_0210.jpg,plastic,Recyclable,0.46935894214634577,0.3730837681357849,0.8306405682715284,0.3063345299223735,0.007568119096586317,0.5433426356839204
plastic/plastic_0211.jpg,plastic,Recyclable,0.8127294561030307,0.5283304237088714,0.7839797742939781,0.3021418765318504,0.017510867405711558,0.7193725511280149
plastic/plastic_0212.jpg,plastic,Recyclable,0.5627514558220978,0.4591271898167573,0.7931850879061527,0.1631571199922146,0.0587618979878628,0.5746772863785805
plastic/plastic_0213.jpg,plastic,Recyclable,0.4411981138951525,0.4287140117243633,0.7423116911893697,0.24689723256638374,0.03375527697123537,0.7296242320423378
plastic/plastic_0214.jpg,plastic,Recyclable,0.6151784577297346,0.419436794521432,0.8029755096596952,0.27447274305384944,0.0,0.6956467760095888
plastic/plastic_0215.jpg,plastic,Recyclable,0.43341605699329355,0.654034659890649,0.7757290949214983,0.23890748936832454,0.004605858015242891,0.5996023974515449
plastic/plastic_0216.jpg,plastic,Recyclable,0.7319274855314593,0.5440369688623298,0.7070478532911297,0.34025277404111376,0.04386484550282863,0.627503003016937
plastic/plastic_0217.jpg,plastic,Recyclable,0.5745357553623871,0.4485055920578926,0.918354794266816,0.20222258866047457,0.022920212195514537,0.6157483735205757
plastic/plastic_0218.jpg,plastic,Recyclable,0.43535676763057174,0.6691638255054988,0.7291060052538553,0.26320775124926654,0.0,0.6180743568605526
plastic/plastic_0219.jpg,plastic,Recyclable,0.5837575057146767,0.36752660204976373,0.8352081110441394,0.23385753448671506,0.04320165024797226,0.7589408730672179
plastic/plastic_0220.jpg,plastic,Recyclable,0.5030604191415992,0.4576732859392957,0.811007253588334,0.2871609577260819,0.020287639924885314,0.6652168767474274
plastic/plastic_0221.jpg,plastic,Recyclable,0.5305274820163904,0.46152398669720185,0.8778764116121079,0.28876499447271126,0.034025112788867384,0.7078456259308463
plastic/plastic_0222.jpg,plastic,Recyclable,0.5376952977695172,0.48188270435795305,0.7348895792998553,0.3261284593790174,0.0,0.643028128613166
plastic/plastic_0223.jpg,plastic,Recyclable,0.641271678172022,0.3136132066370658,0.8239867950570111,0.2091540132052584,0.012623934696222626,0.7256752768511551
plastic/plastic_0224.jpg,plastic,Recyclable,0.565844554070812,0.24656441321156372,0.7414144676161042,0.30852014409332557,0.028978854363859954,0.7898508458019428
plastic/plastic_0225.jpg,plastic,Recyclable,0.6846118075210639,0.41577548698532085,0.9501942683041693,0.2514687801911146,0.0007466293118194925,0.5993088107271538
plastic/plastic_0226.jpg,plastic,Recyclable,0.36946199157684656,0.6107019008249281,0.8956857193426319,0.18906955367120074,0.015442314232361882,0.6576486035290062
plastic/plastic_0227.jpg,plastic,Recyclable,0.4731717558286309,0.27448979687288383,0.7873785437733853,0.23073523423244519,0.012231775180224497,0.6678172850080772
plastic/plastic_0228.jpg,plastic,Recyclable,0.6643615726820794,0.4196907280308274,0.8102265799232818,0.29361223142469617,0.031082858530254977,0.6008461180441727
plastic/plastic_0229.jpg,plastic,Recyclable,0.5577101698491229,0.5047539820169054,0.7322989197493533,0.32581234064779047,0.04863177810428222,0.5921775795644405
plastic/plastic_0230.jpg,plastic,Recyclable,0.5654936014678535,0.5142278256671031,0.7672631506202748,0.2788968307412857,0.023265112525843307,0.532566545788896
plastic/plastic_0231.jpg,plastic,Recyclable,0.5867329052782847,0.3399857583728964,0.8563521710997228,0.20972733549196668,0.0167742913267771,0.759782313075726
plastic/plastic_0232.jpg,plastic,Recyclable,0.5897105317223077,0.34205260804254545,0.7391050057520551,0.21404183268257648,0.027892881667133322,0.6786639851946215
plastic/plastic_0233.jpg,plastic,Recyclable,0.4825518156269705,0.33327905143856407,0.81689500430515,0.23908839605259027,0.06314431774895475,0.6529282925250464
plastic/plastic_0234.jpg,plastic,Recyclable,0.695140226216022,0.332961640189566,0.7056072236262976,0.18279489204846794,0.043782595629069325,0.7904881271754828
plastic/plastic_0235.jpg,plastic,Recyclable,0.4874256436837893,0.40394339702404425,0.7298611453872501,0.14130160917289677,0.034368233955532596,0.667841624236973
plastic/plastic_0236.jpg,plastic,Recyclable,0.55083903861391,0.309994346283662,0.8983974009097196,0.21979859571703161,0.030672528496329517,0.5336350875804221
plastic/plastic_0237.jpg,plastic,Recyclable,0.534757984830397,0.4791374456238584,0.8196245130831985,0.2592789125941975,0.029890449840975452,0.5595583635173631
plastic/plastic_0238.jpg,plastic,Recyclable,0.5657898084351729,0.46137576834802774,0.8139003610517037,0.2543407130391509,0.0,0.5445760198312821
plastic/plastic_0239.jpg,plastic,Recyclable,0.3728585451292359,0.5317534509845298,0.849659450584112,0.30061301747332725,0.026135799249229034,0.47935046258255115
plastic/plastic_0240.jpg,plastic,Recyclable,0.46786316065717876,0.46704154175931123,0.8081310801675078,0.23663510721087871,0.027378344058164934,0.6509321366148196
plastic/plastic_0241.jpg,plastic,Recyclable,0.559661637244109,0.3860934667167984,0.8589206591672954,0.22415370347917696,0.0,0.5883200789745018
plastic/plastic_0242.jpg,plastic,Recyclable,0.5221227046910416,0.5494002788368847,0.7974639200939124,0.23883110686206105,0.0,0.7128386071863662
plastic/plastic_0243.jpg,plastic,Recyclable,0.4978438276781292,0.4399972141058664,0.888810984612912,0.2805257998629583,0.0,0.5084391810918023
plastic/plastic_0244.jpg,plastic,Recyclable,0.5448551639904604,0.3287259385125195,0.8389128048579799,0.25253578389789877,0.02330769538047726,0.5934605454686118
plastic/plastic_0245.jpg,plastic,Recyclable,0.6893106924229365,0.734259372801046,0.7832849165745972,0.27118235490490006,0.02194834686128625,0.6292250509247145
plastic/plastic_0246.jpg,plastic,Recyclable,0.4834343625813763,0.34150320125195227,0.7318641640684685,0.2743144015329487,0.009606510435927293,0.4437365719887576
plastic/plastic_0247.jpg,plastic,Recyclable,0.5855886576478658,0.4461738717535844,0.8808003800840688,0.27238734382546054,0.0,0.4716258687416015
plastic/plastic_0248.jpg,plastic,Recyclable,0.49244220925296506,0.3874892579306347,0.8565895520600101,0.2494677440626256,0.04267376996197018,0.5440133555437893
plastic/plastic_0249.jpg,plastic,Recyclable,0.6272211507504359,0.5220989153430919,0.6789059533141283,0.32935707047564633,0.021869169835327055,0.6813635603094805
plastic/plastic_0250.jpg,plastic,Recyclable,0.48080831100572624,0.5775247012921972,0.7288488602456679,0.29992552110243675,0.036412149518173426,0.5720666057462223
plastic/plastic_0251.jpg,plastic,Recyclable,0.708669887953806,0.47315284802175195,0.8392335566162615,0.15837275227985464,0.062354600060171295,0.5520354447819928
plastic/plastic_0252.jpg,plastic,Recyclable,0.6319909146212744,0.35052282820683045,0.7628606718291391,0.2973252426331268,0.04055105427350315,0.5482972600708719
plastic/plastic_0253.jpg,plastic,Recyclable,0.6372377735245596,0.5544980495133194,0.7437227954693065,0.3459188556154666,0.0,0.6000181933777908
plastic/plastic_0254.jpg,plastic,Recyclable,0.5883202099273591,0.36464337152973936,0.8158291451407605,0.2644645647281977,0.01625851460154559,0.7165920430872448
plastic/plastic_0255.jpg,plastic,Recyclable,0.5317311365873889,0.4731541068813806,0.8687883126492741,0.29744117260155045,0.03572034581628417,0.5580656318226576
plastic/plastic_0256.jpg,plastic,Recyclable,0.5919834060401058,0.36215012090304954,0.7231151012133185,0.2456976192229019,0.001914096266968205,0.7132494175071982
plastic/plastic_0257.jpg,plastic,Recyclable,0.615162836775626,0.2597373763568558,0.7503018476253867,0.16241279968492006,0.010747414468142187,0.686414053589506
plastic/plastic_0258.jpg,plastic,Recyclable,0.530616952145729,0.3910240759332865,0.8780105916087884,0.11170856964422268,0.044737437870364494,0.6064569365475612
plastic/plastic_0259.jpg,plastic,Recyclable,0.5437512791909769,0.39726366622798914,0.8925732863323471,0.17614129019168445,0.02023472739443872,0.6921950921487998
plastic/plastic_0260.jpg,plastic,Recyclable,0.42111977856918664,0.35801018295538467,0.7911092879901063,0.19680009791893752,0.0036881645756170027,0.622010986953885
plastic/plastic_0261.jpg,plastic,Recyclable,0.6019665065316939,0.4157282223121856,0.8647055716683768,0.1901345330404387,0.0,0.8041076324576908
plastic/plastic_0262.jpg,plastic,Recyclable,0.4973633497867591,0.31890879929278404,0.6954767634936903,0.31450620722853634,0.013173909706798815,0.6297032211946881
plastic/plastic_0263.jpg,plastic,Recyclable,0.5372638630730688,0.5512942884669781,0.7892282099614448,0.39064322672995755,0.022675211481084586,0.7349427813566657
plastic/plastic_0264.jpg,plastic,Recyclable,0.6144191886323526,0.4463552679741962,0.7647817408387723,0.2699178357139932,0.03020197462414546,0.6041931161498778
plastic/plastic_0265.jpg,plastic,Recyclable,0.5633071092760525,0.5736204978259596,0.9241968643441808,0.3012621592209653,0.05725519372760565,0.5996500631034836
plastic/plastic_0266.jpg,plastic,Recyclable,0.6061505801647435,0.5838519508581272,0.7462200000216803,0.22086459327729946,0.05475809523670501,0.5719920915370449
plastic/plastic_0267.jpg,plastic,Recyclable,0.4427095973875432,0.6027981573639511,0.8718057934988264,0.27592721463902614,0.01908578490708345,0.6149180395516015
plastic/plastic_0268.jpg,plastic,Recyclable,0.5725559099047242,0.607980695740155,0.8143139675685246,0.3800175560348179,0.0020411602871953927,0.6484255396537385
plastic/plastic_0269.jpg,plastic,Recyclable,0.5201553065868868,0.3414858456837667,0.7908149760194207,0.2750397580996264,0.0304846035990406,0.8236361743155645
plastic/plastic_0270.jpg,plastic,Recyclable,0.5871573975778848,0.5650136803679616,0.8039656547779386,0.35068333602715573,0.0679689857117614,0.692486810478076
plastic/plastic_0271.jpg,plastic,Recyclable,0.4705872787638735,0.39511949772228316,0.8169160581923097,0.27738988211503873,0.03396850268768744,0.6868158144984033
plastic/plastic_0272.jpg,plastic,Recyclable,0.5505587933004752,0.38638015587978713,0.8240682956758538,0.3612992414488394,0.040398572108555096,0.6927763159708958
plastic/plastic_0273.jpg,plastic,Recyclable,0.6323653539058202,0.41289359710991475,0.7695040912350009,0.20513289373804108,0.017494267544611242,0.6162395282632736
plastic/plastic_0274.jpg,plastic,Recyclable,0.6466619792521712,0.4024676582317811,0.751836697026505,0.3665546307298379,0.010972495378373128,0.6622822765800281
plastic/plastic_0275.jpg,plastic,Recyclable,0.5861058259794729,0.3363306881079185,0.8741290261701842,0.2882271424246737,0.051167680237615636,0.5956622450225519
plastic/plastic_0276.jpg,plastic,Recyclable,0.5579300633980928,0.45393557549941954,0.8158333096610013,0.16272311508537035,0.02221672757384445,0.5358828870861004
plastic/plastic_0277.jpg,plastic,Recyclable,0.5786667256957537,0.23713508754814802,0.6889047899425649,0.2991129229863999,0.009063230896104347,0.5709713541094208
plastic/plastic_0278.jpg,plastic,Recyclable,0.6516676496860438,0.4827626217328415,0.852325411732027,0.24002547566075016,0.07359257387800006,0.6016388911552164
plastic/plastic_0279.jpg,plastic,Recyclable,0.6895596439487911,0.44386339599000874,0.7007293763052352,0.2789709247448865,0.026295251229103273,0.5658942548608616
plastic/plastic_0280.jpg,plastic,Recyclable,0.47622245782922284,0.4475302356915008,0.820984868914879,0.10176020302723596,0.04106242905047606,0.6104401620948018
plastic/plastic_0281.jpg,plastic,Recyclable,0.44346020124814595,0.5441066551451931,0.7985829212348927,0.32296994660693523,0.02875904525959511,0.6498788397641564
plastic/plastic_0282.jpg,plastic,Recyclable,0.5377816044015875,0.4982712760556138,0.7751881244714403,0.19884564467521004,0.03219818245309288,0.6384409726844457
plastic/plastic_0283.jpg,plastic,Recyclable,0.5526854118455206,0.5589379836154608,0.7931674035358556,0.25090203553250745,0.008007009770981361,0.6844591947185481
plastic/plastic_0284.jpg,plastic,Recyclable,0.5779862330144071,0.5400775131790558,0.7652522697795875,0.22253098182458886,0.03584274798290939,0.6701770402690291
plastic/plastic_0285.jpg,plastic,Recyclable,0.47750254990458446,0.5806554067734501,0.698092965895985,0.2970570851958251,0.0,0.8008630813188422
plastic/plastic_0286.jpg,plastic,Recyclable,0.4264320218475502,0.5652250651872749,0.7951019383993254,0.22800384580967537,0.023707933129355225,0.7005520271326251
plastic/plastic_0287.jpg,plastic,Recyclable,0.4776479598135305,0.36842122748314277,0.8389762919067731,0.14755942278102402,0.008315418136158293,0.8932549563327553
plastic/plastic_0288.jpg,plastic,Recyclable,0.4725589628328576,0.5647802791759753,0.7648429538771713,0.28054270868782866,0.03308711381192435,0.7403165388146358
plastic/plastic_0289.jpg,plastic,Recyclable,0.533979693854978,0.6488884638754853,0.7646398061248892,0.2640532248159736,0.024905538644352153,0.5602425504040468
plastic/plastic_0290.jpg,plastic,Recyclable,0.5271302196016704,0.4661513499238407,0.7740727374122348,0.39645543792739213,0.003227526528009384,0.7443539574512342
plastic/plastic_0291.jpg,plastic,Recyclable,0.618516785051903,0.4486137865495729,0.7480874567688652,0.2039046807764938,0.009640654015669806,0.507140697444299
plastic/plastic_0292.jpg,plastic,Recyclable,0.4697227659360568,0.30175234846363574,0.8807525001906631,0.2871077435432931,0.03571948197730921,0.6971065561233558
plastic/plastic_0293.jpg,plastic,Recyclable,0.5633574098667331,0.5960680332129137,0.7633542406560958,0.2564001793220227,0.03494117655648246,0.5443032614515098
plastic/plastic_0294.jpg,plastic,Recyclable,0.797727111691404,0.4528565762777586,0.8085193670345356,0.3254126819004953,0.038299106660204474,0.6530462415517168
plastic/plastic_0295.jpg,plastic,Recyclable,0.5604103550478434,0.2995851469052021,0.7666120533290015,0.28103261296953763,0.028877856780857733,0.747693260000327
plastic/plastic_0296.jpg,plastic,Recyclable,0.5403599153421341,0.3112713486569134,0.8634038258465407,0.33616536077092096,0.03796489145712459,0.6369093063314007
plastic/plastic_0297.jpg,plastic,Recyclable,0.6335508841501264,0.7928910478008213,0.8069091388664286,0.17129579846529253,0.00827429900895696,0.7000380800243241
plastic/plastic_0298.jpg,plastic,Recyclable,0.421615655128155,0.46694030749120696,0.822820199018953,0.34210730438875914,0.04620389712108601,0.7191667833401417
plastic/plastic_0299.jpg,plastic,Recyclable,0.3769856791588377,0.5421053128047926,0.8423308031636149,0.2653566626247008,0.0,0.5878580872650352
plastic/plastic_0300.jpg,plastic,Recyclable,0.45665417843727474,0.24849915604929093,0.7998250909151123,0.2021306727134332,0.07250611160537823,0.6364982448449673
plastic/plastic_0301.jpg,plastic,Recyclable,0.6535002524692769,0.29309009753067755,0.7681946248397079,0.2558138725620589,0.0018369210278465914,0.6162239452156205
plastic/plastic_0302.jpg,plastic,Recyclable,0.532563927500517,0.42660920145551057,0.9113071143821209,0.2726935771258906,0.029590211258826066,0.6931723819476057
plastic/plastic_0303.jpg,plastic,Recyclable,0.599010110186969,0.4417113016125135,0.7807552177112693,0.26000896357109665,0.04313607897826946,0.7400990550749107
plastic/plastic_0304.jpg,plastic,Recyclable,0.5307681219449272,0.5267843694668112,0.78832492021762,0.25203223296611466,0.010529532368916053,0.6354683888875013
plastic/plastic_0305.jpg,plastic,Recyclable,0.6573064055639745,0.4592421147339236,0.8081169505131391,0.1631669332445225,0.013815121847345409,0.6306948077004217
plastic/plastic_0306.jpg,plastic,Recyclable,0.48366852116452763,0.4521665411703564,0.7742490625863407,0.2547997513146149,0.02243006019637869,0.5735396513741885
plastic/plastic_0307.jpg,plastic,Recyclable,0.5181038574013449,0.4577374282760834,0.8710579658694035,0.2654031503677444,0.0067612964016514464,0.6819203807395082
plastic/plastic_0308.jpg,plastic,Recyclable,0.6866039111457409,0.5416706472589019,0.8328515918261372,0.2935354105289393,0.048799080828572615,0.7360501435214128
plastic/plastic_0309.jpg,plastic,Recyclable,0.5953408304894127,0.5568642219590085,0.7351009342241563,0.15986408485958314,0.023141973012876602,0.6554944567720431
plastic/plastic_0310.jpg,plastic,Recyclable,0.5064871957189394,0.532585266982771,0.6882281848129259,0.21791366463653178,0.010300889102447702,0.5190958571920432
plastic/plastic_0311.jpg,plastic,Recyclable,0.6695784805815443,0.3140798731336677,0.7646995965615389,0.30447878546830803,0.03292090686857463,0.5613460242812203
plastic/plastic_0312.jpg,plastic,Recyclable,0.604599136740851,0.4789784478658222,0.939982133726688,0.2742364249640983,0.017175163578629363,0.5814798434304462
plastic/plastic_0313.jpg,plastic,Recyclable,0.4904605306435543,0.3674230904531842,0.8822659288347153,0.25107819490098826,0.0313049424794946,0.771139807998471
plastic/plastic_0314.jpg,plastic,Recyclable,0.36132286862340285,0.5778873764700375,0.8033238147070001,0.27610290229842666,0.0034319355650349777,0.5895900481241185
plastic/plastic_0315.jpg,plastic,Recyclable,0.589107671185039,0.6884597800331469,0.8601987987688942,0.3259313752851124,0.016159974594771604,0.6019836620331498
plastic/plastic_0316.jpg,plastic,Recyclable,0.48753560387368056,0.4011726275303312,0.6768330540097686,0.20650483942650388,0.008792936878803137,0.6359713460484128
plastic/plastic_0317.jpg,plastic,Recyclable,0.5605400087797834,0.48624508686256107,0.7991044776534224,0.21511341481943458,0.0,0.6039753113278565
plastic/plastic_0318.jpg,plastic,Recyclable,0.47220394898503965,0.49660667482786036,0.8545572438016217,0.30631426402359635,0.035139054722556406,0.6393179411638009
plastic/plastic_0319.jpg,plastic,Recyclable,0.5082435547619283,0.37528972463329335,0.7095500650038951,0.30951122203047143,0.016505779241400512,0.5502927765103302
plastic/plastic_0320.jpg,plastic,Recyclable,0.4838806899431813,0.3633026543567448,0.8025814691009077,0.31404807106424115,0.013040209008088336,0.4697973188173081
plastic/plastic_0321.jpg,plastic,Recyclable,0.5348655731872864,0.43438060999028044,0.7865047861438688,0.2123523300114579,0.024348781614516847,0.6552912892119201
plastic/plastic_0322.jpg,plastic,Recyclable,0.5480135748698682,0.4912641361442966,0.7742100306111288,0.2208048598179608,0.047602465791708,0.6947484327772349
plastic/plastic_0323.jpg,plastic,Recyclable,0.616155684875424,0.5726104585334069,0.8315566508374881,0.30570332074817025,0.0,0.6663323097596822
plastic/plastic_0324.jpg,plastic,Recyclable,0.5353825230548539,0.617768409089981,0.8556587319081981,0.21217328855240922,0.027455883170584117,0.6634145066759392
plastic/plastic_0325.jpg,plastic,Recyclable,0.5863465146521784,0.34811575306253484,0.8216009879142936,0.23631091904270593,0.02564899528111201,0.5920491867902264
plastic/plastic_0326.jpg,plastic,Recyclable,0.5031949462882721,0.5673842020366703,0.7369071464995904,0.1913347359374771,0.01896837485568844,0.5882487699851237
plastic/plastic_0327.jpg,plastic,Recyclable,0.47919770941897616,0.4605075971208295,0.7096960485857777,0.18952226590518173,0.06108191165847286,0.6867580047175208
plastic/plastic_0328.jpg,plastic,Recyclable,0.49027493181840714,0.4918215078266197,0.8340398286191978,0.3096648652054143,0.017456879410865392,0.7281198162218312
plastic/plastic_0329.jpg,plastic,Recyclable,0.3869242780094262,0.3443691869524247,0.8098322841041874,0.2697780119684675,0.0017643542466271658,0.6707535993010527
plastic/plastic_0330.jpg,plastic,Recyclable,0.5000927801050192,0.42230409057728346,0.8614864280399007,0.30453624981331595,5.879345273475042e-05,0.5654198830383917
plastic/plastic_0331.jpg,plastic,Recyclable,0.5171061283557348,0.4473253698827075,0.7605260906855156,0.3124385465679801,0.026947796834171107,0.6824868087899544
plastic/plastic_0332.jpg,plastic,Recyclable,0.44867689368440233,0.5667290717383779,0.6307898706655586,0.30004332711096215,0.03868623475341543,0.6154079050177631
plastic/plastic_0333.jpg,plastic,Recyclable,0.6518328173797939,0.44369024470456536,0.8037459021996466,0.27037172724425296,0.0837314982362211,0.7575547126466404
plastic/plastic_0334.jpg,plastic,Recyclable,0.6060904960570335,0.35871955133988054,0.8086153895287695,0.2012125543692168,0.03644221694565626,0.6612373580587886
plastic/plastic_0335.jpg,plastic,Recyclable,0.46003826563088845,0.4581124583418503,0.7490349518170217,0.2590729732802528,0.0028184536726948706,0.6521990106688651
plastic/plastic_0336.jpg,plastic,Recyclable,0.6100375889548076,0.4446948008074894,0.7765467039696567,0.26219657326344775,0.03394365241585706,0.5614253384094592
plastic/plastic_0337.jpg,plastic,Recyclable,0.5708524923764162,0.5817540819017399,0.834419417796603,0.2534652488000337,0.032794750133977896,0.6861997164882147
plastic/plastic_0338.jpg,plastic,Recyclable,0.6102880887327852,0.24760683890170557,0.7067926319802041,0.3102897489689942,0.0,0.6821230908575364
plastic/plastic_0339.jpg,plastic,Recyclable,0.5218360275174168,0.3503810754404003,0.8209789854288485,0.26206201022299425,0.06220685304192755,0.6000151036371288
plastic/plastic_0340.jpg,plastic,Recyclable,0.665208809605534,0.48524229143843145,0.7603386871074373,0.2979547874510347,0.03131477008907903,0.652867463588644
plastic/plastic_0341.jpg,plastic,Recyclable,0.57130362851525,0.39030129689544685,0.7504527724847296,0.295566530429355,0.01552121151373452,0.6435933601400726
plastic/plastic_0342.jpg,plastic,Recyclable,0.5723857276755422,0.47652883447838085,0.7142404117415562,0.3271751251872915,0.022423643038013565,0.633787738974228
plastic/plastic_0343.jpg,plastic,Recyclable,0.5844676804135798,0.47365421936148633,0.8460237613693822,0.2822790203290565,0.034356924579925334,0.7580795124582013
plastic/plastic_0344.jpg,plastic,Recyclable,0.6206899639176778,0.4339513779671437,0.73262593063539,0.3500678759802709,0.015245532533057746,0.6121514069311582
plastic/plastic_0345.jpg,plastic,Recyclable,0.4110618545788449,0.48384731053121116,0.8089331962372263,0.15909310382503117,0.029065480842663517,0.6101446463438849
plastic/plastic_0346.jpg,plastic,Recyclable,0.7652252005830955,0.3930638807909132,0.7738884000681324,0.19751342654473794,0.045557530420839445,0.6201779364428198
plastic/plastic_0347.jpg,plastic,Recyclable,0.4920068676987603,0.5206955009920543,0.7171788238752089,0.2875066327749368,0.05562799433201715,0.6953286266268072
plastic/plastic_0348.jpg,plastic,Recyclable,0.601031865300794,0.5370060216907484,0.9025824817205311,0.32259363760114623,0.028793394445460474,0.7223113120508802
plastic/plastic_0349.jpg,plastic,Recyclable,0.4791252059627912,0.5276293590747322,0.7396666417289752,0.2279786548821024,0.0,0.682114372749397
plastic/plastic_0350.jpg,plastic,Recyclable,0.49849023911133183,0.5611145215204463,0.8234115566363243,0.3174457536820975,0.0,0.7330708829727707
plastic/plastic_0351.jpg,plastic,Recyclable,0.7184685075490662,0.5264158299931895,0.8474209405215374,0.26017586058369613,0.009506624388692715,0.7108953898161208
plastic/plastic_0352.jpg,plastic,Recyclable,0.42951336716783456,0.4082244875079184,0.6937365918597691,0.20778061736109504,0.03284090183787122,0.6904314700976371
plastic/plastic_0353.jpg,plastic,Recyclable,0.5540730956428379,0.46704009940620106,0.6868481229281475,0.2276462631657451,0.006372967871295801,0.5972752247588368
plastic/plastic_0354.jpg,plastic,Recyclable,0.5979662902251003,0.363949267349469,0.7637191489923554,0.12477584525742902,0.014117536392476608,0.5629729961829104
plastic/plastic_0355.jpg,plastic,Recyclable,0.5563362342951715,0.3548891953257535,0.806272534732953,0.2413188543554594,0.05344083546084641,0.6897774384362555
plastic/plastic_0356.jpg,plastic,Recyclable,0.4028289701950158,0.32351111558972917,0.8033124805395401,0.19420912309644095,0.0,0.7579637051066995
plastic/plastic_0357.jpg,plastic,Recyclable,0.6076179213524326,0.5020976873491771,0.7635606172717452,0.2756606062605958,0.005912793515582368,0.6663885840174153
plastic/plastic_0358.jpg,plastic,Recyclable,0.4763533419330819,0.6016288450556014,0.7057858007550893,0.32393702977064986,0.020778316560346607,0.6108426403726408
plastic/plastic_0359.jpg,plastic,Recyclable,0.5633602337356591,0.5233348007178181,0.8820048042016638,0.2687885813880119,0.0021860782947544545,0.6544504099012631
plastic/plastic_0360.jpg,plastic,Recyclable,0.6953434589329899,0.5847678085512624,0.8545258086874615,0.2977412212073432,0.03398900181213084,0.7427003867607896
plastic/plastic_0361.jpg,plastic,Recyclable,0.5134696971422477,0.31449139342249943,0.8041402100442238,0.20094510479333855,0.0,0.5923777138729655
plastic/plastic_0362.jpg,plastic,Recyclable,0.7488251139626949,0.46361246340758444,0.8217144701816593,0.17665823157974475,0.0,0.5844757885504955
plastic/plastic_0363.jpg,plastic,Recyclable,0.6650556468166999,0.48342754660765214,0.8359157054866636,0.2943139623521237,0.008173012404034445,0.7610372467178694
plastic/plastic_0364.jpg,plastic,Recyclable,0.4993753920622255,0.5906232359262553,0.8265381293681204,0.14265729074522066,0.0050398102679893,0.5072049173702317
plastic/plastic_0365.jpg,plastic,Recyclable,0.6430625706235368,0.4475264579197599,0.6662994536030132,0.2725448129031795,0.0092567147522336,0.5312955315973341
plastic/plastic_0366.jpg,plastic,Recyclable,0.6842372669574959,0.4607285866096579,0.7823941158612013,0.22603451314083897,0.0,0.5456360880332712
plastic/plastic_0367.jpg,plastic,Recyclable,0.6527933427900067,0.4026117130214281,0.8013240620562119,0.12734017142793552,0.0,0.6987850015899802
plastic/plastic_0368.jpg,plastic,Recyclable,0.5802169408091067,0.6253375198724316,0.8805773798978737,0.23615734165091062,0.02945907129426542,0.6246717245677541
plastic/plastic_0369.jpg,plastic,Recyclable,0.714384785491092,0.56490146960524,0.8101811054514652,0.26202368709258106,0.04889700574519616,0.6963662277691078
plastic/plastic_0370.jpg,plastic,Recyclable,0.674690241365607,0.23063520737411264,0.827673695689928,0.2190739081191169,0.055127559752559854,0.7737118949751863
plastic/plastic_0371.jpg,plastic,Recyclable,0.5526268647281046,0.6035630978811032,0.9069868711995503,0.25446440031556883,0.06943867544863715,0.6474927077864222
plastic/plastic_0372.jpg,plastic,Recyclable,0.5328383239731274,0.5365872588584344,0.7787725561314612,0.25512038654769364,0.0481886884810182,0.6515375081773817
plastic/plastic_0373.jpg,plastic,Recyclable,0.41439857656197543,0.48673193878491966,0.7582223852568564,0.30191626943767275,0.03392379431652491,0.7677120278533218
plastic/plastic_0374.jpg,plastic,Recyclable,0.6226025840634158,0.5590244283658065,0.7598541943917373,0.29823918975343017,0.059369025787205806,0.5949080073090587
plastic/plastic_0375.jpg,plastic,Recyclable,0.693979063338168,0.39506499087986696,0.7488817252970016,0.2677720266012903,0.03431820832257619,0.7229400099177812
plastic/plastic_0376.jpg,plastic,Recyclable,0.4730590063381439,0.4934540097254291,0.7588667257109898,0.1606646646357654,0.001425273689344305,0.5899279707235345
plastic/plastic_0377.jpg,plastic,Recyclable,0.5917276128282006,0.5652213663068668,0.7116076022074841,0.27111766445248336,0.0,0.7003268327211201
plastic/plastic_0378.jpg,plastic,Recyclable,0.5001815535197002,0.34486709819767214,0.8479798709208546,0.2147846436732943,0.013680720972946035,0.47240087299548994
plastic/plastic_0379.jpg,plastic,Recyclable,0.625724108913878,0.5320908521169108,0.8003274706568789,0.15834514351865447,0.044187383566695264,0.5966989290911368
plastic/plastic_0380.jpg,plastic,Recyclable,0.513731723991953,0.6812044056359532,0.7577818133534463,0.29453259774559004,0.03124184524165235,0.6812137754304068
plastic/plastic_0381.jpg,plastic,Recyclable,0.572560043404361,0.48763885618891994,0.8163164354564325,0.24688489847343634,0.05022566248221484,0.5449871551360578
plastic/plastic_0382.jpg,plastic,Recyclable,0.6317166483212302,0.5322342298687552,0.8419039472797641,0.3170187656584077,0.01814801209463214,0.5004820739338499
plastic/plastic_0383.jpg,plastic,Recyclable,0.5442165872228412,0.3508805782375446,0.7560884474085162,0.1754548195700553,0.010453102831123313,0.6022701044813241
plastic/plastic_0384.jpg,plastic,Recyclable,0.35979441360583186,0.5200221911282289,0.9332193114802929,0.2863742316097773,0.015941520869315447,0.6456202883459028
plastic/plastic_0385.jpg,plastic,Recyclable,0.5163211305589459,0.45900415838669584,0.797779514355606,0.19953709417610233,0.05365776777895663,0.5310276611432183
plastic/plastic_0386.jpg,plastic,Recyclable,0.6074665234555398,0.4398802372682468,0.9140499089039448,0.2704518759548933,0.012801889256335035,0.6301834241252402
plastic/plastic_0387.jpg,plastic,Recyclable,0.553192535561581,0.3357209305003599,0.7539878284929253,0.14290336184848856,0.001540462032518123,0.657512518532836
plastic/plastic_0388.jpg,plastic,Recyclable,0.5740140039427617,0.25206703050035983,0.791767297817348,0.2838045970493279,0.016741756132475295,0.5992969083377759
plastic/plastic_0389.jpg,plastic,Recyclable,0.517027108396143,0.3959236645022778,0.7617961664535167,0.2604294115146909,0.06615376455470902,0.5905040066475854
plastic/plastic_0390.jpg,plastic,Recyclable,0.5245485893870859,0.44483020606247686,0.7587587339385025,0.3158941482114056,0.0,0.607515266369706
plastic/plastic_0391.jpg,plastic,Recyclable,0.615465098905597,0.42059056916113663,0.7507496624689826,0.2764454052663258,0.03812686470794304,0.6668508356172047
plastic/plastic_0392.jpg,plastic,Recyclable,0.4859023712149694,0.49562033191517435,0.7758770419835126,0.29471121291362967,0.049665177697131815,0.44155385954491744
plastic/plastic_0393.jpg,plastic,Recyclable,0.5588853978556506,0.2764266063052373,0.9465073151197863,0.22191252797222857,0.03492746483650745,0.6471746512324084
plastic/plastic_0394.jpg,plastic,Recyclable,0.4857532335424753,0.3577946952822573,0.8951407503860456,0.30735628361069867,0.058871681747551266,0.6544362668126159
plastic/plastic_0395.jpg,plastic,Recyclable,0.5730335696996801,0.4232808434344712,0.7827750678130995,0.1874867840513579,0.021680203818487027,0.5868602724091042
plastic/plastic_0396.jpg,plastic,Recyclable,0.5853527137731362,0.46700102189802095,0.8172609226205434,0.35050779638141355,0.019245641004688178,0.7105381602282743
plastic/plastic_0397.jpg,plastic,Recyclable,0.7141207571268465,0.5806617069295048,0.8691901819072907,0.23159870706877,0.024592861111355935,0.5445378966376047
plastic/plastic_0398.jpg,plastic,Recyclable,0.5899131520771532,0.4774460177613842,0.8014031075093709,0.3116316872945716,0.0,0.7807890280928278
plastic/plastic_0399.jpg,plastic,Recyclable,0.6221411750352228,0.4429366020348026,0.7910762247309564,0.27883667291491565,0.05041702464127559,0.6581286174952009
plastic/plastic_0400.jpg,plastic,Recyclable,0.5615224721583382,0.45181184776258715,0.9069214467620884,0.22786701382377858,0.019409848027618574,0.7670748523408796
plastic/plastic_0401.jpg,plastic,Recyclable,0.5617608666890291,0.5637058860045523,0.7453231965858226,0.23768244870228916,0.049688680768804575,0.5958928227389164
plastic/plastic_0402.jpg,plastic,Recyclable,0.5378960768184234,0.47566852308914787,0.7406507289204208,0.22517139288268617,0.022252733636512808,0.653734538732957
plastic/plastic_0403.jpg,plastic,Recyclable,0.6524281616669709,0.6041457194832254,0.7486349076799453,0.25667611115004935,0.03348496616849531,0.7713077972639358
plastic/plastic_0404.jpg,plastic,Recyclable,0.6074792237853704,0.47909134015923316,0.8399925519189579,0.2904261300601756,0.0014457141543126328,0.6654239034005015
plastic/plastic_0405.jpg,plastic,Recyclable,0.6667328795350953,0.42926432313059953,0.8077667985528467,0.23544901302843868,0.0,0.6516472141787744
plastic/plastic_0406.jpg,plastic,Recyclable,0.5741433544522299,0.3987506609119098,0.7307217830669164,0.19716361241310104,0.03528375232271128,0.8078019818437524
plastic/plastic_0407.jpg,plastic,Recyclable,0.6605946672724347,0.31556539951694484,0.8512776386330422,0.2102102574514426,0.008354658749824457,0.6130419521622973
plastic/plastic_0408.jpg,plastic,Recyclable,0.6064853559884344,0.5459253376449038,0.7941181357232128,0.24513575553951852,0.02928527486471586,0.6954395631619393
plastic/plastic_0409.jpg,plastic,Recyclable,0.6440980565406824,0.32156280244908014,0.8012016403882418,0.18591853744652936,0.018981154418731938,0.6319059769855392
plastic/plastic_0410.jpg,plastic,Recyclable,0.5462600436877839,0.37002571118894684,0.7107626124075543,0.12433374839710584,0.01737639691470319,0.6155199115333649
plastic/plastic_0411.jpg,plastic,Recyclable,0.49592498681569386,0.582254846283166,0.7484337087922814,0.3350100449283282,0.05247687488538515,0.4939279626568496
plastic/plastic_0412.jpg,plastic,Recyclable,0.5573905167199176,0.41003035091640094,0.6252917633169641,0.16332152481589515,0.03549872214216949,0.8115359402169011
plastic/plastic_0413.jpg,plastic,Recyclable,0.6222142514159399,0.48236324725129776,0.7987200571021348,0.35095977487888685,0.06296478403915282,0.6030525856380651
plastic/plastic_0414.jpg,plastic,Recyclable,0.3900010751751768,0.24018125367287985,0.8793128595295882,0.2471764875535368,0.02366483820917437,0.506747920563463
plastic/plastic_0415.jpg,plastic,Recyclable,0.48974488697692276,0.42045191860992176,0.8124703030018443,0.22608447766517445,0.0,0.5872346405917982
plastic/plastic_0416.jpg,plastic,Recyclable,0.6466658628757787,0.47447846196035,0.8367294084173331,0.19606757134736022,0.0,0.6081516554492403
plastic/plastic_0417.jpg,plastic,Recyclable,0.4806743556459603,0.48490122686280795,0.9971434228209106,0.29170996105709535,0.07471920318766977,0.6955015756271559
plastic/plastic_0418.jpg,plastic,Recyclable,0.4996091009941828,0.48479160781208835,0.9068383159686625,0.35977375577927434,0.008493252639138417,0.670254695655944
plastic/plastic_0419.jpg,plastic,Recyclable,0.4356586496263084,0.532466862469143,0.8932012819433537,0.25238796724696094,0.006652318912797437,0.678810476102205
plastic/plastic_0420.jpg,plastic,Recyclable,0.5833967225090533,0.458114383184962,0.8107229074601572,0.23957110897183775,0.03991909856452812,0.7088981956132102
plastic/plastic_0421.jpg,plastic,Recyclable,0.4713517482284681,0.3489409396841405,0.7847375349784064,0.29421022744631076,0.02296114827781629,0.5985479671901877
plastic/plastic_0422.jpg,plastic,Recyclable,0.5709214877380665,0.4169189480477728,0.852829187613448,0.26998350610402283,0.013694436250957124,0.6685215017637169
plastic/plastic_0423.jpg,plastic,Recyclable,0.6552038447619362,0.39303699234536227,0.8241594188988297,0.24577237957204026,0.028539673677241993,0.5976348046723416
plastic/plastic_0424.jpg,plastic,Recyclable,0.5588268346527501,0.5607823282416801,0.7437795811252336,0.17023569380049508,0.0,0.5563469975839849
plastic/plastic_0425.jpg,plastic,Recyclable,0.5976258630314132,0.30941403141345347,0.7821262793153883,0.28709735819864246,0.02833318121097187,0.6191552816030013
plastic/plastic_0426.jpg,plastic,Recyclable,0.5652738985404085,0.46071453297375686,0.7865455426671089,0.23734991688072518,0.06470854869513921,0.7147448723145041
plastic/plastic_0427.jpg,plastic,Recyclable,0.7484520734009714,0.40030368670794986,0.7949020041867112,0.17007245408340116,0.0038086639582085545,0.8021530518930001
plastic/plastic_0428.jpg,plastic,Recyclable,0.5082372568126595,0.6419281300144459,0.7253982643592066,0.18679185795560338,0.013175375579531579,0.6449000062656658
plastic/plastic_0429.jpg,plastic,Recyclable,0.6238469833960104,0.4950770417186266,0.7750210845593584,0.24200105160891364,0.013618741604305998,0.5768277011739417
plastic/plastic_0430.jpg,plastic,Recyclable,0.4789629650718703,0.5527883891433409,0.6903101043243717,0.3470415218467033,0.013140115487955361,0.5881993114886273
plastic/plastic_0431.jpg,plastic,Recyclable,0.6091807432557815,0.5985216584147117,0.8670579464962375,0.28011112296159346,0.04173726979443672,0.5126801938284907
plastic/plastic_0432.jpg,plastic,Recyclable,0.5082535566809482,0.35888299399751555,0.8734783238729106,0.2269913188645668,0.036908131135641106,0.6928685553990911
plastic/plastic_0433.jpg,plastic,Recyclable,0.4810154451069055,0.3913041790023716,0.8776290614488836,0.2034710410789352,0.02249735220390958,0.5873966970938844
plastic/plastic_0434.jpg,plastic,Recyclable,0.5248838250467311,0.44538380560300284,0.7530280093821505,0.1923731827609671,0.025725466735548846,0.582421007296706
plastic/plastic_0435.jpg,plastic,Recyclable,0.48514739554410624,0.35609468562980295,0.7953255172201209,0.3066220980639905,0.05013057272624534,0.5919265531204977
plastic/plastic_0436.jpg,plastic,Recyclable,0.722024863466497,0.3495295139293204,0.8650129113996722,0.20669821275907346,0.002581534602599793,0.5904195074572489
plastic/plastic_0437.jpg,plastic,Recyclable,0.5458041840280705,0.5079972171033611,0.8401920822742893,0.1933608990791267,0.00020681424977462767,0.5766689045309162
plastic/plastic_0438.jpg,plastic,Recyclable,0.5410916478091592,0.42898443958091254,0.7429894722758124,0.2661762216437946,0.06525137616670637,0.6096227630531879
plastic/plastic_0439.jpg,plastic,Recyclable,0.5153190543037174,0.5059661570324369,0.7664710224957924,0.29013786890309096,0.0056291458644191945,0.7965695686061841
plastic/plastic_0440.jpg,plastic,Recyclable,0.5775819978073836,0.38799770509232884,0.7646784980318436,0.21917201483751791,0.04745499332497747,0.5484999193918974
plastic/plastic_0441.jpg,plastic,Recyclable,0.49656466636323965,0.3938339443074574,0.7990587219945837,0.23373341844119233,0.0,0.6180141853123626
plastic/plastic_0442.jpg,plastic,Recyclable,0.5420359453452026,0.3871902164920217,0.8412065293428599,0.3051645057252188,0.018432266005412142,0.6684433269480584
plastic/plastic_0443.jpg,plastic,Recyclable,0.3771155202120584,0.40788972278381685,0.8602893015054748,0.22459380500924334,0.005254766472160782,0.8322151140824745
plastic/plastic_0444.jpg,plastic,Recyclable,0.6955261752156645,0.4967574912482157,0.868334636688803,0.11644387492251534,0.004248971187425871,0.6124033701461479
plastic/plastic_0445.jpg,plastic,Recyclable,0.5311215920906444,0.40100559790260376,0.6469984225090193,0.2731614771225136,0.030873082565612137,0.7781519033271985
plastic/plastic_0446.jpg,plastic,Recyclable,0.486935258818003,0.3629836842220098,0.6392009308421319,0.23238598980454683,0.03802223562124343,0.6010585710245825
plastic/plastic_0447.jpg,plastic,Recyclable,0.7214755854834919,0.42434051642104764,0.8088195370573134,0.16821381516510436,0.02574440690350559,0.4916544164117844
plastic/plastic_0448.jpg,plastic,Recyclable,0.6054958364010516,0.5224428176235413,0.8815574854601906,0.18880187687393868,0.023211242365948386,0.6951053247509204
plastic/plastic_0449.jpg,plastic,Recyclable,0.5853825310664248,0.36347007248651486,0.6564810866266316,0.27081761781306884,0.016950006433801613,0.6046663525630848
plastic/plastic_0450.jpg,plastic,Recyclable,0.6111156290972374,0.4455080461845567,0.720848296833932,0.13411286265422673,0.0,0.841440983581343
plastic/plastic_0451.jpg,plastic,Recyclable,0.6078221419146219,0.4688612341975012,0.7891003443688518,0.23515642360315386,0.0433439196671819,0.6107523406477255
plastic/plastic_0452.jpg,plastic,Recyclable,0.5961536328547434,0.41515720497084063,0.9164093979101038,0.2945373104546982,0.04491113629367251,0.603247218024941
plastic/plastic_0453.jpg,plastic,Recyclable,0.6346508890053938,0.41874225746053095,0.806602089435971,0.3481028602371675,0.0,0.666259818504432
plastic/plastic_0454.jpg,plastic,Recyclable,0.5850404206814982,0.502000438080081,0.7729529304143922,0.37517584604848486,0.0,0.7667108310905976
plastic/plastic_0455.jpg,plastic,Recyclable,0.6472052484473312,0.6400888789603685,0.7047063740775308,0.1978701107266174,0.049838861183232816,0.4998368676295753
plastic/plastic_0456.jpg,plastic,Recyclable,0.4214832879167669,0.4011692213288508,0.8115196273173361,0.3455335044189265,0.016294681701392838,0.6013408681548369
plastic/plastic_0457.jpg,plastic,Recyclable,0.5749111950157142,0.4969596483294401,0.8264743893302163,0.2393208275229193,0.0,0.5765907208714934
plastic/plastic_0458.jpg,plastic,Recyclable,0.663621686821397,0.46870689379766,0.7806486728535766,0.3170901129024385,0.0,0.6319721493029594
plastic/plastic_0459.jpg,plastic,Recyclable,0.5610206724139231,0.4058622496705371,0.806045769374096,0.2387383641146941,0.0,0.6645182305503246
plastic/plastic_0460.jpg,plastic,Recyclable,0.44373185667897064,0.46656151250967226,0.8824481494490066,0.23313860816343673,0.0,0.6398409749436016
plastic/plastic_0461.jpg,plastic,Recyclable,0.4834423113537175,0.509450900263147,0.7911206751486288,0.3525857950998744,0.043259791913546765,0.6377535596414878
plastic/plastic_0462.jpg,plastic,Recyclable,0.6072487254378474,0.41067635908371547,0.8020374131099102,0.22831394821898127,0.03532911919699418,0.7646390621367662
plastic/plastic_0463.jpg,plastic,Recyclable,0.6138918565752916,0.5421936601285355,0.8553820062341438,0.2830753553400826,0.0,0.78607772155332
plastic/plastic_0464.jpg,plastic,Recyclable,0.694352866135874,0.4266120396686632,0.7777581250870291,0.2867446991749225,0.0310162567036701,0.6338443144997585
plastic/plastic_0465.jpg,plastic,Recyclable,0.4499979475529917,0.4805701190749777,0.8330861922905327,0.29354926888232785,0.02698585544708415,0.6283107881310472
plastic/plastic_0466.jpg,plastic,Recyclable,0.6295201631605023,0.45658484975659186,0.7721046191381168,0.23916079707725674,0.0,0.6354206540657169
plastic/plastic_0467.jpg,plastic,Recyclable,0.6050749215899736,0.483978302213923,0.8912398503788712,0.23422150515905774,0.029746263261066323,0.7134192141044617
plastic/plastic_0468.jpg,plastic,Recyclable,0.7374285606629927,0.46447654911176406,0.7373487692681586,0.3008757252013169,0.05731454711936913,0.6241961031818704
plastic/plastic_0469.jpg,plastic,Recyclable,0.6172865230885133,0.572872805522892,0.8610239326382092,0.2575335113484147,0.006030524835737077,0.6434976361589132
plastic/plastic_0470.jpg,plastic,Recyclable,0.5866880363102105,0.5408222524091729,0.8200367028799423,0.22720552200756539,0.031107593122995374,0.7188068054194257
plastic/plastic_0471.jpg,plastic,Recyclable,0.5803688045131585,0.3663812885461675,0.7891156379169686,0.306869246584748,0.0,0.48254575820870726
plastic/plastic_0472.jpg,plastic,Recyclable,0.6706466280115218,0.5011415255021879,0.8364038001512064,0.18539098158237666,0.03475056126933076,0.6720198950054692
plastic/plastic_0473.jpg,plastic,Recyclable,0.42325379377212824,0.5924283414273858,0.8095209994171237,0.22623496203524388,0.012440205080295648,0.4887822475654099
plastic/plastic_0474.jpg,plastic,Recyclable,0.5974669279705092,0.47618572072457255,0.7883551920600144,0.3267091124471003,0.0,0.6022582018905908
plastic/plastic_0475.jpg,plastic,Recyclable,0.4819993396191692,0.4221205020228447,0.8040482015154334,0.2758008114286813,0.013060530937897654,0.5798115411876086
plastic/plastic_0476.jpg,plastic,Recyclable,0.6848805559816356,0.6911640191788568,0.8085972003129216,0.204593177978748,0.049509082620845885,0.5342594314937228
plastic/plastic_0477.jpg,plastic,Recyclable,0.5232181340236138,0.38038829486536985,0.7304278669729707,0.23319854602469384,0.0027165584165207007,0.6510123571318924
plastic/plastic_0478.jpg,plastic,Recyclable,0.5521741734137972,0.38786682764780206,0.7777691986043679,0.23614906192577736,0.036196921222388545,0.6381256479148651
plastic/plastic_0479.jpg,plastic,Recyclable,0.6159761392628879,0.5085812983554656,0.8342918418140446,0.3332707582207584,0.0,0.6121453514954309
plastic/plastic_0480.jpg,plastic,Recyclable,0.6910639040239656,0.42426834994107326,0.631092578605649,0.23782189941112689,0.022698790603264997,0.44063095060550317
plastic/plastic_0481.jpg,plastic,Recyclable,0.6567148511910359,0.3786287536134398,0.819713786911251,0.23644110727935627,0.0,0.5643593492291664
plastic/plastic_0482.jpg,plastic,Recyclable,0.4751933730857963,0.5585671909183638,0.791147708713991,0.2186880690068952,0.0013078217481953744,0.7456920177220902
trash/trash_0001.jpg,trash,Non-Recyclable,0.5257041527028304,0.17108463392240086,0.4590924806985,0.5347796050244854,0.6284062182024098,0.22541808732889423
trash/trash_0002.jpg,trash,Non-Recyclable,0.2679367755984276,0.0,0.5268452102998439,0.41650040643292696,0.8695941907435307,0.33817464007600123
trash/trash_0003.jpg,trash,Non-Recyclable,0.4168061571960102,0.13677304430579101,0.32616233415115514,0.7229420181548798,0.7543125430953049,0.28019316851187037
trash/trash_0004.jpg,trash,Non-Recyclable,0.2721108399720033,0.044130084353382414,0.4572755210571308,0.5261016195126542,0.6710647634097423,0.1061573281224596
trash/trash_0005.jpg,trash,Non-Recyclable,0.19760922952069432,0.17176802302546643,0.3264095422419914,0.4593309745188999,0.8950340258759062,0.13778494385135853
trash/trash_0006.jpg,trash,Non-Recyclable,0.26276062091395314,0.05387399028635842,0.5941682177399248,0.7392060200698897,0.8251563225402171,0.328338472415424
trash/trash_0007.jpg,trash,Non-Recyclable,0.28035739965767226,0.21683970921425696,0.43212355052303947,0.6023732317339687,0.7394475061229046,0.22319674126723893
trash/trash_0008.jpg,trash,Non-Recyclable,0.5495650711515341,0.13238342078429843,0.5741650553284459,0.5306393806094053,0.6651633463576909,0.19166570671215122
trash/trash_0009.jpg,trash,Non-Recyclable,0.36235582909575326,0.0624099870374004,0.2671046309646772,0.644170043814443,0.6955129929176488,0.26381927477913203
trash/trash_0010.jpg,trash,Non-Recyclable,0.3855360307862725,0.06471081248076588,0.5740959359570488,0.3659429886554465,0.7761625263580771,0.27461177063765835
trash/trash_0011.jpg,trash,Non-Recyclable,0.34348944765630224,0.02218524320368105,0.5044981062236157,0.5892212804401515,0.6824431471408784,0.3207487207205362
trash/trash_0012.jpg,trash,Non-Recyclable,0.39498892235609306,0.023163271278333508,0.2975285302514371,0.6365937733867495,0.7809416185142051,0.1935697054189374
trash/trash_0013.jpg,trash,Non-Recyclable,0.24698289305928295,0.06907637211307475,0.34666245641467547,0.3984844360844898,0.5758235887616697,0.36400132864007856
trash/trash_0014.jpg,trash,Non-Recyclable,0.4664760407133732,0.023604672891588435,0.41635735546764013,0.391731415674228,0.7238432776773465,0.21552334201263434
trash/trash_0015.jpg,trash,Non-Recyclable,0.2986598941138553,0.22017682504457717,0.34716091783885716,0.403008340991969,0.6737418570502952,0.3543776956401755
trash/trash_0016.jpg,trash,Non-Recyclable,0.1517477201968478,0.0542426250138688,0.5736187408133842,0.5292783425597176,0.7691922005036114,0.4632146460143701
trash/trash_0017.jpg,trash,Non-Recyclable,0.37956175435381984,0.05750883031842506,0.3661507531748382,0.36374812291633174,0.8755937040015697,0.30745617175367157
trash/trash_0018.jpg,trash,Non-Recyclable,0.48492969799650665,0.17277903571296224,0.35029470628869613,0.3866296577589332,0.7448286888691954,0.16272389292114617
trash/trash_0019.jpg,trash,Non-Recyclable,0.36979482504908295,0.16792581285008135,0.37982324247409993,0.5179994107889287,0.7406154383776633,0.3302727572437698
trash/trash_0020.jpg,trash,Non-Recyclable,0.26986611268540517,0.0,0.4565042631250457,0.6185401305569592,0.7946374244758536,0.18597695045319862
trash/trash_0021.jpg,trash,Non-Recyclable,0.21379854821767172,0.1296698519068193,0.41697747435216087,0.4849048846810004,0.9322463342993791,0.15531999058186682
trash/trash_0022.jpg,trash,Non-Recyclable,0.5630044425352958,0.10190703429223841,0.17973154277549505,0.4784956814817031,0.8459496076599441,0.21349449671950294
trash/trash_0023.jpg,trash,Non-Recyclable,0.1730265750513926,0.09012912809222981,0.29713931513299535,0.5590177281305555,0.8273399816067611,0.1443729592251894
trash/trash_0024.jpg,trash,Non-Recyclable,0.265303513386122,0.14539854790641626,0.2969386866041249,0.3701410237006406,0.6321308868203745,0.28520386129581204
trash/trash_0025.jpg,trash,Non-Recyclable,0.3870989263420957,0.05895723817725751,0.4006102475353881,0.6832558860986157,0.6525939843081778,0.05482573909895505
trash/trash_0026.jpg,trash,Non-Recyclable,0.40460906908644445,0.0933759301659047,0.3147969895821879,0.578249628482589,0.833922514466879,0.029172198011990724
trash/trash_0027.jpg,trash,Non-Recyclable,0.2716882508802214,0.2390509738718113,0.4700085898957829,0.5811324365956579,0.8672894278631479,0.2517068825199726
trash/trash_0028.jpg,trash,Non-Recyclable,0.44560209921099436,0.14308372263023217,0.46468497961033106,0.4613585635259114,0.7672058922366258,0.19116384356932217
trash/trash_0029.jpg,trash,Non-Recyclable,0.3515377165479794,0.02989054647404399,0.30512512104724576,0.46612255496900845,0.6556294568569924,0.19949827292548236
trash/trash_0030.jpg,trash,Non-Recyclable,0.3303288827893381,0.12413574067986265,0.5139108762223491,0.44434587543462706,0.8835104617268624,0.3438611078625493
trash/trash_0031.jpg,trash,Non-Recyclable,0.410491259833273,0.10921894775779714,0.43829450102422496,0.6424461380799658,0.8723579659759274,0.38349467283836436
trash/trash_0032.jpg,trash,Non-Recyclable,0.35495921982524037,0.1332980298999168,0.5612255807946462,0.4251540758100329,0.7181583146281696,0.25160366630134784
trash/trash_0033.jpg,trash,Non-Recyclable,0.45795184855752874,0.15491032904311736,0.3722963066562478,0.3189668654744348,0.7746183944295967,0.15816838626715987
trash/trash_0034.jpg,trash,Non-Recyclable,0.1712076554431733,0.024167706355977023,0.4391657209414673,0.6633244833119368,0.7538894516236244,0.27113806546459646
trash/trash_0035.jpg,trash,Non-Recyclable,0.49194739266535104,0.0073327054549867515,0.4624211705920326,0.49860922588174145,0.8066057458832068,0.20165160915961838
trash/trash_0036.jpg,trash,Non-Recyclable,0.25184752514882214,0.10843053425713634,0.5979029588001354,0.6033092125449755,0.6992307229819908,0.11590279640187201
trash/trash_0037.jpg,trash,Non-Recyclable,0.14815192595626572,0.17896596711102888,0.28539012542370074,0.46093839044060764,0.8821211126077576,0.08860985445210082
trash/trash_0038.jpg,trash,Non-Recyclable,0.5290717411370071,0.08478157276644989,0.26217000217135134,0.47031788874213043,0.6777403218598522,0.29408197989057155
trash/trash_0039.jpg,trash,Non-Recyclable,0.27222410793346663,0.0,0.3735324958709213,0.33721459372561535,0.770431988398832,0.13128696677166757
trash/trash_0040.jpg,trash,Non-Recyclable,0.29143846361934966,0.11095526825286017,0.3745049529958877,0.5300516339601253,0.8180287165717757,0.1342066300268694
trash/trash_0041.jpg,trash,Non-Recyclable,0.34227229512503504,0.0,0.4296799962019029,0.46390230435501895,0.6516550236522028,0.2815719422296524
trash/trash_0042.jpg,trash,Non-Recyclable,0.4907237092622081,0.07143893514406342,0.2866222611709936,0.5198030314926454,0.6164393333353639,0.18396186294644606
trash/trash_0043.jpg,trash,Non-Recyclable,0.4966882593980603,0.10373075378873726,0.17446396432646008,0.2843610023264719,0.7662085692646775,0.33623905759176875
trash/trash_0044.jpg,trash,Non-Recyclable,0.15588542496486196,0.1269827564497905,0.5596412208987662,0.7265430785550366,0.7831222759859876,0.30068025945524746
trash/trash_0045.jpg,trash,Non-Recyclable,0.0940178686846227,0.22598515287975934,0.3309411744284655,0.38798346098899505,0.7244793865560375,0.40116734141854316
trash/trash_0046.jpg,trash,Non-Recyclable,0.6149655257052258,0.10752452076855067,0.5197701007124387,0.5051844858422605,0.6462204526981816,0.3976743670788291
trash/trash_0047.jpg,trash,Non-Recyclable,0.2753447023572333,0.19213184640231296,0.5558249595722901,0.573684351674865,0.9328974756254353,0.4732346033185738
trash/trash_0048.jpg,trash,Non-Recyclable,0.3289707964442826,0.05147235289501413,0.17628761952922334,0.7693618706516308,0.7060317991081551,0.36350368571017394
trash/trash_0049.jpg,trash,Non-Recyclable,0.261049355898862,0.1922959384547221,0.3159858889821504,0.3569937039659188,0.729149356904625,0.19682242990383628
trash/trash_0050.jpg,trash,Non-Recyclable,0.42155597425534547,0.09691630436844859,0.4753242873462306,0.46507742322976475,0.6834892628981195,0.19164394521039266
trash/trash_0051.jpg,trash,Non-Recyclable,0.5953926557637231,0.11351025593361616,0.16194853486563468,0.43757491838551027,0.7596866032475875,0.4345399681250379
trash/trash_0052.jpg,trash,Non-Recyclable,0.4734438459067879,0.044696929811085105,0.6902026904286942,0.4962607562238227,0.8746329811074944,0.13449915026000975
trash/trash_0053.jpg,trash,Non-Recyclable,0.062220428569892294,0.01549411057789836,0.009959982856515337,0.753450719270349,0.7714532918886416,0.15753559815519685
trash/trash_0054.jpg,trash,Non-Recyclable,0.40431488359761447,0.11136004217080996,0.47451200747367894,0.6451437681363522,0.7210078846974984,0.16201606938990132
trash/trash_0055.jpg,trash,Non-Recyclable,0.4493330257246301,0.14813996667306795,0.4120882969745614,0.7613065026416928,0.7062177877138348,0.16001420283647316
trash/trash_0056.jpg,trash,Non-Recyclable,0.40017097130079216,0.05950372858519011,0.4594619828973875,0.4000390092992672,0.7099757717068115,0.43908404200391654
trash/trash_0057.jpg,trash,Non-Recyclable,0.3013295171902785,0.05206890735896223,0.54048145464478,0.3738749659655968,0.6807056769852932,0.3076561120508995
trash/trash_0058.jpg,trash,Non-Recyclable,0.462609370864795,0.17322858346486447,0.31033338013354184,0.5715210407583344,0.703389180045582,0.18943443664893678
trash/trash_0059.jpg,trash,Non-Recyclable,0.4943855338750742,0.06702673624842484,0.4333845515225176,0.5186695363076766,0.6429245623661497,0.3466092855356321
trash/trash_0060.jpg,trash,Non-Recyclable,0.4172337072414744,0.0,0.4332905333484812,0.40724318790000547,0.8597075306412628,0.10546001632192417
trash/trash_0061.jpg,trash,Non-Recyclable,0.3072227637644547,0.12172147305930794,0.40652083529702504,0.5915549908056765,0.598157801399071,0.41519143368673783
trash/trash_0062.jpg,trash,Non-Recyclable,0.4130173590545926,0.18158309278005375,0.504908820307989,0.4986067862653948,0.621580178908884,0.1936446818751299
trash/trash_0063.jpg,trash,Non-Recyclable,0.5407475999435092,0.18312626689938294,0.3256480023875572,0.16180348565573854,0.7287310265694881,0.22122971118708834
trash/trash_0064.jpg,trash,Non-Recyclable,0.320027286555154,0.13171235210988408,0.5051455095185996,0.6188359456519429,0.7945709140135367,0.0699229298077364
trash/trash_0065.jpg,trash,Non-Recyclable,0.3090560320768045,0.2382453870129514,0.44490600817629744,0.5441383482132638,0.7859485939773858,0.29153796225059897
trash/trash_0066.jpg,trash,Non-Recyclable,0.06402653826968918,0.0856285409853359,0.39545286018463727,0.6537794479104095,0.7547672894622296,0.08534886133980588
trash/trash_0067.jpg,trash,Non-Recyclable,0.40161069874061023,0.05177052110543529,0.25398572307022993,0.3999009143940103,0.8042504229664516,0.3758761239760069
trash/trash_0068.jpg,trash,Non-Recyclable,0.4079515934213104,0.13792139341702128,0.45676543274056014,0.5121592612232562,0.8196930634962758,0.00812245329305794
trash/trash_0069.jpg,trash,Non-Recyclable,0.36333060215658,0.03730449792266491,0.5395483087052968,0.48234136337397676,0.753094808826783,0.09949281257461964
trash/trash_0070.jpg,trash,Non-Recyclable,0.47201970668154214,0.13763968721642855,0.4668337458808604,0.4024372577397413,0.672636015506187,0.2723599454445905
trash/trash_0071.jpg,trash,Non-Recyclable,0.26666019077023384,0.1260935777606403,0.1406904876679934,0.4414946532312089,0.9296753465426492,0.2939485827995765
trash/trash_0072.jpg,trash,Non-Recyclable,0.3700152397437191,0.21911359214028142,0.11968556574382772,0.4021626662254271,0.7098826828252611,0.335835123300539
trash/trash_0073.jpg,trash,Non-Recyclable,0.45507876358738836,0.048039597461042444,0.519754518657106,0.4516022279213951,0.8711639625649167,0.14673573018779423
trash/trash_0074.jpg,trash,Non-Recyclable,0.3352026081120607,0.0705899610774064,0.5267236445878857,0.4372662540120595,0.7457551470988244,0.30068113976630495
trash/trash_0075.jpg,trash,Non-Recyclable,0.4154310179631343,0.1532171564483903,0.42533497322136005,0.44981013016642024,0.7150301254641249,0.2525672315207612
trash/trash_0076.jpg,trash,Non-Recyclable,0.379951097128926,0.09116970112909382,0.4023044105158657,0.3179295367313474,0.8167355284454678,0.268111228888943
trash/trash_0077.jpg,trash,Non-Recyclable,0.4702244496249306,0.1000096304444251,0.1913922905773857,0.45698645728319903,0.7300070076881583,0.3242903305433599
trash/trash_0078.jpg,trash,Non-Recyclable,0.10156717465839257,0.1024707710169361,0.46164102589519673,0.4206214537662176,0.7574628009816847,0.18729634908501552
trash/trash_0079.jpg,trash,Non-Recyclable,0.26245124801355313,0.07549480899212098,0.31471696090395873,0.58203419743236,0.6765048123164622,0.15970899929520727
trash/trash_0080.jpg,trash,Non-Recyclable,0.562151440020744,0.15764440070944213,0.176618396720896,0.40822780521769597,0.7742462971722711,0.2823755067231493
trash/trash_0081.jpg,trash,Non-Recyclable,0.17114085611157276,0.1695139295693393,0.4990269303017951,0.5578281958448407,0.8856728490712121,0.2952289992570918
trash/trash_0082.jpg,trash,Non-Recyclable,0.4038297055102216,0.19346075630933454,0.5321463496873251,0.39901910493061626,0.8133195178671915,0.1835732135041418
trash/trash_0083.jpg,trash,Non-Recyclable,0.41049854611403336,0.12859681042118887,0.23398392250528172,0.4853785266426758,0.7765257023580402,0.2063709809005843
trash/trash_0084.jpg,trash,Non-Recyclable,0.38776519308689117,0.14835386662006414,0.39632883229230936,0.5269519372049911,0.8883424078555975,0.2973196583225226
trash/trash_0085.jpg,trash,Non-Recyclable,0.3740989147609368,0.042515237221518364,0.48052312136666187,0.5396179939270326,0.8783739433701409,0.25468785433033114
trash/trash_0086.jpg,trash,Non-Recyclable,0.1320480199839205,0.0,0.488281691651168,0.4315767682762216,0.7936767751110497,0.2614232644502356
trash/trash_0087.jpg,trash,Non-Recyclable,0.3299792398767295,0.0942183228647066,0.2961532593945728,0.4981066773320395,0.6915506567205602,0.2127743479874295
trash/trash_0088.jpg,trash,Non-Recyclable,0.3111621146349006,0.08639840380607686,0.5106608147808503,0.4844251004954368,0.8523702336590099,0.40378549513264816
trash/trash_0089.jpg,trash,Non-Recyclable,0.4525933581267379,0.13206811210411068,0.43921986513802247,0.6038430450860084,0.7589360738596239,0.34845698459571983
trash/trash_0090.jpg,trash,Non-Recyclable,0.42369269663476206,0.07840957235317673,0.5075021056123368,0.5109776007173082,0.7393867992387684,0.20238008396010126
trash/trash_0091.jpg,trash,Non-Recyclable,0.36992226174494863,0.159787756924779,0.5066728006711645,0.5424072556950748,0.8099643640725035,0.3771696791522558
trash/trash_0092.jpg,trash,Non-Recyclable,0.33200404505949666,0.03307479978818764,0.5561355822614287,0.4364266097563138,0.6809661876656096,0.07038022446654485
trash/trash_0093.jpg,trash,Non-Recyclable,0.41855396637971554,0.002712842526866724,0.30996894307699163,0.570588415341807,0.8221921252408372,0.18482958517817663
trash/trash_0094.jpg,trash,Non-Recyclable,0.33390160076091135,0.04764432841563082,0.3341923854626581,0.5319458312183488,0.6998353321203542,0.22557849598243307
trash/trash_0095.jpg,trash,Non-Recyclable,0.17423519820589195,0.16797736988836826,0.4612079911805279,0.5951486446204642,0.8790425324616862,0.16747871244542833
trash/trash_0096.jpg,trash,Non-Recyclable,0.3069926620366371,0.0,0.7768507492122685,0.48204976216191486,0.8538727899914912,0.1261838855664541
trash/trash_0097.jpg,trash,Non-Recyclable,0.46956661107716113,0.21145545259897994,0.39276631011664226,0.37869422040924783,0.7361203599054464,0.027323847504277354
trash/trash_0098.jpg,trash,Non-Recyclable,0.34545359587737895,0.14925802835877974,0.3957090826751783,0.4659032534373239,0.8027568116112033,0.31040248469495524
trash/trash_0099.jpg,trash,Non-Recyclable,0.15081133249937806,0.10532937773672732,0.6923182149075092,0.3397980505222371,0.7414581167166934,0.4441746122051703
trash/trash_0100.jpg,trash,Non-Recyclable,0.48250101878524104,0.06919619915343632,0.42473624555471245,0.4997465984018212,0.6751928195678333,0.24257478925069176
trash/trash_0101.jpg,trash,Non-Recyclable,0.3164040640632165,0.10676493628460498,0.31019401831707605,0.34680581597064064,0.745871922660763,0.42151182181787805
trash/trash_0102.jpg,trash,Non-Recyclable,0.35986435115153553,0.08010437326410728,0.49049029660461985,0.4810016464885546,0.936803292495911,0.24960874907049216
trash/trash_0103.jpg,trash,Non-Recyclable,0.4340596475789796,0.05472373705640363,0.4603707104003995,0.5330112172332505,0.7443493875340792,0.19982422388302798
trash/trash_0104.jpg,trash,Non-Recyclable,0.27343638012171506,0.11694115983877916,0.4754726931635769,0.48474046444470426,0.7787267929120792,0.24620853218672303
trash/trash_0105.jpg,trash,Non-Recyclable,0.3618231229886465,0.0879733010393665,0.402156709524197,0.8237648548180911,0.7811634298807425,0.3145296958431043
trash/trash_0106.jpg,trash,Non-Recyclable,0.4025628326393716,0.08423099060217644,0.5552787055950001,0.46506034754883907,0.8555054548942551,0.2165793001933551
trash/trash_0107.jpg,trash,Non-Recyclable,0.23480329770271507,0.12192377249417158,0.26743979726774725,0.5642768270019931,0.6305841343908684,0.21809919695271468
trash/trash_0108.jpg,trash,Non-Recyclable,0.178192436417031,0.2694500205641638,0.2015248528460423,0.5011776488475685,0.8643304274330014,0.35363859085870253
trash/trash_0109.jpg,trash,Non-Recyclable,0.45216105466077644,0.08096629670671147,0.5621306735604402,0.609606930896262,0.7712299617660476,0.2740580757726592
trash/trash_0110.jpg,trash,Non-Recyclable,0.3135292822861553,0.0454208784500177,0.548458117057446,0.6574649592321838,0.6615890858970078,0.2346214834853808
trash/trash_0111.jpg,trash,Non-Recyclable,0.3327892140249285,0.09804064577558141,0.40771538543050984,0.6136233753975415,0.6752782691513256,0.16536530084873402
trash/trash_0112.jpg,trash,Non-Recyclable,0.498394369057157,0.07224131548712212,0.2484357575707521,0.4417844069480156,0.7169947264755999,0.4054962727725765
trash/trash_0113.jpg,trash,Non-Recyclable,0.46097914548520846,0.16885123699793453,0.49839683708161436,0.6135492405938376,0.6811917873419682,0.23013978446465155
trash/trash_0114.jpg,trash,Non-Recyclable,0.23121016243717413,0.087370718167778,0.48209259891216893,0.5161499941774697,0.8811480818960296,0.13585842077727805
trash/trash_0115.jpg,trash,Non-Recyclable,0.4100286020837888,0.025101831887840917,0.41130117630083707,0.5888400107067775,0.728549743317578,0.3051126604086956
trash/trash_0116.jpg,trash,Non-Recyclable,0.2348321198200479,0.00017860130821703568,0.4668435546985364,0.7092812280890879,0.6503955059830108,0.37221941801067954
trash/trash_0117.jpg,trash,Non-Recyclable,0.3552108090579693,0.019858508698415447,0.26421936383774053,0.501894172803278,0.7095537712075897,0.1187087023241761
trash/trash_0118.jpg,trash,Non-Recyclable,0.14671528625295138,0.049196840324409644,0.4232570809997342,0.49923190968762343,0.6998762042499922,0.2701887194291483
trash/trash_0119.jpg,trash,Non-Recyclable,0.47480320638352247,0.12364759062604888,0.38544295943325035,0.6113686407992827,0.6540149697783705,0.22750804604446484
trash/trash_0120.jpg,trash,Non-Recyclable,0.3258694477279558,0.02578280449342929,0.3496151005258771,0.25100483829256365,0.9412178047662954,0.15625862115636868
trash/trash_0121.jpg,trash,Non-Recyclable,0.5403336957705573,0.10228507034316955,0.4677836958587151,0.4413440241978882,0.7707929691961675,0.31504896399884363
trash/trash_0122.jpg,trash,Non-Recyclable,0.42974628972730183,0.14648640340446145,0.35580007479529885,0.4423568393010374,0.5905823674732397,0.3023219011176937
trash/trash_0123.jpg,trash,Non-Recyclable,0.47988544535881306,0.19695890079507578,0.43662071614966097,0.4080224272509717,0.5802903856710544,0.35416667330833507
trash/trash_0124.jpg,trash,Non-Recyclable,0.13444681198669572,0.079563755335374,0.3730831806467625,0.4916653834578777,0.753580260003584,0.2638147556367575
trash/trash_0125.jpg,trash,Non-Recyclable,0.06015640855057641,0.1008793545922076,0.13245093110657474,0.5878661687709194,0.6944874844196388,0.03429632747766495
trash/trash_0126.jpg,trash,Non-Recyclable,0.25229543871375487,0.06579547964892077,0.5428839541066006,0.5235965290100294,0.784444494435058,0.3681221634220601
trash/trash_0127.jpg,trash,Non-Recyclable,0.3384626854490612,0.1452512776619442,0.48206333367183907,0.3456236607716705,0.897298357762983,0.10796982199293054
trash/trash_0128.jpg,trash,Non-Recyclable,0.4600839979373417,0.008975617785662054,0.4721484145782008,0.7234297853780207,0.7287021343449789,0.22436443571468537
trash/trash_0129.jpg,trash,Non-Recyclable,0.4232527999180219,0.08023621264224742,0.6181934444491386,0.5230630699350435,0.7179830491779274,0.1959714472104317
trash/trash_0130.jpg,trash,Non-Recyclable,0.2380461835792375,0.062334700794550627,0.35791919276096845,0.44148331118017037,0.6841824725862896,0.45988412303524395
trash/trash_0131.jpg,trash,Non-Recyclable,0.2263885908212612,0.10879795525877049,0.4711025211713047,0.5756129594700479,0.7441392924217528,0.22592974281526904
trash/trash_0132.jpg,trash,Non-Recyclable,0.40418569894874073,0.11599129899869205,0.3689249398278984,0.3125745713930683,0.7032076277666752,0.13534498362925423
trash/trash_0133.jpg,trash,Non-Recyclable,0.2699408539920408,0.10199339431101757,0.443048337279594,0.7136543301550887,0.6962593621096186,0.32746256352751507
trash/trash_0134.jpg,trash,Non-Recyclable,0.38671520293254036,0.17775986023838738,0.46914744635147515,0.378982228725642,0.5776953970708769,0.2811261699667505
trash/trash_0135.jpg,trash,Non-Recyclable,0.2865858802519531,0.04118117524296417,0.24789067545603072,0.5193170597104586,0.9007707699313365,0.20913276542939582
trash/trash_0136.jpg,trash,Non-Recyclable,0.42083243732903863,0.09386401898694445,0.24527414930759286,0.5881773612212501,0.6405307955972629,0.2521626630593565
trash/trash_0137.jpg,trash,Non-Recyclable,0.3090175501993634,0.1535846460739415,0.27302188090351764,0.5469043889362352,0.6660202592651299,0.19888947876712149
